--
-- Script was generated by Devart dbForge Studio for MySQL, Version 10.0.225.0
-- Product home page: http://www.devart.com/dbforge/mysql/studio
-- Script date 11-10-2024 16:48:20
-- Server version: 10.4.10
--

--
-- Disable foreign keys
--
/*!40014 SET @OLD_FOREIGN_KEY_CHECKS=@@FOREIGN_KEY_CHECKS, FOREIGN_KEY_CHECKS=0 */;

--
-- Set SQL mode
--
/*!40101 SET @OLD_SQL_MODE=@@SQL_MODE, SQL_MODE='NO_AUTO_VALUE_ON_ZERO' */;

--
-- Set character set the client will use to send SQL statements to the server
--
SET NAMES 'utf8';

--
-- Set default database
--
-- USE mega_sign_rental_2024_db;

--
-- Drop table `buyers`
--
DROP TABLE IF EXISTS buyers;

--
-- Drop table `categories`
--
DROP TABLE IF EXISTS categories;

--
-- Drop table `cities`
--
DROP TABLE IF EXISTS cities;

--
-- Drop table `contact_addresses`
--
DROP TABLE IF EXISTS contact_addresses;

--
-- Drop table `countries`
--
DROP TABLE IF EXISTS countries;

--
-- Drop table `currencies`
--
DROP TABLE IF EXISTS currencies;

--
-- Drop table `estimates`
--
DROP TABLE IF EXISTS estimates;

--
-- Drop table `estimate_activities`
--
DROP TABLE IF EXISTS estimate_activities;

--
-- Drop table `estimate_items`
--
DROP TABLE IF EXISTS estimate_items;

--
-- Drop table `features`
--
DROP TABLE IF EXISTS features;

--
-- Drop table `languages`
--
DROP TABLE IF EXISTS languages;

--
-- Drop table `language_terms`
--
DROP TABLE IF EXISTS language_terms;

--
-- Drop table `language_term_groups`
--
DROP TABLE IF EXISTS language_term_groups;

--
-- Drop table `migrations`
--
DROP TABLE IF EXISTS migrations;

--
-- Drop table `packages`
--
DROP TABLE IF EXISTS packages;

--
-- Drop table `package_items`
--
DROP TABLE IF EXISTS package_items;

--
-- Drop table `packing_types`
--
DROP TABLE IF EXISTS packing_types;

--
-- Drop table `parent_categories`
--
DROP TABLE IF EXISTS parent_categories;

--
-- Drop table `password_resets`
--
DROP TABLE IF EXISTS password_resets;

--
-- Drop table `payments`
--
DROP TABLE IF EXISTS payments;

--
-- Drop table `payment_modes`
--
DROP TABLE IF EXISTS payment_modes;

--
-- Drop table `payment_terms`
--
DROP TABLE IF EXISTS payment_terms;

--
-- Drop table `permissions`
--
DROP TABLE IF EXISTS permissions;

--
-- Drop table `permission_groups`
--
DROP TABLE IF EXISTS permission_groups;

--
-- Drop table `permission_role`
--
DROP TABLE IF EXISTS permission_role;

--
-- Drop table `personal_access_tokens`
--
DROP TABLE IF EXISTS personal_access_tokens;

--
-- Drop table `products`
--
DROP TABLE IF EXISTS products;

--
-- Drop table `product_batches`
--
DROP TABLE IF EXISTS product_batches;

--
-- Drop table `product_features`
--
DROP TABLE IF EXISTS product_features;

--
-- Drop table `product_inventories`
--
DROP TABLE IF EXISTS product_inventories;

--
-- Drop table `product_prices`
--
DROP TABLE IF EXISTS product_prices;

--
-- Drop table `product_stocks`
--
DROP TABLE IF EXISTS product_stocks;

--
-- Drop table `purchase_invoices`
--
DROP TABLE IF EXISTS purchase_invoices;

--
-- Drop table `purchase_invoice_items`
--
DROP TABLE IF EXISTS purchase_invoice_items;

--
-- Drop table `purchase_orders`
--
DROP TABLE IF EXISTS purchase_orders;

--
-- Drop table `purchase_order_items`
--
DROP TABLE IF EXISTS purchase_order_items;

--
-- Drop table `purchase_receives`
--
DROP TABLE IF EXISTS purchase_receives;

--
-- Drop table `purchase_receive_items`
--
DROP TABLE IF EXISTS purchase_receive_items;

--
-- Drop table `roles`
--
DROP TABLE IF EXISTS roles;

--
-- Drop table `role_user`
--
DROP TABLE IF EXISTS role_user;

--
-- Drop table `sales_invoices`
--
DROP TABLE IF EXISTS sales_invoices;

--
-- Drop table `sales_invoice_activities`
--
DROP TABLE IF EXISTS sales_invoice_activities;

--
-- Drop table `sales_invoice_items`
--
DROP TABLE IF EXISTS sales_invoice_items;

--
-- Drop table `sales_orders`
--
DROP TABLE IF EXISTS sales_orders;

--
-- Drop table `sales_order_activities`
--
DROP TABLE IF EXISTS sales_order_activities;

--
-- Drop table `sales_order_items`
--
DROP TABLE IF EXISTS sales_order_items;

--
-- Drop table `shelves`
--
DROP TABLE IF EXISTS shelves;

--
-- Drop table `shipments`
--
DROP TABLE IF EXISTS shipments;

--
-- Drop table `shipment_modes`
--
DROP TABLE IF EXISTS shipment_modes;

--
-- Drop table `states`
--
DROP TABLE IF EXISTS states;

--
-- Drop table `suppliers`
--
DROP TABLE IF EXISTS suppliers;

--
-- Drop table `translations`
--
DROP TABLE IF EXISTS translations;

--
-- Drop table `units`
--
DROP TABLE IF EXISTS units;

--
-- Drop table `users`
--
DROP TABLE IF EXISTS users;

--
-- Drop table `warehouses`
--
DROP TABLE IF EXISTS warehouses;

--
-- Set default database
--
-- USE mega_sign_rental_2024_db;

--
-- Create table `warehouses`
--
CREATE TABLE warehouses (
  id bigint(20) UNSIGNED NOT NULL AUTO_INCREMENT,
  name varchar(255) NOT NULL,
  code varchar(255) NOT NULL,
  address_1 varchar(255) DEFAULT NULL,
  address_2 varchar(255) DEFAULT NULL,
  postal_code varchar(255) DEFAULT NULL,
  email varchar(255) NOT NULL,
  phone varchar(255) NOT NULL,
  created_at timestamp NULL DEFAULT NULL,
  updated_at timestamp NULL DEFAULT NULL,
  city_id bigint(20) UNSIGNED DEFAULT NULL,
  state_id bigint(20) UNSIGNED DEFAULT NULL,
  country_id bigint(20) UNSIGNED DEFAULT NULL,
  PRIMARY KEY (id)
)
ENGINE = MYISAM,
AUTO_INCREMENT = 2,
AVG_ROW_LENGTH = 108,
CHARACTER SET utf8mb3,
CHECKSUM = 0,
COLLATE utf8mb3_general_ci,
ROW_FORMAT = DYNAMIC;

--
-- Create index `city_fk_9531939` on table `warehouses`
--
ALTER TABLE warehouses
ADD INDEX city_fk_9531939 (city_id);

--
-- Create index `country_fk_9531941` on table `warehouses`
--
ALTER TABLE warehouses
ADD INDEX country_fk_9531941 (country_id);

--
-- Create index `state_fk_9531940` on table `warehouses`
--
ALTER TABLE warehouses
ADD INDEX state_fk_9531940 (state_id);

--
-- Create index `warehouses_code_unique` on table `warehouses`
--
ALTER TABLE warehouses
ADD UNIQUE INDEX warehouses_code_unique (code);

--
-- Create table `users`
--
CREATE TABLE users (
  id bigint(20) UNSIGNED NOT NULL AUTO_INCREMENT,
  name varchar(255) DEFAULT NULL,
  email varchar(255) DEFAULT NULL,
  email_verified_at datetime DEFAULT NULL,
  password varchar(255) DEFAULT NULL,
  remember_token varchar(255) DEFAULT NULL,
  active tinyint(1) DEFAULT 0,
  settings longtext DEFAULT NULL,
  created_at timestamp NULL DEFAULT NULL,
  updated_at timestamp NULL DEFAULT NULL,
  language_id bigint(20) UNSIGNED DEFAULT NULL,
  PRIMARY KEY (id)
)
ENGINE = MYISAM,
AUTO_INCREMENT = 2,
AVG_ROW_LENGTH = 112,
CHARACTER SET utf8mb3,
CHECKSUM = 0,
COLLATE utf8mb3_general_ci,
ROW_FORMAT = DYNAMIC;

--
-- Create index `language_fk_9530591` on table `users`
--
ALTER TABLE users
ADD INDEX language_fk_9530591 (language_id);

--
-- Create index `users_email_unique` on table `users`
--
ALTER TABLE users
ADD UNIQUE INDEX users_email_unique (email);

--
-- Create table `units`
--
CREATE TABLE units (
  id bigint(20) UNSIGNED NOT NULL AUTO_INCREMENT,
  name varchar(255) NOT NULL,
  active tinyint(1) NOT NULL DEFAULT 0,
  created_at timestamp NULL DEFAULT NULL,
  updated_at timestamp NULL DEFAULT NULL,
  PRIMARY KEY (id)
)
ENGINE = MYISAM,
AUTO_INCREMENT = 14,
AVG_ROW_LENGTH = 31,
CHARACTER SET utf8mb3,
CHECKSUM = 0,
COLLATE utf8mb3_general_ci,
ROW_FORMAT = DYNAMIC;

--
-- Create table `translations`
--
CREATE TABLE translations (
  id bigint(20) UNSIGNED NOT NULL AUTO_INCREMENT,
  translation varchar(255) DEFAULT NULL,
  created_at timestamp NULL DEFAULT NULL,
  updated_at timestamp NULL DEFAULT NULL,
  language_id bigint(20) UNSIGNED DEFAULT NULL,
  language_term_id bigint(20) UNSIGNED DEFAULT NULL,
  PRIMARY KEY (id)
)
ENGINE = MYISAM,
AUTO_INCREMENT = 189,
AVG_ROW_LENGTH = 50,
CHARACTER SET utf8mb3,
CHECKSUM = 0,
COLLATE utf8mb3_general_ci,
ROW_FORMAT = DYNAMIC;

--
-- Create index `language_fk_9530606` on table `translations`
--
ALTER TABLE translations
ADD INDEX language_fk_9530606 (language_id);

--
-- Create index `language_term_fk_9530607` on table `translations`
--
ALTER TABLE translations
ADD INDEX language_term_fk_9530607 (language_term_id);

--
-- Create table `suppliers`
--
CREATE TABLE suppliers (
  id bigint(20) UNSIGNED NOT NULL AUTO_INCREMENT,
  code varchar(255) NOT NULL,
  display_name varchar(255) NOT NULL,
  name varchar(255) NOT NULL,
  active tinyint(1) NOT NULL DEFAULT 0,
  email varchar(255) NOT NULL,
  phone varchar(255) NOT NULL,
  remarks longtext DEFAULT NULL,
  created_at timestamp NULL DEFAULT NULL,
  updated_at timestamp NULL DEFAULT NULL,
  payment_term_id bigint(20) UNSIGNED DEFAULT NULL,
  billing_address_id bigint(20) UNSIGNED DEFAULT NULL,
  shipping_address_id bigint(20) UNSIGNED DEFAULT NULL,
  currency_id bigint(20) UNSIGNED DEFAULT NULL,
  PRIMARY KEY (id)
)
ENGINE = MYISAM,
AUTO_INCREMENT = 51,
AVG_ROW_LENGTH = 192,
CHARACTER SET utf8mb3,
CHECKSUM = 0,
COLLATE utf8mb3_general_ci,
ROW_FORMAT = DYNAMIC;

--
-- Create index `billing_address_fk_9531077` on table `suppliers`
--
ALTER TABLE suppliers
ADD INDEX billing_address_fk_9531077 (billing_address_id);

--
-- Create index `currency_fk_9531080` on table `suppliers`
--
ALTER TABLE suppliers
ADD INDEX currency_fk_9531080 (currency_id);

--
-- Create index `payment_term_fk_9531076` on table `suppliers`
--
ALTER TABLE suppliers
ADD INDEX payment_term_fk_9531076 (payment_term_id);

--
-- Create index `shipping_address_fk_9531078` on table `suppliers`
--
ALTER TABLE suppliers
ADD INDEX shipping_address_fk_9531078 (shipping_address_id);

--
-- Create table `states`
--
CREATE TABLE states (
  id bigint(20) UNSIGNED NOT NULL AUTO_INCREMENT,
  name varchar(255) NOT NULL,
  active tinyint(1) NOT NULL DEFAULT 0,
  created_at timestamp NULL DEFAULT NULL,
  updated_at timestamp NULL DEFAULT NULL,
  country_id bigint(20) UNSIGNED DEFAULT NULL,
  PRIMARY KEY (id)
)
ENGINE = MYISAM,
AUTO_INCREMENT = 51,
AVG_ROW_LENGTH = 41,
CHARACTER SET utf8mb3,
CHECKSUM = 0,
COLLATE utf8mb3_general_ci,
ROW_FORMAT = DYNAMIC;

--
-- Create index `country_fk_9530621` on table `states`
--
ALTER TABLE states
ADD INDEX country_fk_9530621 (country_id);

--
-- Create table `shipment_modes`
--
CREATE TABLE shipment_modes (
  id bigint(20) UNSIGNED NOT NULL AUTO_INCREMENT,
  name varchar(255) NOT NULL,
  active tinyint(1) NOT NULL DEFAULT 0,
  created_at timestamp NULL DEFAULT NULL,
  updated_at timestamp NULL DEFAULT NULL,
  PRIMARY KEY (id)
)
ENGINE = MYISAM,
AUTO_INCREMENT = 4,
AVG_ROW_LENGTH = 29,
CHARACTER SET utf8mb3,
CHECKSUM = 0,
COLLATE utf8mb3_general_ci,
ROW_FORMAT = DYNAMIC;

--
-- Create table `shipments`
--
CREATE TABLE shipments (
  id bigint(20) UNSIGNED NOT NULL AUTO_INCREMENT,
  shipment_date date NOT NULL,
  remarks longtext DEFAULT NULL,
  code varchar(255) NOT NULL,
  delivery_date date DEFAULT NULL,
  created_at timestamp NULL DEFAULT NULL,
  updated_at timestamp NULL DEFAULT NULL,
  package_id bigint(20) UNSIGNED DEFAULT NULL,
  shipment_mode_id bigint(20) UNSIGNED DEFAULT NULL,
  PRIMARY KEY (id)
)
ENGINE = MYISAM,
CHARACTER SET utf8mb3,
CHECKSUM = 0,
COLLATE utf8mb3_general_ci,
ROW_FORMAT = DYNAMIC;

--
-- Create index `package_fk_9904002` on table `shipments`
--
ALTER TABLE shipments
ADD INDEX package_fk_9904002 (package_id);

--
-- Create index `shipment_mode_fk_9915268` on table `shipments`
--
ALTER TABLE shipments
ADD INDEX shipment_mode_fk_9915268 (shipment_mode_id);

--
-- Create index `shipments_code_unique` on table `shipments`
--
ALTER TABLE shipments
ADD UNIQUE INDEX shipments_code_unique (code);

--
-- Create table `shelves`
--
CREATE TABLE shelves (
  id bigint(20) UNSIGNED NOT NULL AUTO_INCREMENT,
  name varchar(255) NOT NULL,
  active tinyint(1) NOT NULL DEFAULT 0,
  created_at timestamp NULL DEFAULT NULL,
  updated_at timestamp NULL DEFAULT NULL,
  warehouse_id bigint(20) UNSIGNED DEFAULT NULL,
  PRIMARY KEY (id)
)
ENGINE = MYISAM,
AUTO_INCREMENT = 7,
AVG_ROW_LENGTH = 36,
CHARACTER SET utf8mb3,
CHECKSUM = 0,
COLLATE utf8mb3_general_ci,
ROW_FORMAT = DYNAMIC;

--
-- Create index `warehouse_fk_9542624` on table `shelves`
--
ALTER TABLE shelves
ADD INDEX warehouse_fk_9542624 (warehouse_id);

--
-- Create table `sales_order_items`
--
CREATE TABLE sales_order_items (
  id bigint(20) UNSIGNED NOT NULL AUTO_INCREMENT,
  sku varchar(255) DEFAULT NULL,
  description longtext DEFAULT NULL,
  rate double(10, 2) NOT NULL,
  original_rate double(10, 2) DEFAULT NULL,
  quantity double(15, 2) NOT NULL,
  amount double(15, 2) NOT NULL,
  remarks longtext DEFAULT NULL,
  created_at timestamp NULL DEFAULT NULL,
  updated_at timestamp NULL DEFAULT NULL,
  sales_order_id bigint(20) UNSIGNED DEFAULT NULL,
  product_id bigint(20) UNSIGNED DEFAULT NULL,
  unit_id bigint(20) UNSIGNED DEFAULT NULL,
  PRIMARY KEY (id)
)
ENGINE = MYISAM,
AUTO_INCREMENT = 101,
AVG_ROW_LENGTH = 230,
CHARACTER SET utf8mb3,
CHECKSUM = 0,
COLLATE utf8mb3_general_ci,
ROW_FORMAT = DYNAMIC;

--
-- Create index `product_fk_9572151` on table `sales_order_items`
--
ALTER TABLE sales_order_items
ADD INDEX product_fk_9572151 (product_id);

--
-- Create index `sales_order_fk_9888910` on table `sales_order_items`
--
ALTER TABLE sales_order_items
ADD INDEX sales_order_fk_9888910 (sales_order_id);

--
-- Create index `unit_fk_9572152` on table `sales_order_items`
--
ALTER TABLE sales_order_items
ADD INDEX unit_fk_9572152 (unit_id);

--
-- Create table `sales_order_activities`
--
CREATE TABLE sales_order_activities (
  id bigint(20) UNSIGNED NOT NULL AUTO_INCREMENT,
  title varchar(255) NOT NULL,
  is_active tinyint(1) NOT NULL DEFAULT 0,
  description longtext DEFAULT NULL,
  created_at timestamp NULL DEFAULT NULL,
  updated_at timestamp NULL DEFAULT NULL,
  sale_order_id bigint(20) UNSIGNED DEFAULT NULL,
  user_id bigint(20) UNSIGNED DEFAULT NULL,
  PRIMARY KEY (id)
)
ENGINE = MYISAM,
CHARACTER SET utf8mb3,
CHECKSUM = 0,
COLLATE utf8mb3_general_ci,
ROW_FORMAT = DYNAMIC;

--
-- Create index `sale_order_fk_9576135` on table `sales_order_activities`
--
ALTER TABLE sales_order_activities
ADD INDEX sale_order_fk_9576135 (sale_order_id);

--
-- Create index `user_fk_9576138` on table `sales_order_activities`
--
ALTER TABLE sales_order_activities
ADD INDEX user_fk_9576138 (user_id);

--
-- Create table `sales_orders`
--
CREATE TABLE sales_orders (
  id bigint(20) UNSIGNED NOT NULL AUTO_INCREMENT,
  so_number varchar(255) NOT NULL,
  quotation_no varchar(255) DEFAULT NULL,
  reference_no varchar(255) DEFAULT NULL,
  type varchar(255) NOT NULL,
  date date NOT NULL,
  estimated_shipment_date date DEFAULT NULL,
  remarks longtext DEFAULT NULL,
  sub_total double(10, 2) NOT NULL,
  tax_total double(10, 2) DEFAULT NULL,
  tax_rate double(10, 2) NOT NULL,
  grand_total double(10, 2) NOT NULL,
  created_at timestamp NULL DEFAULT NULL,
  updated_at timestamp NULL DEFAULT NULL,
  warehouse_id bigint(20) UNSIGNED DEFAULT NULL,
  buyer_id bigint(20) UNSIGNED DEFAULT NULL,
  payment_term_id bigint(20) UNSIGNED DEFAULT NULL,
  user_id bigint(20) UNSIGNED DEFAULT NULL,
  PRIMARY KEY (id)
)
ENGINE = MYISAM,
AUTO_INCREMENT = 101,
AVG_ROW_LENGTH = 406,
CHARACTER SET utf8mb3,
CHECKSUM = 0,
COLLATE utf8mb3_general_ci,
ROW_FORMAT = DYNAMIC;

--
-- Create index `buyer_fk_9570006` on table `sales_orders`
--
ALTER TABLE sales_orders
ADD INDEX buyer_fk_9570006 (buyer_id);

--
-- Create index `payment_term_fk_9570008` on table `sales_orders`
--
ALTER TABLE sales_orders
ADD INDEX payment_term_fk_9570008 (payment_term_id);

--
-- Create index `user_fk_9570014` on table `sales_orders`
--
ALTER TABLE sales_orders
ADD INDEX user_fk_9570014 (user_id);

--
-- Create index `warehouse_fk_9570002` on table `sales_orders`
--
ALTER TABLE sales_orders
ADD INDEX warehouse_fk_9570002 (warehouse_id);

--
-- Create table `sales_invoice_items`
--
CREATE TABLE sales_invoice_items (
  id bigint(20) UNSIGNED NOT NULL AUTO_INCREMENT,
  description longtext DEFAULT NULL,
  sku varchar(255) DEFAULT NULL,
  remark longtext DEFAULT NULL,
  quantity double(15, 2) DEFAULT NULL,
  rate double(10, 2) NOT NULL,
  original_rate double(10, 2) DEFAULT NULL,
  amount double(15, 2) DEFAULT NULL,
  created_at timestamp NULL DEFAULT NULL,
  updated_at timestamp NULL DEFAULT NULL,
  deleted_at timestamp NULL DEFAULT NULL,
  sales_invoice_id bigint(20) UNSIGNED DEFAULT NULL,
  product_id bigint(20) UNSIGNED DEFAULT NULL,
  unit_id bigint(20) UNSIGNED DEFAULT NULL,
  PRIMARY KEY (id)
)
ENGINE = MYISAM,
AUTO_INCREMENT = 101,
AVG_ROW_LENGTH = 233,
CHARACTER SET utf8mb3,
CHECKSUM = 0,
COLLATE utf8mb3_general_ci,
ROW_FORMAT = DYNAMIC;

--
-- Create index `product_fk_9572384` on table `sales_invoice_items`
--
ALTER TABLE sales_invoice_items
ADD INDEX product_fk_9572384 (product_id);

--
-- Create index `sales_invoice_fk_9572383` on table `sales_invoice_items`
--
ALTER TABLE sales_invoice_items
ADD INDEX sales_invoice_fk_9572383 (sales_invoice_id);

--
-- Create index `unit_fk_9572387` on table `sales_invoice_items`
--
ALTER TABLE sales_invoice_items
ADD INDEX unit_fk_9572387 (unit_id);

--
-- Create table `sales_invoice_activities`
--
CREATE TABLE sales_invoice_activities (
  id bigint(20) UNSIGNED NOT NULL AUTO_INCREMENT,
  title varchar(255) NOT NULL,
  description longtext DEFAULT NULL,
  is_active tinyint(1) NOT NULL DEFAULT 0,
  created_at timestamp NULL DEFAULT NULL,
  updated_at timestamp NULL DEFAULT NULL,
  sale_invoice_id bigint(20) UNSIGNED DEFAULT NULL,
  user_id bigint(20) UNSIGNED DEFAULT NULL,
  PRIMARY KEY (id)
)
ENGINE = MYISAM,
CHARACTER SET utf8mb3,
CHECKSUM = 0,
COLLATE utf8mb3_general_ci,
ROW_FORMAT = DYNAMIC;

--
-- Create index `sale_invoice_fk_9576202` on table `sales_invoice_activities`
--
ALTER TABLE sales_invoice_activities
ADD INDEX sale_invoice_fk_9576202 (sale_invoice_id);

--
-- Create index `sales_invoice_activities_title_unique` on table `sales_invoice_activities`
--
ALTER TABLE sales_invoice_activities
ADD UNIQUE INDEX sales_invoice_activities_title_unique (title);

--
-- Create index `user_fk_9576203` on table `sales_invoice_activities`
--
ALTER TABLE sales_invoice_activities
ADD INDEX user_fk_9576203 (user_id);

--
-- Create table `sales_invoices`
--
CREATE TABLE sales_invoices (
  id bigint(20) UNSIGNED NOT NULL AUTO_INCREMENT,
  invoice_number varchar(255) NOT NULL,
  date date DEFAULT NULL,
  due_date date DEFAULT NULL,
  remark longtext DEFAULT NULL,
  type varchar(255) DEFAULT NULL,
  reference_no varchar(255) DEFAULT NULL,
  sub_total double(10, 2) NOT NULL,
  tax_total double(10, 2) NOT NULL,
  tax_rate double(10, 2) NOT NULL,
  grand_total double(10, 2) NOT NULL,
  created_at timestamp NULL DEFAULT NULL,
  updated_at timestamp NULL DEFAULT NULL,
  sales_order_id bigint(20) UNSIGNED DEFAULT NULL,
  buyer_id bigint(20) UNSIGNED DEFAULT NULL,
  user_id bigint(20) UNSIGNED DEFAULT NULL,
  warehouse_id bigint(20) UNSIGNED DEFAULT NULL,
  payment_term_id bigint(20) UNSIGNED DEFAULT NULL,
  PRIMARY KEY (id)
)
ENGINE = MYISAM,
AUTO_INCREMENT = 101,
AVG_ROW_LENGTH = 394,
CHARACTER SET utf8mb3,
CHECKSUM = 0,
COLLATE utf8mb3_general_ci,
ROW_FORMAT = DYNAMIC;

--
-- Create index `buyer_fk_9572355` on table `sales_invoices`
--
ALTER TABLE sales_invoices
ADD INDEX buyer_fk_9572355 (buyer_id);

--
-- Create index `payment_term_fk_9896220` on table `sales_invoices`
--
ALTER TABLE sales_invoices
ADD INDEX payment_term_fk_9896220 (payment_term_id);

--
-- Create index `sales_order_fk_9895936` on table `sales_invoices`
--
ALTER TABLE sales_invoices
ADD INDEX sales_order_fk_9895936 (sales_order_id);

--
-- Create index `user_fk_9572357` on table `sales_invoices`
--
ALTER TABLE sales_invoices
ADD INDEX user_fk_9572357 (user_id);

--
-- Create index `warehouse_fk_9896219` on table `sales_invoices`
--
ALTER TABLE sales_invoices
ADD INDEX warehouse_fk_9896219 (warehouse_id);

--
-- Create table `role_user`
--
CREATE TABLE role_user (
  user_id bigint(20) UNSIGNED NOT NULL,
  role_id bigint(20) UNSIGNED NOT NULL
)
ENGINE = MYISAM,
AVG_ROW_LENGTH = 17,
CHARACTER SET utf8mb3,
CHECKSUM = 0,
COLLATE utf8mb3_general_ci,
ROW_FORMAT = FIXED;

--
-- Create index `role_id_fk_9530570` on table `role_user`
--
ALTER TABLE role_user
ADD INDEX role_id_fk_9530570 (role_id);

--
-- Create index `user_id_fk_9530570` on table `role_user`
--
ALTER TABLE role_user
ADD INDEX user_id_fk_9530570 (user_id);

--
-- Create table `roles`
--
CREATE TABLE roles (
  id bigint(20) UNSIGNED NOT NULL AUTO_INCREMENT,
  title varchar(255) DEFAULT NULL,
  has_admin_access tinyint(1) DEFAULT 0,
  created_at timestamp NULL DEFAULT NULL,
  updated_at timestamp NULL DEFAULT NULL,
  deleted_at timestamp NULL DEFAULT NULL,
  PRIMARY KEY (id)
)
ENGINE = MYISAM,
AUTO_INCREMENT = 3,
AVG_ROW_LENGTH = 32,
CHARACTER SET utf8mb3,
CHECKSUM = 0,
COLLATE utf8mb3_general_ci,
ROW_FORMAT = DYNAMIC;

--
-- Create table `purchase_receive_items`
--
CREATE TABLE purchase_receive_items (
  id bigint(20) UNSIGNED NOT NULL AUTO_INCREMENT,
  quantity double(15, 2) NOT NULL,
  created_at timestamp NULL DEFAULT NULL,
  updated_at timestamp NULL DEFAULT NULL,
  purchase_receive_id bigint(20) UNSIGNED DEFAULT NULL,
  purchase_order_id bigint(20) UNSIGNED DEFAULT NULL,
  purchase_invoice_id bigint(20) UNSIGNED DEFAULT NULL,
  product_id bigint(20) UNSIGNED DEFAULT NULL,
  PRIMARY KEY (id)
)
ENGINE = MYISAM,
CHARACTER SET utf8mb3,
CHECKSUM = 0,
COLLATE utf8mb3_general_ci,
ROW_FORMAT = FIXED;

--
-- Create index `product_fk_9918883` on table `purchase_receive_items`
--
ALTER TABLE purchase_receive_items
ADD INDEX product_fk_9918883 (product_id);

--
-- Create index `purchase_invoice_fk_9918882` on table `purchase_receive_items`
--
ALTER TABLE purchase_receive_items
ADD INDEX purchase_invoice_fk_9918882 (purchase_invoice_id);

--
-- Create index `purchase_order_fk_9918881` on table `purchase_receive_items`
--
ALTER TABLE purchase_receive_items
ADD INDEX purchase_order_fk_9918881 (purchase_order_id);

--
-- Create index `purchase_receive_fk_9918880` on table `purchase_receive_items`
--
ALTER TABLE purchase_receive_items
ADD INDEX purchase_receive_fk_9918880 (purchase_receive_id);

--
-- Create table `purchase_receives`
--
CREATE TABLE purchase_receives (
  id bigint(20) UNSIGNED NOT NULL AUTO_INCREMENT,
  code varchar(255) NOT NULL,
  date date NOT NULL,
  remarks longtext DEFAULT NULL,
  created_at timestamp NULL DEFAULT NULL,
  updated_at timestamp NULL DEFAULT NULL,
  user_id bigint(20) UNSIGNED DEFAULT NULL,
  PRIMARY KEY (id)
)
ENGINE = MYISAM,
CHARACTER SET utf8mb3,
CHECKSUM = 0,
COLLATE utf8mb3_general_ci,
ROW_FORMAT = DYNAMIC;

--
-- Create index `user_fk_9918839` on table `purchase_receives`
--
ALTER TABLE purchase_receives
ADD INDEX user_fk_9918839 (user_id);

--
-- Create table `purchase_order_items`
--
CREATE TABLE purchase_order_items (
  id bigint(20) UNSIGNED NOT NULL AUTO_INCREMENT,
  sku varchar(255) DEFAULT NULL,
  description longtext DEFAULT NULL,
  rate double(10, 2) NOT NULL,
  quantity double(10, 2) DEFAULT NULL,
  amount double(10, 2) DEFAULT NULL,
  created_at timestamp NULL DEFAULT NULL,
  updated_at timestamp NULL DEFAULT NULL,
  purchase_order_id bigint(20) UNSIGNED DEFAULT NULL,
  product_id bigint(20) UNSIGNED DEFAULT NULL,
  unit_id bigint(20) UNSIGNED DEFAULT NULL,
  PRIMARY KEY (id)
)
ENGINE = MYISAM,
AUTO_INCREMENT = 101,
AVG_ROW_LENGTH = 229,
CHARACTER SET utf8mb3,
CHECKSUM = 0,
COLLATE utf8mb3_general_ci,
ROW_FORMAT = DYNAMIC;

--
-- Create index `product_fk_9563750` on table `purchase_order_items`
--
ALTER TABLE purchase_order_items
ADD INDEX product_fk_9563750 (product_id);

--
-- Create index `purchase_order_fk_9563749` on table `purchase_order_items`
--
ALTER TABLE purchase_order_items
ADD INDEX purchase_order_fk_9563749 (purchase_order_id);

--
-- Create index `unit_fk_9563753` on table `purchase_order_items`
--
ALTER TABLE purchase_order_items
ADD INDEX unit_fk_9563753 (unit_id);

--
-- Create table `purchase_orders`
--
CREATE TABLE purchase_orders (
  id bigint(20) UNSIGNED NOT NULL AUTO_INCREMENT,
  po_number varchar(255) NOT NULL,
  date date DEFAULT NULL,
  estimated_shipment_date date DEFAULT NULL,
  remarks longtext DEFAULT NULL,
  freight_total double(10, 2) DEFAULT NULL,
  discount_type varchar(255) DEFAULT NULL,
  discount_total double(10, 2) DEFAULT NULL,
  discount_rate double(10, 2) DEFAULT NULL,
  sub_total double(10, 2) NOT NULL,
  tax_rate double(10, 2) NOT NULL,
  tax_total double(10, 2) NOT NULL,
  grand_total double(10, 2) NOT NULL,
  created_at timestamp NULL DEFAULT NULL,
  updated_at timestamp NULL DEFAULT NULL,
  supplier_id bigint(20) UNSIGNED DEFAULT NULL,
  payment_term_id bigint(20) UNSIGNED DEFAULT NULL,
  shipment_mode_id bigint(20) UNSIGNED DEFAULT NULL,
  warehouse_id bigint(20) UNSIGNED DEFAULT NULL,
  user_id bigint(20) UNSIGNED DEFAULT NULL,
  PRIMARY KEY (id)
)
ENGINE = MYISAM,
AUTO_INCREMENT = 101,
AVG_ROW_LENGTH = 269,
CHARACTER SET utf8mb3,
CHECKSUM = 0,
COLLATE utf8mb3_general_ci,
ROW_FORMAT = DYNAMIC;

--
-- Create index `payment_term_fk_9562436` on table `purchase_orders`
--
ALTER TABLE purchase_orders
ADD INDEX payment_term_fk_9562436 (payment_term_id);

--
-- Create index `shipment_mode_fk_9562437` on table `purchase_orders`
--
ALTER TABLE purchase_orders
ADD INDEX shipment_mode_fk_9562437 (shipment_mode_id);

--
-- Create index `supplier_fk_9562434` on table `purchase_orders`
--
ALTER TABLE purchase_orders
ADD INDEX supplier_fk_9562434 (supplier_id);

--
-- Create index `user_fk_9562440` on table `purchase_orders`
--
ALTER TABLE purchase_orders
ADD INDEX user_fk_9562440 (user_id);

--
-- Create index `warehouse_fk_9562438` on table `purchase_orders`
--
ALTER TABLE purchase_orders
ADD INDEX warehouse_fk_9562438 (warehouse_id);

--
-- Create table `purchase_invoice_items`
--
CREATE TABLE purchase_invoice_items (
  id bigint(20) UNSIGNED NOT NULL AUTO_INCREMENT,
  sku varchar(255) DEFAULT NULL,
  description longtext DEFAULT NULL,
  rate double(15, 2) DEFAULT NULL,
  quantity double(15, 2) DEFAULT NULL,
  amount double(15, 2) DEFAULT NULL,
  created_at timestamp NULL DEFAULT NULL,
  updated_at timestamp NULL DEFAULT NULL,
  product_id bigint(20) UNSIGNED DEFAULT NULL,
  unit_id bigint(20) UNSIGNED DEFAULT NULL,
  purchase_invoice_id bigint(20) UNSIGNED DEFAULT NULL,
  PRIMARY KEY (id)
)
ENGINE = MYISAM,
AUTO_INCREMENT = 101,
AVG_ROW_LENGTH = 228,
CHARACTER SET utf8mb3,
CHECKSUM = 0,
COLLATE utf8mb3_general_ci,
ROW_FORMAT = DYNAMIC;

--
-- Create index `product_fk_9874285` on table `purchase_invoice_items`
--
ALTER TABLE purchase_invoice_items
ADD INDEX product_fk_9874285 (product_id);

--
-- Create index `purchase_invoice_fk_9877653` on table `purchase_invoice_items`
--
ALTER TABLE purchase_invoice_items
ADD INDEX purchase_invoice_fk_9877653 (purchase_invoice_id);

--
-- Create index `unit_fk_9874288` on table `purchase_invoice_items`
--
ALTER TABLE purchase_invoice_items
ADD INDEX unit_fk_9874288 (unit_id);

--
-- Create table `purchase_invoices`
--
CREATE TABLE purchase_invoices (
  id bigint(20) UNSIGNED NOT NULL AUTO_INCREMENT,
  invoice_number varchar(255) NOT NULL,
  date date DEFAULT NULL,
  due_date date DEFAULT NULL,
  remark longtext DEFAULT NULL,
  type varchar(255) DEFAULT NULL,
  reference_no varchar(255) DEFAULT NULL,
  sub_total double(15, 2) DEFAULT NULL,
  tax_total double(15, 2) DEFAULT NULL,
  tax_rate double(15, 2) DEFAULT NULL,
  grand_total double(15, 2) DEFAULT NULL,
  created_at timestamp NULL DEFAULT NULL,
  updated_at timestamp NULL DEFAULT NULL,
  purchase_order_id bigint(20) UNSIGNED DEFAULT NULL,
  supplier_id bigint(20) UNSIGNED DEFAULT NULL,
  user_id bigint(20) UNSIGNED DEFAULT NULL,
  PRIMARY KEY (id)
)
ENGINE = MYISAM,
AUTO_INCREMENT = 101,
AVG_ROW_LENGTH = 395,
CHARACTER SET utf8mb3,
CHECKSUM = 0,
COLLATE utf8mb3_general_ci,
ROW_FORMAT = DYNAMIC;

--
-- Create index `purchase_invoices_invoice_number_unique` on table `purchase_invoices`
--
ALTER TABLE purchase_invoices
ADD UNIQUE INDEX purchase_invoices_invoice_number_unique (invoice_number);

--
-- Create index `purchase_order_fk_9875056` on table `purchase_invoices`
--
ALTER TABLE purchase_invoices
ADD INDEX purchase_order_fk_9875056 (purchase_order_id);

--
-- Create index `supplier_fk_9874008` on table `purchase_invoices`
--
ALTER TABLE purchase_invoices
ADD INDEX supplier_fk_9874008 (supplier_id);

--
-- Create index `user_fk_9874010` on table `purchase_invoices`
--
ALTER TABLE purchase_invoices
ADD INDEX user_fk_9874010 (user_id);

--
-- Create table `product_stocks`
--
CREATE TABLE product_stocks (
  id bigint(20) UNSIGNED NOT NULL AUTO_INCREMENT,
  on_hand varchar(255) NOT NULL,
  in_transit varchar(255) DEFAULT NULL,
  modified date NOT NULL,
  created_at timestamp NULL DEFAULT NULL,
  updated_at timestamp NULL DEFAULT NULL,
  product_id bigint(20) UNSIGNED DEFAULT NULL,
  warehouse_id bigint(20) UNSIGNED DEFAULT NULL,
  PRIMARY KEY (id)
)
ENGINE = MYISAM,
CHARACTER SET utf8mb3,
CHECKSUM = 0,
COLLATE utf8mb3_general_ci,
ROW_FORMAT = DYNAMIC;

--
-- Create index `product_fk_9550636` on table `product_stocks`
--
ALTER TABLE product_stocks
ADD INDEX product_fk_9550636 (product_id);

--
-- Create index `warehouse_fk_9550637` on table `product_stocks`
--
ALTER TABLE product_stocks
ADD INDEX warehouse_fk_9550637 (warehouse_id);

--
-- Create table `product_prices`
--
CREATE TABLE product_prices (
  id bigint(20) UNSIGNED NOT NULL AUTO_INCREMENT,
  purchase_price double(9, 5) NOT NULL,
  sale_price double(9, 5) NOT NULL,
  lowest_sale_price double(9, 5) NOT NULL,
  created_at timestamp NULL DEFAULT NULL,
  updated_at timestamp NULL DEFAULT NULL,
  product_id bigint(20) UNSIGNED DEFAULT NULL,
  unit_id bigint(20) UNSIGNED DEFAULT NULL,
  PRIMARY KEY (id)
)
ENGINE = MYISAM,
AUTO_INCREMENT = 101,
AVG_ROW_LENGTH = 57,
CHARACTER SET utf8mb3,
CHECKSUM = 0,
COLLATE utf8mb3_general_ci,
ROW_FORMAT = FIXED;

--
-- Create index `product_fk_9531922` on table `product_prices`
--
ALTER TABLE product_prices
ADD INDEX product_fk_9531922 (product_id);

--
-- Create index `unit_fk_9531924` on table `product_prices`
--
ALTER TABLE product_prices
ADD INDEX unit_fk_9531924 (unit_id);

--
-- Create table `product_inventories`
--
CREATE TABLE product_inventories (
  id bigint(20) UNSIGNED NOT NULL AUTO_INCREMENT,
  order_no varchar(255) DEFAULT NULL,
  reason varchar(255) NOT NULL,
  date date NOT NULL,
  rate double(9, 5) NOT NULL,
  quantity int(11) DEFAULT NULL,
  amount double(9, 5) NOT NULL,
  created_at timestamp NULL DEFAULT NULL,
  updated_at timestamp NULL DEFAULT NULL,
  product_id bigint(20) UNSIGNED DEFAULT NULL,
  warehouse_id bigint(20) UNSIGNED DEFAULT NULL,
  batch_id bigint(20) UNSIGNED DEFAULT NULL,
  shelf_id bigint(20) UNSIGNED DEFAULT NULL,
  user_id bigint(20) UNSIGNED DEFAULT NULL,
  unit_id bigint(20) UNSIGNED DEFAULT NULL,
  PRIMARY KEY (id)
)
ENGINE = MYISAM,
AUTO_INCREMENT = 101,
AVG_ROW_LENGTH = 96,
CHARACTER SET utf8mb3,
CHECKSUM = 0,
COLLATE utf8mb3_general_ci,
ROW_FORMAT = DYNAMIC;

--
-- Create index `batch_fk_9532047` on table `product_inventories`
--
ALTER TABLE product_inventories
ADD INDEX batch_fk_9532047 (batch_id);

--
-- Create index `product_fk_9532044` on table `product_inventories`
--
ALTER TABLE product_inventories
ADD INDEX product_fk_9532044 (product_id);

--
-- Create index `shelf_fk_9532048` on table `product_inventories`
--
ALTER TABLE product_inventories
ADD INDEX shelf_fk_9532048 (shelf_id);

--
-- Create index `unit_fk_9556954` on table `product_inventories`
--
ALTER TABLE product_inventories
ADD INDEX unit_fk_9556954 (unit_id);

--
-- Create index `user_fk_9532054` on table `product_inventories`
--
ALTER TABLE product_inventories
ADD INDEX user_fk_9532054 (user_id);

--
-- Create index `warehouse_fk_9532046` on table `product_inventories`
--
ALTER TABLE product_inventories
ADD INDEX warehouse_fk_9532046 (warehouse_id);

--
-- Create table `product_features`
--
CREATE TABLE product_features (
  id bigint(20) UNSIGNED NOT NULL AUTO_INCREMENT,
  name varchar(255) NOT NULL,
  created_at timestamp NULL DEFAULT NULL,
  updated_at timestamp NULL DEFAULT NULL,
  product_id bigint(20) UNSIGNED DEFAULT NULL,
  feature_id bigint(20) UNSIGNED DEFAULT NULL,
  PRIMARY KEY (id)
)
ENGINE = MYISAM,
CHARACTER SET utf8mb3,
CHECKSUM = 0,
COLLATE utf8mb3_general_ci,
ROW_FORMAT = DYNAMIC;

--
-- Create index `feature_fk_9531894` on table `product_features`
--
ALTER TABLE product_features
ADD INDEX feature_fk_9531894 (feature_id);

--
-- Create index `product_fk_9531893` on table `product_features`
--
ALTER TABLE product_features
ADD INDEX product_fk_9531893 (product_id);

--
-- Create table `product_batches`
--
CREATE TABLE product_batches (
  id bigint(20) UNSIGNED NOT NULL AUTO_INCREMENT,
  name varchar(255) NOT NULL,
  manufacturer_batch_no varchar(255) DEFAULT NULL,
  manufacturer_date date DEFAULT NULL,
  active tinyint(1) DEFAULT 0,
  expiry_date date DEFAULT NULL,
  created_at timestamp NULL DEFAULT NULL,
  updated_at timestamp NULL DEFAULT NULL,
  shelf_id bigint(20) UNSIGNED DEFAULT NULL,
  PRIMARY KEY (id)
)
ENGINE = MYISAM,
CHARACTER SET utf8mb3,
CHECKSUM = 0,
COLLATE utf8mb3_general_ci,
ROW_FORMAT = DYNAMIC;

--
-- Create index `shelf_fk_9531971` on table `product_batches`
--
ALTER TABLE product_batches
ADD INDEX shelf_fk_9531971 (shelf_id);

--
-- Create table `products`
--
CREATE TABLE products (
  id bigint(20) UNSIGNED NOT NULL AUTO_INCREMENT,
  code varchar(255) NOT NULL,
  name varchar(255) NOT NULL,
  sku varchar(255) NOT NULL,
  description longtext DEFAULT NULL,
  active tinyint(1) NOT NULL DEFAULT 0,
  manufacturer varchar(255) DEFAULT NULL,
  is_returnable tinyint(1) DEFAULT 0,
  created_at timestamp NULL DEFAULT NULL,
  updated_at timestamp NULL DEFAULT NULL,
  category_id bigint(20) UNSIGNED DEFAULT NULL,
  supplier_id bigint(20) UNSIGNED DEFAULT NULL,
  user_id bigint(20) UNSIGNED DEFAULT NULL,
  unit_01_id bigint(20) UNSIGNED DEFAULT NULL,
  unit_02_id bigint(20) UNSIGNED DEFAULT NULL,
  PRIMARY KEY (id)
)
ENGINE = MYISAM,
AUTO_INCREMENT = 101,
AVG_ROW_LENGTH = 263,
CHARACTER SET utf8mb3,
CHECKSUM = 0,
COLLATE utf8mb3_general_ci,
ROW_FORMAT = DYNAMIC;

--
-- Create index `category_fk_9531846` on table `products`
--
ALTER TABLE products
ADD INDEX category_fk_9531846 (category_id);

--
-- Create index `products_code_unique` on table `products`
--
ALTER TABLE products
ADD UNIQUE INDEX products_code_unique (code);

--
-- Create index `products_sku_unique` on table `products`
--
ALTER TABLE products
ADD UNIQUE INDEX products_sku_unique (sku);

--
-- Create index `supplier_fk_9531852` on table `products`
--
ALTER TABLE products
ADD INDEX supplier_fk_9531852 (supplier_id);

--
-- Create index `unit_01_fk_9556952` on table `products`
--
ALTER TABLE products
ADD INDEX unit_01_fk_9556952 (unit_01_id);

--
-- Create index `unit_02_fk_9556953` on table `products`
--
ALTER TABLE products
ADD INDEX unit_02_fk_9556953 (unit_02_id);

--
-- Create index `user_fk_9531854` on table `products`
--
ALTER TABLE products
ADD INDEX user_fk_9531854 (user_id);

--
-- Create table `personal_access_tokens`
--
CREATE TABLE personal_access_tokens (
  id bigint(20) UNSIGNED NOT NULL AUTO_INCREMENT,
  tokenable_type varchar(255) NOT NULL,
  tokenable_id bigint(20) UNSIGNED NOT NULL,
  name varchar(255) NOT NULL,
  token varchar(64) NOT NULL,
  abilities text DEFAULT NULL,
  last_used_at timestamp NULL DEFAULT NULL,
  expires_at timestamp NULL DEFAULT NULL,
  created_at timestamp NULL DEFAULT NULL,
  updated_at timestamp NULL DEFAULT NULL,
  PRIMARY KEY (id)
)
ENGINE = MYISAM,
CHARACTER SET utf8mb3,
CHECKSUM = 0,
COLLATE utf8mb3_general_ci,
ROW_FORMAT = DYNAMIC;

--
-- Create index `personal_access_tokens_token_unique` on table `personal_access_tokens`
--
ALTER TABLE personal_access_tokens
ADD UNIQUE INDEX personal_access_tokens_token_unique (token);

--
-- Create index `personal_access_tokens_tokenable_type_tokenable_id_index` on table `personal_access_tokens`
--
ALTER TABLE personal_access_tokens
ADD INDEX personal_access_tokens_tokenable_type_tokenable_id_index (tokenable_type, tokenable_id);

--
-- Create table `permission_role`
--
CREATE TABLE permission_role (
  role_id bigint(20) UNSIGNED NOT NULL,
  permission_id bigint(20) UNSIGNED NOT NULL
)
ENGINE = MYISAM,
AVG_ROW_LENGTH = 17,
CHARACTER SET utf8mb3,
CHECKSUM = 0,
COLLATE utf8mb3_general_ci,
ROW_FORMAT = FIXED;

--
-- Create index `permission_id_fk_9530561` on table `permission_role`
--
ALTER TABLE permission_role
ADD INDEX permission_id_fk_9530561 (permission_id);

--
-- Create index `role_id_fk_9530561` on table `permission_role`
--
ALTER TABLE permission_role
ADD INDEX role_id_fk_9530561 (role_id);

--
-- Create table `permission_groups`
--
CREATE TABLE permission_groups (
  id bigint(20) UNSIGNED NOT NULL AUTO_INCREMENT,
  name varchar(255) NOT NULL,
  created_at timestamp NULL DEFAULT NULL,
  updated_at timestamp NULL DEFAULT NULL,
  PRIMARY KEY (id)
)
ENGINE = MYISAM,
AUTO_INCREMENT = 6,
AVG_ROW_LENGTH = 31,
CHARACTER SET utf8mb3,
CHECKSUM = 0,
COLLATE utf8mb3_general_ci,
ROW_FORMAT = DYNAMIC;

--
-- Create index `permission_groups_name_unique` on table `permission_groups`
--
ALTER TABLE permission_groups
ADD UNIQUE INDEX permission_groups_name_unique (name);

--
-- Create table `permissions`
--
CREATE TABLE permissions (
  id bigint(20) UNSIGNED NOT NULL AUTO_INCREMENT,
  title varchar(255) DEFAULT NULL,
  created_at timestamp NULL DEFAULT NULL,
  updated_at timestamp NULL DEFAULT NULL,
  deleted_at timestamp NULL DEFAULT NULL,
  permission_group_id bigint(20) UNSIGNED DEFAULT NULL,
  PRIMARY KEY (id)
)
ENGINE = MYISAM,
AUTO_INCREMENT = 187,
AVG_ROW_LENGTH = 51,
CHARACTER SET utf8mb3,
CHECKSUM = 0,
COLLATE utf8mb3_general_ci,
ROW_FORMAT = DYNAMIC;

--
-- Create index `permission_group_fk_9530580` on table `permissions`
--
ALTER TABLE permissions
ADD INDEX permission_group_fk_9530580 (permission_group_id);

--
-- Create table `payment_terms`
--
CREATE TABLE payment_terms (
  id bigint(20) UNSIGNED NOT NULL AUTO_INCREMENT,
  name varchar(255) NOT NULL,
  days int(11) NOT NULL,
  created_at timestamp NULL DEFAULT NULL,
  updated_at timestamp NULL DEFAULT NULL,
  PRIMARY KEY (id)
)
ENGINE = MYISAM,
AUTO_INCREMENT = 2,
AVG_ROW_LENGTH = 36,
CHARACTER SET utf8mb3,
CHECKSUM = 0,
COLLATE utf8mb3_general_ci,
ROW_FORMAT = DYNAMIC;

--
-- Create table `payment_modes`
--
CREATE TABLE payment_modes (
  id bigint(20) UNSIGNED NOT NULL AUTO_INCREMENT,
  name varchar(255) NOT NULL,
  active tinyint(1) NOT NULL DEFAULT 0,
  created_at timestamp NULL DEFAULT NULL,
  updated_at timestamp NULL DEFAULT NULL,
  PRIMARY KEY (id)
)
ENGINE = MYISAM,
AUTO_INCREMENT = 3,
AVG_ROW_LENGTH = 30,
CHARACTER SET utf8mb3,
CHECKSUM = 0,
COLLATE utf8mb3_general_ci,
ROW_FORMAT = DYNAMIC;

--
-- Create table `payments`
--
CREATE TABLE payments (
  id bigint(20) UNSIGNED NOT NULL AUTO_INCREMENT,
  payment_type varchar(255) NOT NULL,
  tran_type varchar(255) NOT NULL,
  order_no varchar(255) NOT NULL,
  reference_no varchar(255) DEFAULT NULL,
  payment_date date NOT NULL,
  remarks longtext DEFAULT NULL,
  amount double(10, 2) DEFAULT NULL,
  created_at timestamp NULL DEFAULT NULL,
  updated_at timestamp NULL DEFAULT NULL,
  sales_order_id bigint(20) UNSIGNED DEFAULT NULL,
  sales_invoice_id bigint(20) UNSIGNED DEFAULT NULL,
  purchase_order_id bigint(20) UNSIGNED DEFAULT NULL,
  purchase_invoice_id bigint(20) UNSIGNED DEFAULT NULL,
  payment_mode_id bigint(20) UNSIGNED DEFAULT NULL,
  user_id bigint(20) UNSIGNED DEFAULT NULL,
  PRIMARY KEY (id)
)
ENGINE = MYISAM,
CHARACTER SET utf8mb3,
CHECKSUM = 0,
COLLATE utf8mb3_general_ci,
ROW_FORMAT = DYNAMIC;

--
-- Create index `payment_mode_fk_10148863` on table `payments`
--
ALTER TABLE payments
ADD INDEX payment_mode_fk_10148863 (payment_mode_id);

--
-- Create index `payments_order_no_unique` on table `payments`
--
ALTER TABLE payments
ADD UNIQUE INDEX payments_order_no_unique (order_no);

--
-- Create index `purchase_invoice_fk_10151152` on table `payments`
--
ALTER TABLE payments
ADD INDEX purchase_invoice_fk_10151152 (purchase_invoice_id);

--
-- Create index `purchase_order_fk_10151151` on table `payments`
--
ALTER TABLE payments
ADD INDEX purchase_order_fk_10151151 (purchase_order_id);

--
-- Create index `sales_invoice_fk_10148862` on table `payments`
--
ALTER TABLE payments
ADD INDEX sales_invoice_fk_10148862 (sales_invoice_id);

--
-- Create index `sales_order_fk_10151150` on table `payments`
--
ALTER TABLE payments
ADD INDEX sales_order_fk_10151150 (sales_order_id);

--
-- Create index `user_fk_10151153` on table `payments`
--
ALTER TABLE payments
ADD INDEX user_fk_10151153 (user_id);

--
-- Create table `password_resets`
--
CREATE TABLE password_resets (
  email varchar(255) NOT NULL,
  token varchar(255) NOT NULL,
  created_at timestamp NULL DEFAULT NULL
)
ENGINE = MYISAM,
CHARACTER SET utf8mb3,
CHECKSUM = 0,
COLLATE utf8mb3_general_ci,
ROW_FORMAT = DYNAMIC;

--
-- Create index `password_resets_email_index` on table `password_resets`
--
ALTER TABLE password_resets
ADD INDEX password_resets_email_index (email);

--
-- Create table `parent_categories`
--
CREATE TABLE parent_categories (
  id bigint(20) UNSIGNED NOT NULL AUTO_INCREMENT,
  name varchar(255) NOT NULL,
  active tinyint(1) NOT NULL DEFAULT 0,
  created_at timestamp NULL DEFAULT NULL,
  updated_at timestamp NULL DEFAULT NULL,
  PRIMARY KEY (id)
)
ENGINE = MYISAM,
CHARACTER SET utf8mb3,
CHECKSUM = 0,
COLLATE utf8mb3_general_ci,
ROW_FORMAT = DYNAMIC;

--
-- Create table `packing_types`
--
CREATE TABLE packing_types (
  id bigint(20) UNSIGNED NOT NULL AUTO_INCREMENT,
  name varchar(255) NOT NULL,
  active tinyint(1) NOT NULL DEFAULT 0,
  created_at timestamp NULL DEFAULT NULL,
  updated_at timestamp NULL DEFAULT NULL,
  PRIMARY KEY (id)
)
ENGINE = MYISAM,
CHARACTER SET utf8mb3,
CHECKSUM = 0,
COLLATE utf8mb3_general_ci,
ROW_FORMAT = DYNAMIC;

--
-- Create table `package_items`
--
CREATE TABLE package_items (
  id bigint(20) UNSIGNED NOT NULL AUTO_INCREMENT,
  quantity double(15, 2) DEFAULT NULL,
  created_at timestamp NULL DEFAULT NULL,
  updated_at timestamp NULL DEFAULT NULL,
  package_id bigint(20) UNSIGNED DEFAULT NULL,
  product_id bigint(20) UNSIGNED DEFAULT NULL,
  unit_id bigint(20) UNSIGNED DEFAULT NULL,
  PRIMARY KEY (id)
)
ENGINE = MYISAM,
CHARACTER SET utf8mb3,
CHECKSUM = 0,
COLLATE utf8mb3_general_ci,
ROW_FORMAT = FIXED;

--
-- Create index `package_fk_9903707` on table `package_items`
--
ALTER TABLE package_items
ADD INDEX package_fk_9903707 (package_id);

--
-- Create index `product_fk_9903708` on table `package_items`
--
ALTER TABLE package_items
ADD INDEX product_fk_9903708 (product_id);

--
-- Create index `unit_fk_9903709` on table `package_items`
--
ALTER TABLE package_items
ADD INDEX unit_fk_9903709 (unit_id);

--
-- Create table `packages`
--
CREATE TABLE packages (
  id bigint(20) UNSIGNED NOT NULL AUTO_INCREMENT,
  code varchar(255) NOT NULL,
  reference_no varchar(255) NOT NULL,
  package_date date NOT NULL,
  remarks longtext DEFAULT NULL,
  created_at timestamp NULL DEFAULT NULL,
  updated_at timestamp NULL DEFAULT NULL,
  sales_order_id bigint(20) UNSIGNED DEFAULT NULL,
  sales_invoice_id bigint(20) UNSIGNED DEFAULT NULL,
  user_id bigint(20) UNSIGNED DEFAULT NULL,
  packing_type_id bigint(20) UNSIGNED DEFAULT NULL,
  PRIMARY KEY (id)
)
ENGINE = MYISAM,
CHARACTER SET utf8mb3,
CHECKSUM = 0,
COLLATE utf8mb3_general_ci,
ROW_FORMAT = DYNAMIC;

--
-- Create index `packing_type_fk_9904024` on table `packages`
--
ALTER TABLE packages
ADD INDEX packing_type_fk_9904024 (packing_type_id);

--
-- Create index `sales_invoice_fk_9905780` on table `packages`
--
ALTER TABLE packages
ADD INDEX sales_invoice_fk_9905780 (sales_invoice_id);

--
-- Create index `sales_order_fk_9903660` on table `packages`
--
ALTER TABLE packages
ADD INDEX sales_order_fk_9903660 (sales_order_id);

--
-- Create index `user_fk_9903719` on table `packages`
--
ALTER TABLE packages
ADD INDEX user_fk_9903719 (user_id);

--
-- Create table `migrations`
--
CREATE TABLE migrations (
  id int(10) UNSIGNED NOT NULL AUTO_INCREMENT,
  migration varchar(255) NOT NULL,
  batch int(11) NOT NULL,
  PRIMARY KEY (id)
)
ENGINE = MYISAM,
AUTO_INCREMENT = 92,
AVG_ROW_LENGTH = 67,
CHARACTER SET utf8mb3,
CHECKSUM = 0,
COLLATE utf8mb3_general_ci,
ROW_FORMAT = DYNAMIC;

--
-- Create table `language_term_groups`
--
CREATE TABLE language_term_groups (
  id bigint(20) UNSIGNED NOT NULL AUTO_INCREMENT,
  name varchar(255) NOT NULL,
  active tinyint(1) NOT NULL DEFAULT 0,
  created_at timestamp NULL DEFAULT NULL,
  updated_at timestamp NULL DEFAULT NULL,
  PRIMARY KEY (id)
)
ENGINE = MYISAM,
AUTO_INCREMENT = 59,
AVG_ROW_LENGTH = 34,
CHARACTER SET utf8mb3,
CHECKSUM = 0,
COLLATE utf8mb3_general_ci,
ROW_FORMAT = DYNAMIC;

--
-- Create table `language_terms`
--
CREATE TABLE language_terms (
  id bigint(20) UNSIGNED NOT NULL AUTO_INCREMENT,
  name varchar(255) NOT NULL,
  active tinyint(1) NOT NULL DEFAULT 0,
  created_at timestamp NULL DEFAULT NULL,
  updated_at timestamp NULL DEFAULT NULL,
  language_term_group_id bigint(20) UNSIGNED DEFAULT NULL,
  PRIMARY KEY (id)
)
ENGINE = MYISAM,
AUTO_INCREMENT = 189,
AVG_ROW_LENGTH = 55,
CHARACTER SET utf8mb3,
CHECKSUM = 0,
COLLATE utf8mb3_general_ci,
ROW_FORMAT = DYNAMIC;

--
-- Create index `language_term_group_fk_9530604` on table `language_terms`
--
ALTER TABLE language_terms
ADD INDEX language_term_group_fk_9530604 (language_term_group_id);

--
-- Create index `language_terms_name_unique` on table `language_terms`
--
ALTER TABLE language_terms
ADD UNIQUE INDEX language_terms_name_unique (name);

--
-- Create table `languages`
--
CREATE TABLE languages (
  id bigint(20) UNSIGNED NOT NULL AUTO_INCREMENT,
  name varchar(255) NOT NULL,
  locale varchar(255) NOT NULL,
  active tinyint(1) NOT NULL DEFAULT 0,
  created_at timestamp NULL DEFAULT NULL,
  updated_at timestamp NULL DEFAULT NULL,
  PRIMARY KEY (id)
)
ENGINE = MYISAM,
AUTO_INCREMENT = 2,
AVG_ROW_LENGTH = 36,
CHARACTER SET utf8mb3,
CHECKSUM = 0,
COLLATE utf8mb3_general_ci,
ROW_FORMAT = DYNAMIC;

--
-- Create index `languages_locale_unique` on table `languages`
--
ALTER TABLE languages
ADD UNIQUE INDEX languages_locale_unique (locale);

--
-- Create table `features`
--
CREATE TABLE features (
  id bigint(20) UNSIGNED NOT NULL AUTO_INCREMENT,
  name varchar(255) NOT NULL,
  active tinyint(1) NOT NULL DEFAULT 0,
  created_at timestamp NULL DEFAULT NULL,
  updated_at timestamp NULL DEFAULT NULL,
  PRIMARY KEY (id)
)
ENGINE = MYISAM,
AUTO_INCREMENT = 9,
AVG_ROW_LENGTH = 36,
CHARACTER SET utf8mb3,
CHECKSUM = 0,
COLLATE utf8mb3_general_ci,
ROW_FORMAT = DYNAMIC;

--
-- Create table `estimate_items`
--
CREATE TABLE estimate_items (
  id bigint(20) UNSIGNED NOT NULL AUTO_INCREMENT,
  sku varchar(255) DEFAULT NULL,
  description longtext DEFAULT NULL,
  rate double(10, 2) NOT NULL,
  original_rate double(10, 2) NOT NULL,
  quantity double(10, 2) DEFAULT NULL,
  amount double(10, 2) NOT NULL,
  remarks longtext DEFAULT NULL,
  created_at timestamp NULL DEFAULT NULL,
  updated_at timestamp NULL DEFAULT NULL,
  estimate_id bigint(20) UNSIGNED DEFAULT NULL,
  product_id bigint(20) UNSIGNED DEFAULT NULL,
  unit_id bigint(20) UNSIGNED DEFAULT NULL,
  PRIMARY KEY (id)
)
ENGINE = MYISAM,
CHARACTER SET utf8mb3,
CHECKSUM = 0,
COLLATE utf8mb3_general_ci,
ROW_FORMAT = DYNAMIC;

--
-- Create index `estimate_fk_9572230` on table `estimate_items`
--
ALTER TABLE estimate_items
ADD INDEX estimate_fk_9572230 (estimate_id);

--
-- Create index `product_fk_9572231` on table `estimate_items`
--
ALTER TABLE estimate_items
ADD INDEX product_fk_9572231 (product_id);

--
-- Create index `unit_fk_9572233` on table `estimate_items`
--
ALTER TABLE estimate_items
ADD INDEX unit_fk_9572233 (unit_id);

--
-- Create table `estimate_activities`
--
CREATE TABLE estimate_activities (
  id bigint(20) UNSIGNED NOT NULL AUTO_INCREMENT,
  title varchar(255) NOT NULL,
  description longtext DEFAULT NULL,
  is_active tinyint(1) NOT NULL DEFAULT 0,
  created_at timestamp NULL DEFAULT NULL,
  updated_at timestamp NULL DEFAULT NULL,
  estimate_id bigint(20) UNSIGNED DEFAULT NULL,
  user_id bigint(20) UNSIGNED DEFAULT NULL,
  PRIMARY KEY (id)
)
ENGINE = MYISAM,
CHARACTER SET utf8mb3,
CHECKSUM = 0,
COLLATE utf8mb3_general_ci,
ROW_FORMAT = DYNAMIC;

--
-- Create index `estimate_fk_9576379` on table `estimate_activities`
--
ALTER TABLE estimate_activities
ADD INDEX estimate_fk_9576379 (estimate_id);

--
-- Create index `user_fk_9576382` on table `estimate_activities`
--
ALTER TABLE estimate_activities
ADD INDEX user_fk_9576382 (user_id);

--
-- Create table `estimates`
--
CREATE TABLE estimates (
  id bigint(20) UNSIGNED NOT NULL AUTO_INCREMENT,
  quo_number varchar(255) NOT NULL,
  reference_no varchar(255) DEFAULT NULL,
  type varchar(255) NOT NULL,
  date date DEFAULT NULL,
  estimated_shipment_date date DEFAULT NULL,
  remarks varchar(255) DEFAULT NULL,
  sub_total double(10, 2) NOT NULL,
  tax_total double(10, 2) NOT NULL,
  tax_rate double(10, 2) NOT NULL,
  grand_total double(10, 2) NOT NULL,
  created_at timestamp NULL DEFAULT NULL,
  updated_at timestamp NULL DEFAULT NULL,
  warehouse_id bigint(20) UNSIGNED DEFAULT NULL,
  buyer_id bigint(20) UNSIGNED DEFAULT NULL,
  payment_term_id bigint(20) UNSIGNED DEFAULT NULL,
  PRIMARY KEY (id)
)
ENGINE = MYISAM,
CHARACTER SET utf8mb3,
CHECKSUM = 0,
COLLATE utf8mb3_general_ci,
ROW_FORMAT = DYNAMIC;

--
-- Create index `buyer_fk_9572196` on table `estimates`
--
ALTER TABLE estimates
ADD INDEX buyer_fk_9572196 (buyer_id);

--
-- Create index `payment_term_fk_9572199` on table `estimates`
--
ALTER TABLE estimates
ADD INDEX payment_term_fk_9572199 (payment_term_id);

--
-- Create index `warehouse_fk_9572194` on table `estimates`
--
ALTER TABLE estimates
ADD INDEX warehouse_fk_9572194 (warehouse_id);

--
-- Create table `currencies`
--
CREATE TABLE currencies (
  id bigint(20) UNSIGNED NOT NULL AUTO_INCREMENT,
  code varchar(255) NOT NULL,
  name varchar(255) NOT NULL,
  symbol varchar(255) NOT NULL,
  rate double(9, 5) NOT NULL,
  active tinyint(1) NOT NULL DEFAULT 0,
  created_at timestamp NULL DEFAULT NULL,
  updated_at timestamp NULL DEFAULT NULL,
  PRIMARY KEY (id)
)
ENGINE = MYISAM,
AUTO_INCREMENT = 3,
AVG_ROW_LENGTH = 50,
CHARACTER SET utf8mb3,
CHECKSUM = 0,
COLLATE utf8mb3_general_ci,
ROW_FORMAT = DYNAMIC;

--
-- Create table `countries`
--
CREATE TABLE countries (
  id bigint(20) UNSIGNED NOT NULL AUTO_INCREMENT,
  name varchar(255) NOT NULL,
  active tinyint(1) NOT NULL DEFAULT 0,
  created_at timestamp NULL DEFAULT NULL,
  updated_at timestamp NULL DEFAULT NULL,
  PRIMARY KEY (id)
)
ENGINE = MYISAM,
AUTO_INCREMENT = 11,
AVG_ROW_LENGTH = 37,
CHARACTER SET utf8mb3,
CHECKSUM = 0,
COLLATE utf8mb3_general_ci,
ROW_FORMAT = DYNAMIC;

--
-- Create table `contact_addresses`
--
CREATE TABLE contact_addresses (
  id bigint(20) UNSIGNED NOT NULL AUTO_INCREMENT,
  name varchar(255) DEFAULT NULL,
  address_1 varchar(255) DEFAULT NULL,
  address_2 varchar(255) DEFAULT NULL,
  postal_code varchar(255) DEFAULT NULL,
  phone varchar(255) NOT NULL,
  created_at timestamp NULL DEFAULT NULL,
  updated_at timestamp NULL DEFAULT NULL,
  country_id bigint(20) UNSIGNED DEFAULT NULL,
  state_id bigint(20) UNSIGNED DEFAULT NULL,
  city_id bigint(20) UNSIGNED DEFAULT NULL,
  PRIMARY KEY (id)
)
ENGINE = MYISAM,
AUTO_INCREMENT = 201,
AVG_ROW_LENGTH = 185,
CHARACTER SET utf8mb3,
CHECKSUM = 0,
COLLATE utf8mb3_general_ci,
ROW_FORMAT = DYNAMIC;

--
-- Create index `city_fk_9530972` on table `contact_addresses`
--
ALTER TABLE contact_addresses
ADD INDEX city_fk_9530972 (city_id);

--
-- Create index `country_fk_9530970` on table `contact_addresses`
--
ALTER TABLE contact_addresses
ADD INDEX country_fk_9530970 (country_id);

--
-- Create index `state_fk_9530971` on table `contact_addresses`
--
ALTER TABLE contact_addresses
ADD INDEX state_fk_9530971 (state_id);

--
-- Create table `cities`
--
CREATE TABLE cities (
  id bigint(20) UNSIGNED NOT NULL AUTO_INCREMENT,
  name varchar(255) NOT NULL,
  active tinyint(1) NOT NULL DEFAULT 0,
  created_at timestamp NULL DEFAULT NULL,
  updated_at timestamp NULL DEFAULT NULL,
  state_id bigint(20) UNSIGNED DEFAULT NULL,
  PRIMARY KEY (id)
)
ENGINE = MYISAM,
AUTO_INCREMENT = 251,
AVG_ROW_LENGTH = 44,
CHARACTER SET utf8mb3,
CHECKSUM = 0,
COLLATE utf8mb3_general_ci,
ROW_FORMAT = DYNAMIC;

--
-- Create index `state_fk_9530628` on table `cities`
--
ALTER TABLE cities
ADD INDEX state_fk_9530628 (state_id);

--
-- Create table `categories`
--
CREATE TABLE categories (
  id bigint(20) UNSIGNED NOT NULL AUTO_INCREMENT,
  name varchar(255) NOT NULL,
  active tinyint(1) NOT NULL DEFAULT 0,
  created_at timestamp NULL DEFAULT NULL,
  updated_at timestamp NULL DEFAULT NULL,
  parent_id bigint(20) UNSIGNED DEFAULT NULL,
  PRIMARY KEY (id)
)
ENGINE = MYISAM,
AUTO_INCREMENT = 9,
AVG_ROW_LENGTH = 36,
CHARACTER SET utf8mb3,
CHECKSUM = 0,
COLLATE utf8mb3_general_ci,
ROW_FORMAT = DYNAMIC;

--
-- Create index `parent_fk_9538283` on table `categories`
--
ALTER TABLE categories
ADD INDEX parent_fk_9538283 (parent_id);

--
-- Create table `buyers`
--
CREATE TABLE buyers (
  id bigint(20) UNSIGNED NOT NULL AUTO_INCREMENT,
  code varchar(255) NOT NULL,
  display_name varchar(255) NOT NULL,
  name varchar(255) NOT NULL,
  active tinyint(1) NOT NULL DEFAULT 0,
  remarks longtext DEFAULT NULL,
  phone varchar(255) NOT NULL,
  email varchar(255) NOT NULL,
  created_at timestamp NULL DEFAULT NULL,
  updated_at timestamp NULL DEFAULT NULL,
  deleted_at timestamp NULL DEFAULT NULL,
  currency_id bigint(20) UNSIGNED DEFAULT NULL,
  payment_term_id bigint(20) UNSIGNED DEFAULT NULL,
  billing_address_id bigint(20) UNSIGNED DEFAULT NULL,
  shipping_address_id bigint(20) UNSIGNED DEFAULT NULL,
  PRIMARY KEY (id)
)
ENGINE = MYISAM,
AUTO_INCREMENT = 51,
AVG_ROW_LENGTH = 187,
CHARACTER SET utf8mb3,
CHECKSUM = 0,
COLLATE utf8mb3_general_ci,
ROW_FORMAT = DYNAMIC;

--
-- Create index `billing_address_fk_9531140` on table `buyers`
--
ALTER TABLE buyers
ADD INDEX billing_address_fk_9531140 (billing_address_id);

--
-- Create index `currency_fk_9531138` on table `buyers`
--
ALTER TABLE buyers
ADD INDEX currency_fk_9531138 (currency_id);

--
-- Create index `payment_term_fk_9531139` on table `buyers`
--
ALTER TABLE buyers
ADD INDEX payment_term_fk_9531139 (payment_term_id);

--
-- Create index `shipping_address_fk_9531141` on table `buyers`
--
ALTER TABLE buyers
ADD INDEX shipping_address_fk_9531141 (shipping_address_id);

-- 
-- Dumping data for table warehouses
--
INSERT INTO warehouses VALUES
(1, 'Main Warehouse', 'WH-000001', '1234 Main Street', 'Suite 200', '12345', '', '', '2024-10-01 04:31:15', '2024-10-01 04:31:15', 1, 1, 1);

-- 
-- Dumping data for table users
--
INSERT INTO users VALUES
(1, 'Admin', 'admin@admin.com', NULL, '$2y$10$sGPr0RCBtq2MqbYg.uPxyO.EPMbn9QFFLVAnkKDkG5mbQLmoAbQD6', NULL, 1, NULL, '2024-10-01 04:31:14', '2024-10-01 04:31:14', NULL);

-- 
-- Dumping data for table units
--
INSERT INTO units VALUES
(1, 'Each', 1, '2024-10-01 04:31:15', '2024-10-01 04:31:15'),
(2, 'Per Meter', 1, '2024-10-01 04:31:15', '2024-10-01 04:31:15'),
(3, 'Per Sheet', 1, '2024-10-01 04:31:15', '2024-10-01 04:31:15'),
(4, 'Per Piece', 1, '2024-10-01 04:31:15', '2024-10-01 04:31:15'),
(5, 'Per Bag', 1, '2024-10-01 04:31:15', '2024-10-01 04:31:15'),
(6, 'Job Lot', 1, '2024-10-01 04:31:15', '2024-10-01 04:31:15'),
(7, 'Per Set', 1, '2024-10-01 04:31:15', '2024-10-01 04:31:15'),
(8, 'Per Mat', 1, '2024-10-01 04:31:15', '2024-10-01 04:31:15'),
(9, 'Per Board', 1, '2024-10-01 04:31:15', '2024-10-01 04:31:15'),
(10, 'Per Trim', 1, '2024-10-01 04:31:15', '2024-10-01 04:31:15'),
(11, 'Per Lube', 1, '2024-10-01 04:31:15', '2024-10-01 04:31:15'),
(12, 'Per Tube', 1, '2024-10-01 04:31:15', '2024-10-01 04:31:15'),
(13, 'Per Box', 1, '2024-10-01 04:31:15', '2024-10-01 04:31:15');

-- 
-- Dumping data for table translations
--
INSERT INTO translations VALUES
(1, 'Dashboard', '2024-10-01 04:31:14', '2024-10-01 04:31:14', 1, 1),
(2, 'Configuration', '2024-10-01 04:31:14', '2024-10-01 04:31:14', 1, 2),
(3, 'Settings', '2024-10-01 04:31:14', '2024-10-01 04:31:14', 1, 3),
(4, 'Modules', '2024-10-01 04:31:14', '2024-10-01 04:31:14', 1, 4),
(5, 'Save', '2024-10-01 04:31:14', '2024-10-01 04:31:14', 1, 5),
(6, 'Cancel', '2024-10-01 04:31:14', '2024-10-01 04:31:14', 1, 6),
(7, 'Actions', '2024-10-01 04:31:14', '2024-10-01 04:31:14', 1, 7),
(8, 'Inventory', '2024-10-01 04:31:14', '2024-10-01 04:31:14', 1, 8),
(9, 'Sign-in', '2024-10-01 04:31:14', '2024-10-01 04:31:14', 1, 9),
(10, 'Sign-up', '2024-10-01 04:31:14', '2024-10-01 04:31:14', 1, 10),
(11, 'Password Reset', '2024-10-01 04:31:14', '2024-10-01 04:31:14', 1, 11),
(12, 'Error 404', '2024-10-01 04:31:14', '2024-10-01 04:31:14', 1, 12),
(13, 'Error 500', '2024-10-01 04:31:14', '2024-10-01 04:31:14', 1, 13),
(14, 'Start searching...', '2024-10-01 04:31:14', '2024-10-01 04:31:14', 1, 14),
(15, 'No results found', '2024-10-01 04:31:14', '2024-10-01 04:31:14', 1, 15),
(16, 'Please wait...', '2024-10-01 04:31:14', '2024-10-01 04:31:14', 1, 16),
(17, 'Sign-in to your account', '2024-10-01 04:31:14', '2024-10-01 04:31:14', 1, 17),
(18, 'Amount', '2024-10-01 04:31:14', '2024-10-01 04:31:14', 1, 18),
(19, 'Sub Total', '2024-10-01 04:31:14', '2024-10-01 04:31:14', 1, 19),
(20, 'Discount Total', '2024-10-01 04:31:14', '2024-10-01 04:31:14', 1, 20),
(21, 'Tax Total', '2024-10-01 04:31:14', '2024-10-01 04:31:14', 1, 21),
(22, 'Grand Total', '2024-10-01 04:31:14', '2024-10-01 04:31:14', 1, 22),
(23, 'ID', '2024-10-01 04:31:14', '2024-10-01 04:31:14', 1, 23),
(24, 'Title', '2024-10-01 04:31:14', '2024-10-01 04:31:14', 1, 24),
(25, 'Group', '2024-10-01 04:31:14', '2024-10-01 04:31:14', 1, 25),
(26, 'Permissions', '2024-10-01 04:31:14', '2024-10-01 04:31:14', 1, 26),
(27, 'Has Admin Access', '2024-10-01 04:31:14', '2024-10-01 04:31:14', 1, 27),
(28, 'Name', '2024-10-01 04:31:14', '2024-10-01 04:31:14', 1, 28),
(29, 'Email', '2024-10-01 04:31:14', '2024-10-01 04:31:14', 1, 29),
(30, 'Email verified at', '2024-10-01 04:31:14', '2024-10-01 04:31:14', 1, 30),
(31, 'Password', '2024-10-01 04:31:14', '2024-10-01 04:31:14', 1, 31),
(32, 'Roles', '2024-10-01 04:31:14', '2024-10-01 04:31:14', 1, 32),
(33, 'Remember Token', '2024-10-01 04:31:14', '2024-10-01 04:31:14', 1, 33),
(34, 'Active', '2024-10-01 04:31:14', '2024-10-01 04:31:14', 1, 34),
(35, 'Locale', '2024-10-01 04:31:14', '2024-10-01 04:31:14', 1, 35),
(36, 'Translations', '2024-10-01 04:31:14', '2024-10-01 04:31:14', 1, 36),
(37, 'Language Term Group', '2024-10-01 04:31:14', '2024-10-01 04:31:14', 1, 37),
(38, 'Language', '2024-10-01 04:31:14', '2024-10-01 04:31:14', 1, 38),
(39, 'Language Term', '2024-10-01 04:31:14', '2024-10-01 04:31:14', 1, 39),
(40, 'Translation', '2024-10-01 04:31:14', '2024-10-01 04:31:14', 1, 40),
(41, 'Country', '2024-10-01 04:31:14', '2024-10-01 04:31:14', 1, 41),
(42, 'State', '2024-10-01 04:31:14', '2024-10-01 04:31:14', 1, 42),
(43, 'Created at', '2024-10-01 04:31:14', '2024-10-01 04:31:14', 1, 43),
(44, 'Updated at', '2024-10-01 04:31:14', '2024-10-01 04:31:14', 1, 44),
(45, 'Code', '2024-10-01 04:31:14', '2024-10-01 04:31:14', 1, 45),
(46, 'Symbol', '2024-10-01 04:31:14', '2024-10-01 04:31:14', 1, 46),
(47, 'Rate', '2024-10-01 04:31:14', '2024-10-01 04:31:14', 1, 47),
(48, 'No of Days', '2024-10-01 04:31:14', '2024-10-01 04:31:14', 1, 48),
(49, 'Address 1', '2024-10-01 04:31:14', '2024-10-01 04:31:14', 1, 49),
(50, 'Address 2', '2024-10-01 04:31:14', '2024-10-01 04:31:14', 1, 50),
(51, 'City', '2024-10-01 04:31:14', '2024-10-01 04:31:14', 1, 51),
(52, 'Postal Code', '2024-10-01 04:31:14', '2024-10-01 04:31:14', 1, 52),
(53, 'Display Name', '2024-10-01 04:31:14', '2024-10-01 04:31:14', 1, 53),
(54, 'Payment Term', '2024-10-01 04:31:14', '2024-10-01 04:31:14', 1, 54),
(55, 'Billing Address', '2024-10-01 04:31:14', '2024-10-01 04:31:14', 1, 55),
(56, 'Shipping Address', '2024-10-01 04:31:14', '2024-10-01 04:31:14', 1, 56),
(57, 'Currency', '2024-10-01 04:31:14', '2024-10-01 04:31:14', 1, 57),
(58, 'Remarks', '2024-10-01 04:31:14', '2024-10-01 04:31:14', 1, 58),
(59, 'Category', '2024-10-01 04:31:14', '2024-10-01 04:31:14', 1, 59),
(60, 'Description', '2024-10-01 04:31:14', '2024-10-01 04:31:14', 1, 60),
(61, 'Supplier', '2024-10-01 04:31:14', '2024-10-01 04:31:14', 1, 61),
(62, 'User', '2024-10-01 04:31:14', '2024-10-01 04:31:14', 1, 62),
(63, 'Sku', '2024-10-01 04:31:14', '2024-10-01 04:31:14', 1, 63),
(64, 'Manufacturer', '2024-10-01 04:31:14', '2024-10-01 04:31:14', 1, 64),
(65, 'Unit 01', '2024-10-01 04:31:14', '2024-10-01 04:31:14', 1, 65),
(66, 'Unit 02', '2024-10-01 04:31:14', '2024-10-01 04:31:14', 1, 66),
(67, 'Is Returnable', '2024-10-01 04:31:14', '2024-10-01 04:31:14', 1, 67),
(68, 'Product', '2024-10-01 04:31:14', '2024-10-01 04:31:14', 1, 68),
(69, 'Feature', '2024-10-01 04:31:14', '2024-10-01 04:31:14', 1, 69),
(70, 'Deleted at', '2024-10-01 04:31:14', '2024-10-01 04:31:14', 1, 70),
(71, 'Unit', '2024-10-01 04:31:14', '2024-10-01 04:31:14', 1, 71),
(72, 'Purchase Price', '2024-10-01 04:31:14', '2024-10-01 04:31:14', 1, 72),
(73, 'Sale Price', '2024-10-01 04:31:14', '2024-10-01 04:31:14', 1, 73),
(74, 'Lowest Sale Price', '2024-10-01 04:31:14', '2024-10-01 04:31:14', 1, 74),
(75, 'Number', '2024-10-01 04:31:14', '2024-10-01 04:31:14', 1, 75),
(76, 'Shelf', '2024-10-01 04:31:14', '2024-10-01 04:31:14', 1, 76),
(77, 'Manufacturer Batch No', '2024-10-01 04:31:14', '2024-10-01 04:31:14', 1, 77),
(78, 'Manufacturer Date', '2024-10-01 04:31:14', '2024-10-01 04:31:14', 1, 78),
(79, 'Expiry Date', '2024-10-01 04:31:14', '2024-10-01 04:31:14', 1, 79),
(80, 'Order No', '2024-10-01 04:31:14', '2024-10-01 04:31:14', 1, 80),
(81, 'Warehouse', '2024-10-01 04:31:14', '2024-10-01 04:31:14', 1, 81),
(82, 'Batch', '2024-10-01 04:31:14', '2024-10-01 04:31:14', 1, 82),
(83, 'Reason', '2024-10-01 04:31:14', '2024-10-01 04:31:14', 1, 83),
(84, 'Date', '2024-10-01 04:31:14', '2024-10-01 04:31:14', 1, 84),
(85, 'Quantity', '2024-10-01 04:31:14', '2024-10-01 04:31:14', 1, 85),
(86, 'PO #', '2024-10-01 04:31:14', '2024-10-01 04:31:14', 1, 86),
(87, 'Estimated Shipment Date', '2024-10-01 04:31:14', '2024-10-01 04:31:14', 1, 87),
(88, 'Type', '2024-10-01 04:31:14', '2024-10-01 04:31:14', 1, 88),
(89, 'Price Term', '2024-10-01 04:31:14', '2024-10-01 04:31:14', 1, 89),
(90, 'Shipment Mode', '2024-10-01 04:31:14', '2024-10-01 04:31:14', 1, 90),
(91, 'Freight Total', '2024-10-01 04:31:14', '2024-10-01 04:31:14', 1, 91),
(92, 'Discount Type', '2024-10-01 04:31:14', '2024-10-01 04:31:14', 1, 92),
(93, 'Discount Total', '2024-10-01 04:31:14', '2024-10-01 04:31:14', 1, 93),
(94, 'Discount Rate', '2024-10-01 04:31:14', '2024-10-01 04:31:14', 1, 94),
(95, 'Sub Total', '2024-10-01 04:31:14', '2024-10-01 04:31:14', 1, 95),
(96, 'Tax Rate', '2024-10-01 04:31:14', '2024-10-01 04:31:14', 1, 96),
(97, 'Tax Total', '2024-10-01 04:31:14', '2024-10-01 04:31:14', 1, 97),
(98, 'Grand Total', '2024-10-01 04:31:14', '2024-10-01 04:31:14', 1, 98),
(99, 'Purchase Order', '2024-10-01 04:31:14', '2024-10-01 04:31:14', 1, 99),
(100, 'SO #', '2024-10-01 04:31:14', '2024-10-01 04:31:14', 1, 100),
(101, 'QUO #', '2024-10-01 04:31:14', '2024-10-01 04:31:14', 1, 101),
(102, 'Reference No', '2024-10-01 04:31:14', '2024-10-01 04:31:14', 1, 102),
(103, 'Buyer', '2024-10-01 04:31:14', '2024-10-01 04:31:14', 1, 103),
(104, 'Sales Order', '2024-10-01 04:31:14', '2024-10-01 04:31:14', 1, 104),
(105, 'Original Rate', '2024-10-01 04:31:14', '2024-10-01 04:31:14', 1, 105),
(106, 'QUO#', '2024-10-01 04:31:14', '2024-10-01 04:31:14', 1, 106),
(107, 'Estimate', '2024-10-01 04:31:14', '2024-10-01 04:31:14', 1, 107),
(108, 'Invoice Number', '2024-10-01 04:31:14', '2024-10-01 04:31:14', 1, 108),
(109, 'Due Date', '2024-10-01 04:31:14', '2024-10-01 04:31:14', 1, 109),
(110, 'Remark', '2024-10-01 04:31:14', '2024-10-01 04:31:14', 1, 110),
(111, 'Sales Invoice', '2024-10-01 04:31:14', '2024-10-01 04:31:14', 1, 111),
(112, 'Is Active', '2024-10-01 04:31:14', '2024-10-01 04:31:14', 1, 112),
(113, 'Sale Invoice', '2024-10-01 04:31:14', '2024-10-01 04:31:14', 1, 113),
(114, 'Purchase', '2024-10-01 04:31:14', '2024-10-01 04:31:14', 1, 114),
(115, 'Purchase Invoice', '2024-10-01 04:31:14', '2024-10-01 04:31:14', 1, 115),
(116, 'Package Date', '2024-10-01 04:31:14', '2024-10-01 04:31:14', 1, 116),
(117, 'Packing Type', '2024-10-01 04:31:14', '2024-10-01 04:31:14', 1, 117),
(118, 'Package', '2024-10-01 04:31:14', '2024-10-01 04:31:14', 1, 118),
(119, 'Shipment Date', '2024-10-01 04:31:14', '2024-10-01 04:31:14', 1, 119),
(120, 'Delivery Date', '2024-10-01 04:31:14', '2024-10-01 04:31:14', 1, 120),
(121, 'Purchase Receive', '2024-10-01 04:31:14', '2024-10-01 04:31:14', 1, 121),
(122, 'Payment Mode', '2024-10-01 04:31:14', '2024-10-01 04:31:14', 1, 122),
(123, 'Payment Date', '2024-10-01 04:31:14', '2024-10-01 04:31:14', 1, 123),
(124, 'Payment Type', '2024-10-01 04:31:14', '2024-10-01 04:31:14', 1, 124),
(125, 'Tran Type', '2024-10-01 04:31:14', '2024-10-01 04:31:14', 1, 125),
(126, 'Document', '2024-10-01 04:31:14', '2024-10-01 04:31:14', 1, 126),
(127, 'Order Quantity', '2024-10-01 04:31:14', '2024-10-01 04:31:14', 1, 127),
(128, 'Received Quantity', '2024-10-01 04:31:14', '2024-10-01 04:31:14', 1, 128),
(129, 'Balance Quantity', '2024-10-01 04:31:14', '2024-10-01 04:31:14', 1, 129),
(130, 'Packed Quantity', '2024-10-01 04:31:14', '2024-10-01 04:31:14', 1, 130),
(131, 'Estimated Delivery Date', '2024-10-01 04:31:14', '2024-10-01 04:31:14', 1, 131),
(132, 'Users', '2024-10-01 04:31:14', '2024-10-01 04:31:14', 1, 132),
(133, 'Permissions', '2024-10-01 04:31:15', '2024-10-01 04:31:15', 1, 133),
(134, 'Roles', '2024-10-01 04:31:15', '2024-10-01 04:31:15', 1, 134),
(135, 'Users', '2024-10-01 04:31:15', '2024-10-01 04:31:15', 1, 135),
(136, 'Permission Groups', '2024-10-01 04:31:15', '2024-10-01 04:31:15', 1, 136),
(137, 'Localization', '2024-10-01 04:31:15', '2024-10-01 04:31:15', 1, 137),
(138, 'Languages', '2024-10-01 04:31:15', '2024-10-01 04:31:15', 1, 138),
(139, 'Language Terms', '2024-10-01 04:31:15', '2024-10-01 04:31:15', 1, 139),
(140, 'Translations', '2024-10-01 04:31:15', '2024-10-01 04:31:15', 1, 140),
(141, 'Language Term Group', '2024-10-01 04:31:15', '2024-10-01 04:31:15', 1, 141),
(142, 'Countries', '2024-10-01 04:31:15', '2024-10-01 04:31:15', 1, 142),
(143, 'States', '2024-10-01 04:31:15', '2024-10-01 04:31:15', 1, 143),
(144, 'Cities', '2024-10-01 04:31:15', '2024-10-01 04:31:15', 1, 144),
(145, 'Masters', '2024-10-01 04:31:15', '2024-10-01 04:31:15', 1, 145),
(146, 'Units', '2024-10-01 04:31:15', '2024-10-01 04:31:15', 1, 146),
(147, 'Modes of Payment', '2024-10-01 04:31:15', '2024-10-01 04:31:15', 1, 147),
(148, 'Modes of Shipment', '2024-10-01 04:31:15', '2024-10-01 04:31:15', 1, 148),
(149, 'Type of Packing', '2024-10-01 04:31:15', '2024-10-01 04:31:15', 1, 149),
(150, 'Currencies', '2024-10-01 04:31:15', '2024-10-01 04:31:15', 1, 150),
(151, 'Payment Terms', '2024-10-01 04:31:15', '2024-10-01 04:31:15', 1, 151),
(152, 'Contacts', '2024-10-01 04:31:15', '2024-10-01 04:31:15', 1, 152),
(153, 'Extras', '2024-10-01 04:31:15', '2024-10-01 04:31:15', 1, 153),
(154, 'Contact Address', '2024-10-01 04:31:15', '2024-10-01 04:31:15', 1, 154),
(155, 'Supplier', '2024-10-01 04:31:15', '2024-10-01 04:31:15', 1, 155),
(156, 'Buyer', '2024-10-01 04:31:15', '2024-10-01 04:31:15', 1, 156),
(157, 'Inventory', '2024-10-01 04:31:15', '2024-10-01 04:31:15', 1, 157),
(158, 'Categories', '2024-10-01 04:31:15', '2024-10-01 04:31:15', 1, 158),
(159, 'Products', '2024-10-01 04:31:15', '2024-10-01 04:31:15', 1, 159),
(160, 'Features', '2024-10-01 04:31:15', '2024-10-01 04:31:15', 1, 160),
(161, 'Product Feature', '2024-10-01 04:31:15', '2024-10-01 04:31:15', 1, 161),
(162, 'Product Price', '2024-10-01 04:31:15', '2024-10-01 04:31:15', 1, 162),
(163, 'Warehouses', '2024-10-01 04:31:15', '2024-10-01 04:31:15', 1, 163),
(164, 'Shelf', '2024-10-01 04:31:15', '2024-10-01 04:31:15', 1, 164),
(165, 'Product Batch', '2024-10-01 04:31:15', '2024-10-01 04:31:15', 1, 165),
(166, 'Product Inventory', '2024-10-01 04:31:15', '2024-10-01 04:31:15', 1, 166),
(167, 'Parent Category', '2024-10-01 04:31:15', '2024-10-01 04:31:15', 1, 167),
(168, 'Purchases', '2024-10-01 04:31:15', '2024-10-01 04:31:15', 1, 168),
(169, 'Purchase Orders', '2024-10-01 04:31:15', '2024-10-01 04:31:15', 1, 169),
(170, 'Purchase Order Item', '2024-10-01 04:31:15', '2024-10-01 04:31:15', 1, 170),
(171, 'Sales', '2024-10-01 04:31:15', '2024-10-01 04:31:15', 1, 171),
(172, 'Sales Order', '2024-10-01 04:31:15', '2024-10-01 04:31:15', 1, 172),
(173, 'Sales Order Item', '2024-10-01 04:31:15', '2024-10-01 04:31:15', 1, 173),
(174, 'Estimate', '2024-10-01 04:31:15', '2024-10-01 04:31:15', 1, 174),
(175, 'Estimate Item', '2024-10-01 04:31:15', '2024-10-01 04:31:15', 1, 175),
(176, 'Sales Invoice', '2024-10-01 04:31:15', '2024-10-01 04:31:15', 1, 176),
(177, 'Sales Invoice Item', '2024-10-01 04:31:15', '2024-10-01 04:31:15', 1, 177),
(178, 'Sales Order Activity', '2024-10-01 04:31:15', '2024-10-01 04:31:15', 1, 178),
(179, 'Sales Invoice Activity', '2024-10-01 04:31:15', '2024-10-01 04:31:15', 1, 179),
(180, 'Estimate Activity', '2024-10-01 04:31:15', '2024-10-01 04:31:15', 1, 180),
(181, 'Purchase Invoices', '2024-10-01 04:31:15', '2024-10-01 04:31:15', 1, 181),
(182, 'Purchase Invoice Items', '2024-10-01 04:31:15', '2024-10-01 04:31:15', 1, 182),
(183, 'Packages', '2024-10-01 04:31:15', '2024-10-01 04:31:15', 1, 183),
(184, 'Package Items', '2024-10-01 04:31:15', '2024-10-01 04:31:15', 1, 184),
(185, 'Shipments', '2024-10-01 04:31:15', '2024-10-01 04:31:15', 1, 185),
(186, 'Purchase Receives', '2024-10-01 04:31:15', '2024-10-01 04:31:15', 1, 186),
(187, 'Purchase Receive Items', '2024-10-01 04:31:15', '2024-10-01 04:31:15', 1, 187),
(188, 'Payments', '2024-10-01 04:31:15', '2024-10-01 04:31:15', 1, 188);

-- 
-- Dumping data for table suppliers
--
INSERT INTO suppliers VALUES
(1, 'SUP-000001', 'Reynolds, Rodriguez and Price', 'Reynolds, Rodriguez and Price', 1, 'ziemann.alana@example.org', '1-870-615-2851', 'Excepturi odit et sit natus.', '2024-10-01 04:31:16', '2024-10-01 04:31:16', 1, 101, 102, 1),
(2, 'SUP-000001', 'Howell, Rohan and Mohr', 'Howell, Rohan and Mohr', 1, 'fritz.farrell@example.net', '+16575222641', 'Cumque quia assumenda et libero.', '2024-10-01 04:31:16', '2024-10-01 04:31:16', 1, 103, 104, 1),
(3, 'SUP-000001', 'Thompson LLC', 'Thompson LLC', 1, 'glangosh@example.com', '424-728-5534', 'Nam qui minima quis est totam voluptatem totam.', '2024-10-01 04:31:16', '2024-10-01 04:31:16', 1, 105, 106, 1),
(4, 'SUP-000001', 'Cormier, Hickle and Kreiger', 'Cormier, Hickle and Kreiger', 1, 'rohan.rosalee@example.com', '385-926-5076', 'Quis aspernatur non exercitationem ipsa vel qui non sed.', '2024-10-01 04:31:16', '2024-10-01 04:31:16', 1, 107, 108, 1),
(5, 'SUP-000001', 'Lang, Koch and Hammes', 'Lang, Koch and Hammes', 1, 'bryon98@example.net', '(331) 591-5391', 'Quia maiores libero nam qui.', '2024-10-01 04:31:16', '2024-10-01 04:31:16', 1, 109, 110, 2),
(6, 'SUP-000001', 'Trantow PLC', 'Trantow PLC', 1, 'lemke.keira@example.com', '+1-870-334-0995', 'Dicta autem beatae qui asperiores.', '2024-10-01 04:31:16', '2024-10-01 04:31:16', 1, 111, 112, 2),
(7, 'SUP-000001', 'Upton, Wolf and McDermott', 'Upton, Wolf and McDermott', 1, 'macejkovic.kurtis@example.net', '949-819-2508', 'Doloremque tenetur unde corrupti minima voluptas et delectus.', '2024-10-01 04:31:16', '2024-10-01 04:31:16', 1, 113, 114, 2),
(8, 'SUP-000001', 'Robel Inc', 'Robel Inc', 1, 'erich.gislason@example.com', '332.577.6303', 'Quos qui dicta nesciunt quia doloribus reprehenderit voluptate.', '2024-10-01 04:31:16', '2024-10-01 04:31:16', 1, 115, 116, 1),
(9, 'SUP-000001', 'Marvin-Gislason', 'Marvin-Gislason', 1, 'white.shanny@example.com', '+1.770.349.2899', 'Aut vitae quisquam quis et tenetur occaecati.', '2024-10-01 04:31:16', '2024-10-01 04:31:16', 1, 117, 118, 2),
(10, 'SUP-000001', 'Collins-Rutherford', 'Collins-Rutherford', 1, 'kokon@example.net', '858.314.5481', 'Laborum voluptate alias distinctio id.', '2024-10-01 04:31:16', '2024-10-01 04:31:16', 1, 119, 120, 2),
(11, 'SUP-000001', 'Dibbert LLC', 'Dibbert LLC', 1, 'nasir78@example.org', '214.533.2554', 'Dolores sed commodi qui exercitationem.', '2024-10-01 04:31:16', '2024-10-01 04:31:16', 1, 121, 122, 1),
(12, 'SUP-000001', 'Steuber, Green and Klein', 'Steuber, Green and Klein', 1, 'easton79@example.com', '+1-320-298-0029', 'Ducimus illo velit aperiam repellendus.', '2024-10-01 04:31:16', '2024-10-01 04:31:16', 1, 123, 124, 2),
(13, 'SUP-000001', 'Thompson-Homenick', 'Thompson-Homenick', 1, 'koepp.kailey@example.com', '928.575.4755', 'Ex mollitia necessitatibus et accusantium fuga veritatis.', '2024-10-01 04:31:16', '2024-10-01 04:31:16', 1, 125, 126, 1),
(14, 'SUP-000001', 'Lakin, Kilback and Franecki', 'Lakin, Kilback and Franecki', 1, 'tatum.keebler@example.net', '+1 (940) 291-7959', 'Totam eaque eos sit iusto.', '2024-10-01 04:31:16', '2024-10-01 04:31:16', 1, 127, 128, 2),
(15, 'SUP-000001', 'Gusikowski and Sons', 'Gusikowski and Sons', 1, 'bryce.breitenberg@example.org', '(934) 853-2810', 'Aut id et et inventore minima nihil.', '2024-10-01 04:31:16', '2024-10-01 04:31:16', 1, 129, 130, 2),
(16, 'SUP-000001', 'Mayer, Lueilwitz and Altenwerth', 'Mayer, Lueilwitz and Altenwerth', 1, 'vonrueden.caleigh@example.com', '+18132733566', 'Soluta labore ducimus et mollitia hic.', '2024-10-01 04:31:16', '2024-10-01 04:31:16', 1, 131, 132, 2),
(17, 'SUP-000001', 'Farrell, Deckow and Bernhard', 'Farrell, Deckow and Bernhard', 1, 'bert.hane@example.com', '+1-208-936-1413', 'Odit voluptatibus ut sed voluptatem delectus explicabo magni.', '2024-10-01 04:31:16', '2024-10-01 04:31:16', 1, 133, 134, 2),
(18, 'SUP-000001', 'Langworth, Wisoky and Breitenberg', 'Langworth, Wisoky and Breitenberg', 1, 'kathlyn21@example.net', '(770) 909-3397', 'Voluptas deleniti fuga fugit error ad pariatur.', '2024-10-01 04:31:16', '2024-10-01 04:31:16', 1, 135, 136, 1),
(19, 'SUP-000001', 'Kovacek-Wisoky', 'Kovacek-Wisoky', 1, 'tyrell71@example.net', '501.834.0878', 'Dolore sit amet aliquam recusandae.', '2024-10-01 04:31:16', '2024-10-01 04:31:16', 1, 137, 138, 1),
(20, 'SUP-000001', 'Willms, Conroy and Schulist', 'Willms, Conroy and Schulist', 1, 'quitzon.deja@example.com', '425.994.3291', 'Possimus rerum numquam corrupti architecto praesentium similique odio.', '2024-10-01 04:31:16', '2024-10-01 04:31:16', 1, 139, 140, 2),
(21, 'SUP-000001', 'Tillman, Zulauf and Bruen', 'Tillman, Zulauf and Bruen', 1, 'kathleen.jones@example.org', '+1.812.803.8663', 'Accusamus qui enim eligendi autem sunt.', '2024-10-01 04:31:16', '2024-10-01 04:31:16', 1, 141, 142, 2),
(22, 'SUP-000001', 'Hamill, Klein and Cormier', 'Hamill, Klein and Cormier', 1, 'mosciski.milo@example.com', '786-889-6837', 'Est repellendus exercitationem voluptatem.', '2024-10-01 04:31:16', '2024-10-01 04:31:16', 1, 143, 144, 1),
(23, 'SUP-000001', 'Graham-Hintz', 'Graham-Hintz', 1, 'loren43@example.net', '618.956.5524', 'Iste possimus autem a aut repudiandae qui totam.', '2024-10-01 04:31:16', '2024-10-01 04:31:16', 1, 145, 146, 1),
(24, 'SUP-000001', 'Bechtelar, Barton and Gleichner', 'Bechtelar, Barton and Gleichner', 1, 'wiza.rocio@example.net', '(520) 833-6352', 'Numquam cupiditate maiores praesentium qui rem non.', '2024-10-01 04:31:16', '2024-10-01 04:31:16', 1, 147, 148, 2),
(25, 'SUP-000001', 'Crooks, Denesik and Spinka', 'Crooks, Denesik and Spinka', 1, 'frederic21@example.org', '+1-781-649-6894', 'Ea possimus non ipsa sed aliquid suscipit et.', '2024-10-01 04:31:16', '2024-10-01 04:31:16', 1, 149, 150, 2),
(26, 'SUP-000001', 'Schneider-Reichert', 'Schneider-Reichert', 1, 'harris.candice@example.org', '(539) 235-3083', 'Delectus voluptate laborum ut praesentium.', '2024-10-01 04:31:16', '2024-10-01 04:31:16', 1, 151, 152, 2),
(27, 'SUP-000001', 'Kreiger Ltd', 'Kreiger Ltd', 1, 'jeanie07@example.net', '(346) 409-1092', 'Accusantium maiores fugiat quia beatae.', '2024-10-01 04:31:16', '2024-10-01 04:31:16', 1, 153, 154, 1),
(28, 'SUP-000001', 'Welch, Kuhic and Parker', 'Welch, Kuhic and Parker', 1, 'zulauf.alisha@example.org', '559.246.1970', 'Quis fugit illum dolorem aut facere voluptatem dolorem.', '2024-10-01 04:31:16', '2024-10-01 04:31:16', 1, 155, 156, 1),
(29, 'SUP-000001', 'Kuvalis Group', 'Kuvalis Group', 1, 'elza.abernathy@example.org', '1-930-495-3980', 'Voluptates quam autem nihil neque nihil beatae.', '2024-10-01 04:31:16', '2024-10-01 04:31:16', 1, 157, 158, 2),
(30, 'SUP-000001', 'Goodwin Inc', 'Goodwin Inc', 1, 'batz.camille@example.org', '208.591.0971', 'Provident eius et voluptate aliquam consequatur quod consequatur.', '2024-10-01 04:31:16', '2024-10-01 04:31:16', 1, 159, 160, 2),
(31, 'SUP-000001', 'Shields Ltd', 'Shields Ltd', 1, 'mhermiston@example.com', '(443) 498-4888', 'Consequuntur molestias culpa aspernatur.', '2024-10-01 04:31:16', '2024-10-01 04:31:16', 1, 161, 162, 2),
(32, 'SUP-000001', 'Hirthe and Sons', 'Hirthe and Sons', 1, 'chelsie30@example.org', '+18702771875', 'Voluptates ex autem nihil modi libero aperiam qui.', '2024-10-01 04:31:16', '2024-10-01 04:31:16', 1, 163, 164, 2),
(33, 'SUP-000001', 'Goyette Inc', 'Goyette Inc', 1, 'reichel.shanie@example.org', '+1.315.346.3150', 'Dolor temporibus dolor a eos incidunt aliquid molestiae.', '2024-10-01 04:31:16', '2024-10-01 04:31:16', 1, 165, 166, 1),
(34, 'SUP-000001', 'Durgan LLC', 'Durgan LLC', 1, 'qdonnelly@example.org', '239.498.3908', 'Accusantium mollitia quas et odit dolor.', '2024-10-01 04:31:16', '2024-10-01 04:31:16', 1, 167, 168, 1),
(35, 'SUP-000001', 'Kuvalis, Hirthe and Goyette', 'Kuvalis, Hirthe and Goyette', 1, 'xwilliamson@example.org', '+1.570.291.9528', 'Pariatur voluptas incidunt facilis quidem omnis placeat consequatur.', '2024-10-01 04:31:16', '2024-10-01 04:31:16', 1, 169, 170, 1),
(36, 'SUP-000001', 'Shields, Hermann and Upton', 'Shields, Hermann and Upton', 1, 'langosh.hilda@example.org', '832-605-0697', 'Dolores culpa mollitia deserunt et ipsum.', '2024-10-01 04:31:16', '2024-10-01 04:31:16', 1, 171, 172, 2),
(37, 'SUP-000001', 'Leannon Group', 'Leannon Group', 1, 'ollie60@example.org', '1-530-940-8845', 'Neque numquam quidem sit rem ipsam nemo.', '2024-10-01 04:31:16', '2024-10-01 04:31:16', 1, 173, 174, 2),
(38, 'SUP-000001', 'Bogan, Bahringer and Larkin', 'Bogan, Bahringer and Larkin', 1, 'lindgren.ella@example.net', '1-980-276-2039', 'Alias consequatur optio dolorem et magnam.', '2024-10-01 04:31:16', '2024-10-01 04:31:16', 1, 175, 176, 1),
(39, 'SUP-000001', 'Skiles Group', 'Skiles Group', 1, 'irath@example.net', '815-248-1415', 'Facilis earum magnam corrupti expedita.', '2024-10-01 04:31:16', '2024-10-01 04:31:16', 1, 177, 178, 1),
(40, 'SUP-000001', 'Nader Inc', 'Nader Inc', 1, 'emilio.ward@example.net', '765-984-3407', 'Ut laudantium excepturi eum modi qui et.', '2024-10-01 04:31:16', '2024-10-01 04:31:16', 1, 179, 180, 1),
(41, 'SUP-000001', 'O''Keefe-Trantow', 'O''Keefe-Trantow', 1, 'eulah.herzog@example.net', '828.292.1051', 'Temporibus omnis officia molestiae qui quas quo.', '2024-10-01 04:31:16', '2024-10-01 04:31:16', 1, 181, 182, 1),
(42, 'SUP-000001', 'Hackett Inc', 'Hackett Inc', 1, 'wyman.manley@example.com', '(260) 854-9679', 'Iure dolorem omnis atque est soluta error illo quisquam.', '2024-10-01 04:31:16', '2024-10-01 04:31:16', 1, 183, 184, 2),
(43, 'SUP-000001', 'Rath PLC', 'Rath PLC', 1, 'cindy.schneider@example.net', '+1.831.869.1997', 'Eum dolor tenetur recusandae rerum.', '2024-10-01 04:31:16', '2024-10-01 04:31:16', 1, 185, 186, 2),
(44, 'SUP-000001', 'Rau-Ondricka', 'Rau-Ondricka', 1, 'wyman.claudia@example.com', '+1 (262) 814-7143', 'Enim eum impedit nihil voluptate non asperiores doloremque.', '2024-10-01 04:31:16', '2024-10-01 04:31:16', 1, 187, 188, 2),
(45, 'SUP-000001', 'Schmeler-Tremblay', 'Schmeler-Tremblay', 1, 'jaeden.stoltenberg@example.org', '1-620-594-9724', 'Sint omnis provident vel sint ullam quibusdam.', '2024-10-01 04:31:16', '2024-10-01 04:31:16', 1, 189, 190, 1),
(46, 'SUP-000001', 'Kub, Stoltenberg and Skiles', 'Kub, Stoltenberg and Skiles', 1, 'trantow.amara@example.com', '231.879.5065', 'Quia a repudiandae voluptas aperiam veniam esse autem consequatur.', '2024-10-01 04:31:16', '2024-10-01 04:31:16', 1, 191, 192, 2),
(47, 'SUP-000001', 'Kub-Lakin', 'Kub-Lakin', 1, 'oda78@example.net', '507.552.5951', 'Officia maxime eaque autem consequatur qui eum.', '2024-10-01 04:31:16', '2024-10-01 04:31:16', 1, 193, 194, 2),
(48, 'SUP-000001', 'Wehner PLC', 'Wehner PLC', 1, 'peggie.boyle@example.com', '1-954-958-1901', 'Quia et possimus fugiat explicabo.', '2024-10-01 04:31:16', '2024-10-01 04:31:16', 1, 195, 196, 1),
(49, 'SUP-000001', 'Rippin Ltd', 'Rippin Ltd', 1, 'ghoeger@example.net', '(774) 520-6602', 'Porro vel odit cum aut et assumenda.', '2024-10-01 04:31:16', '2024-10-01 04:31:16', 1, 197, 198, 1),
(50, 'SUP-000001', 'Prohaska Group', 'Prohaska Group', 1, 'kassulke.consuelo@example.net', '754.906.6776', 'Eveniet aliquid distinctio sed voluptas.', '2024-10-01 04:31:16', '2024-10-01 04:31:16', 1, 199, 200, 1);

-- 
-- Dumping data for table states
--
INSERT INTO states VALUES
(1, 'Oklahoma', 1, '2024-10-01 04:31:15', '2024-10-01 04:31:15', 1),
(2, 'Connecticut', 1, '2024-10-01 04:31:15', '2024-10-01 04:31:15', 1),
(3, 'Rhode Island', 1, '2024-10-01 04:31:15', '2024-10-01 04:31:15', 1),
(4, 'New York', 1, '2024-10-01 04:31:15', '2024-10-01 04:31:15', 1),
(5, 'Delaware', 1, '2024-10-01 04:31:15', '2024-10-01 04:31:15', 1),
(6, 'Illinois', 1, '2024-10-01 04:31:15', '2024-10-01 04:31:15', 2),
(7, 'Virginia', 1, '2024-10-01 04:31:15', '2024-10-01 04:31:15', 2),
(8, 'Pennsylvania', 1, '2024-10-01 04:31:15', '2024-10-01 04:31:15', 2),
(9, 'Oregon', 1, '2024-10-01 04:31:15', '2024-10-01 04:31:15', 2),
(10, 'Arizona', 1, '2024-10-01 04:31:15', '2024-10-01 04:31:15', 2),
(11, 'New Mexico', 1, '2024-10-01 04:31:15', '2024-10-01 04:31:15', 3),
(12, 'California', 1, '2024-10-01 04:31:15', '2024-10-01 04:31:15', 3),
(13, 'Hawaii', 1, '2024-10-01 04:31:15', '2024-10-01 04:31:15', 3),
(14, 'Georgia', 1, '2024-10-01 04:31:15', '2024-10-01 04:31:15', 3),
(15, 'Vermont', 1, '2024-10-01 04:31:15', '2024-10-01 04:31:15', 3),
(16, 'Texas', 1, '2024-10-01 04:31:15', '2024-10-01 04:31:15', 4),
(17, 'Nebraska', 1, '2024-10-01 04:31:15', '2024-10-01 04:31:15', 4),
(18, 'Minnesota', 1, '2024-10-01 04:31:15', '2024-10-01 04:31:15', 4),
(19, 'Utah', 1, '2024-10-01 04:31:15', '2024-10-01 04:31:15', 4),
(20, 'New Hampshire', 1, '2024-10-01 04:31:15', '2024-10-01 04:31:15', 4),
(21, 'Wyoming', 1, '2024-10-01 04:31:15', '2024-10-01 04:31:15', 5),
(22, 'Alaska', 1, '2024-10-01 04:31:15', '2024-10-01 04:31:15', 5),
(23, 'Kansas', 1, '2024-10-01 04:31:15', '2024-10-01 04:31:15', 5),
(24, 'South Carolina', 1, '2024-10-01 04:31:15', '2024-10-01 04:31:15', 5),
(25, 'Tennessee', 1, '2024-10-01 04:31:15', '2024-10-01 04:31:15', 5),
(26, 'Indiana', 1, '2024-10-01 04:31:15', '2024-10-01 04:31:15', 6),
(27, 'Ohio', 1, '2024-10-01 04:31:15', '2024-10-01 04:31:15', 6),
(28, 'Missouri', 1, '2024-10-01 04:31:15', '2024-10-01 04:31:15', 6),
(29, 'Louisiana', 1, '2024-10-01 04:31:15', '2024-10-01 04:31:15', 6),
(30, 'Kentucky', 1, '2024-10-01 04:31:15', '2024-10-01 04:31:15', 6),
(31, 'Arkansas', 1, '2024-10-01 04:31:15', '2024-10-01 04:31:15', 7),
(32, 'North Dakota', 1, '2024-10-01 04:31:15', '2024-10-01 04:31:15', 7),
(33, 'Idaho', 1, '2024-10-01 04:31:15', '2024-10-01 04:31:15', 7),
(34, 'Mississippi', 1, '2024-10-01 04:31:15', '2024-10-01 04:31:15', 7),
(35, 'New Jersey', 1, '2024-10-01 04:31:15', '2024-10-01 04:31:15', 7),
(36, 'Montana', 1, '2024-10-01 04:31:15', '2024-10-01 04:31:15', 8),
(37, 'Washington', 1, '2024-10-01 04:31:15', '2024-10-01 04:31:15', 8),
(38, 'South Dakota', 1, '2024-10-01 04:31:15', '2024-10-01 04:31:15', 8),
(39, 'District of Columbia', 1, '2024-10-01 04:31:15', '2024-10-01 04:31:15', 8),
(40, 'Nevada', 1, '2024-10-01 04:31:15', '2024-10-01 04:31:15', 8),
(41, 'Maine', 1, '2024-10-01 04:31:15', '2024-10-01 04:31:15', 9),
(42, 'Iowa', 1, '2024-10-01 04:31:15', '2024-10-01 04:31:15', 9),
(43, 'Massachusetts', 1, '2024-10-01 04:31:15', '2024-10-01 04:31:15', 9),
(44, 'Maryland', 1, '2024-10-01 04:31:15', '2024-10-01 04:31:15', 9),
(45, 'Wisconsin', 1, '2024-10-01 04:31:15', '2024-10-01 04:31:15', 9),
(46, 'North Carolina', 1, '2024-10-01 04:31:15', '2024-10-01 04:31:15', 10),
(47, 'West Virginia', 1, '2024-10-01 04:31:15', '2024-10-01 04:31:15', 10),
(48, 'Alabama', 1, '2024-10-01 04:31:15', '2024-10-01 04:31:15', 10),
(49, 'Florida', 1, '2024-10-01 04:31:15', '2024-10-01 04:31:15', 10),
(50, 'Colorado', 1, '2024-10-01 04:31:15', '2024-10-01 04:31:15', 10);

-- 
-- Dumping data for table shipment_modes
--
INSERT INTO shipment_modes VALUES
(1, 'Air', 0, '2024-10-01 04:31:15', '2024-10-01 04:31:15'),
(2, 'Ship', 0, '2024-10-01 04:31:15', '2024-10-01 04:31:15'),
(3, 'Transport', 0, '2024-10-01 04:31:15', '2024-10-01 04:31:15');

-- Table mega_sign_rental_2024_db.shipments does not contain any data (it is empty)

-- 
-- Dumping data for table shelves
--
INSERT INTO shelves VALUES
(1, '20FT', 1, '2024-10-01 04:31:15', '2024-10-01 04:31:15', 1),
(2, '40FT', 1, '2024-10-01 04:31:15', '2024-10-01 04:31:15', 1),
(3, '40FT HQ', 1, '2024-10-01 04:31:15', '2024-10-01 04:31:15', 1),
(4, '45FT', 1, '2024-10-01 04:31:15', '2024-10-01 04:31:15', 1),
(5, 'LCL', 1, '2024-10-01 04:31:15', '2024-10-01 04:31:15', 1),
(6, 'Open', 1, '2024-10-01 04:31:15', '2024-10-01 04:31:15', 1);

-- 
-- Dumping data for table sales_order_items
--
INSERT INTO sales_order_items VALUES
(1, 'quidem', 'Officia illum tempora tenetur quo. Odio modi labore vel maxime. Ab ex sunt omnis voluptatibus autem quis reprehenderit tempora. Nam consequatur voluptas aliquid.', 120.00, NULL, 5.00, 600.00, NULL, '2024-10-01 04:31:19', '2024-10-01 04:31:19', 1, 74, 1),
(2, 'maxime', 'Nesciunt voluptatum ipsam aut eos qui et sapiente. Odio aliquid error quidem. Aliquid commodi nostrum praesentium nesciunt quo.', 120.00, NULL, 9.00, 1080.00, NULL, '2024-10-01 04:31:19', '2024-10-01 04:31:19', 2, 14, 1),
(3, 'illum', 'Aut dignissimos suscipit rem voluptatem officiis sed. Illo dolor impedit quia et error nesciunt. In et velit occaecati sunt eum accusamus quia corporis.', 120.00, NULL, 3.00, 360.00, NULL, '2024-10-01 04:31:19', '2024-10-01 04:31:19', 3, 78, 1),
(4, 'asperiores', 'Delectus ipsam commodi ut ipsa repellendus officia laudantium est. Omnis rerum at sed accusantium tempora. Quidem facere deserunt aut eveniet. Impedit laudantium dolorem nisi non sed modi.', 120.00, NULL, 4.00, 480.00, NULL, '2024-10-01 04:31:19', '2024-10-01 04:31:19', 4, 49, 1),
(5, 'quia', 'Consequatur velit consequatur omnis accusamus ut quasi. Molestiae aut reiciendis rerum dolor. Error sed vel et est ut.', 120.00, NULL, 7.00, 840.00, NULL, '2024-10-01 04:31:19', '2024-10-01 04:31:19', 5, 66, 1),
(6, 'laboriosam', 'Aut sequi ipsa maxime aliquid. Ipsam natus eos praesentium culpa. Quia eum dolorem consequatur est quia. Quasi adipisci vitae culpa error.', 120.00, NULL, 6.00, 720.00, NULL, '2024-10-01 04:31:19', '2024-10-01 04:31:19', 6, 37, 1),
(7, 'commodi', 'Voluptatem distinctio qui soluta totam. Ratione aut similique officiis omnis exercitationem. In perferendis in voluptas iusto delectus.', 120.00, NULL, 1.00, 120.00, NULL, '2024-10-01 04:31:19', '2024-10-01 04:31:19', 7, 31, 1),
(8, 'ea', 'Magnam et quia aut ratione officia. Dolores molestiae dolores rerum eveniet. Temporibus velit necessitatibus aspernatur velit ipsa est. Eius odit neque hic aliquam blanditiis quo.', 120.00, NULL, 8.00, 960.00, NULL, '2024-10-01 04:31:19', '2024-10-01 04:31:19', 8, 79, 1),
(9, 'repellendus', 'Enim perspiciatis autem a quam deleniti. Unde non ipsam rerum. Eveniet repellat qui molestiae.', 120.00, NULL, 2.00, 240.00, NULL, '2024-10-01 04:31:19', '2024-10-01 04:31:19', 9, 21, 1),
(10, 'mollitia', 'Blanditiis consequatur cupiditate aliquam nemo. Autem harum dolorum eveniet ut ea qui sed.', 120.00, NULL, 8.00, 960.00, NULL, '2024-10-01 04:31:19', '2024-10-01 04:31:19', 10, 7, 1),
(11, 'soluta', 'Rerum ut nihil mollitia aspernatur ducimus consequatur animi. Provident rerum quasi autem architecto nesciunt quidem. Sit veritatis aut dolorum vel ullam earum.', 120.00, NULL, 8.00, 960.00, NULL, '2024-10-01 04:31:19', '2024-10-01 04:31:19', 11, 83, 1),
(12, 'culpa', 'Odio temporibus illo recusandae. Autem rem quo aliquid fuga numquam a. Occaecati dolorem incidunt odio ea.', 120.00, NULL, 1.00, 120.00, NULL, '2024-10-01 04:31:19', '2024-10-01 04:31:19', 12, 69, 1),
(13, 'qui', 'Provident aut sint optio. Et qui ut tempore quo facere sed minus debitis. Rerum asperiores perspiciatis minus voluptate.', 120.00, NULL, 3.00, 360.00, NULL, '2024-10-01 04:31:19', '2024-10-01 04:31:19', 13, 44, 1),
(14, 'sint', 'Velit delectus numquam est nisi. Voluptatem aut similique facere sed quibusdam consequatur ea. Qui molestiae in perferendis aspernatur ut similique blanditiis. Nesciunt officiis quaerat suscipit aut.', 120.00, NULL, 3.00, 360.00, NULL, '2024-10-01 04:31:19', '2024-10-01 04:31:19', 14, 51, 1),
(15, 'fugiat', 'Perferendis qui corrupti aut voluptatem voluptatem in tenetur. Aut non beatae vitae voluptatum. Non vel ipsum qui ratione. Ut modi suscipit deleniti.', 120.00, NULL, 8.00, 960.00, NULL, '2024-10-01 04:31:19', '2024-10-01 04:31:19', 15, 80, 1),
(16, 'iusto', 'Voluptatem asperiores esse unde sint. Cupiditate neque quam quia non autem magni. Repudiandae deserunt et inventore eum facere facilis. Delectus molestiae omnis est vitae voluptatem.', 120.00, NULL, 2.00, 240.00, NULL, '2024-10-01 04:31:19', '2024-10-01 04:31:19', 16, 16, 1),
(17, 'quos', 'Est adipisci nostrum laudantium quis tempore sint. Provident et omnis ducimus cupiditate. Dolorem neque in saepe cumque et.', 120.00, NULL, 1.00, 120.00, NULL, '2024-10-01 04:31:19', '2024-10-01 04:31:19', 17, 64, 1),
(18, 'dolor', 'Vel ullam dolore explicabo non. Architecto error temporibus sed inventore ullam rem cum. Voluptatem illo consequuntur eum. Ut voluptas reiciendis reprehenderit.', 120.00, NULL, 3.00, 360.00, NULL, '2024-10-01 04:31:19', '2024-10-01 04:31:19', 18, 8, 1),
(19, 'numquam', 'Nam eveniet et deleniti fugit ipsum magni. Mollitia numquam rerum sit ut quisquam ut. Minima assumenda alias laborum aut dolorum.', 120.00, NULL, 2.00, 240.00, NULL, '2024-10-01 04:31:19', '2024-10-01 04:31:19', 19, 52, 1),
(20, 'aliquam', 'Sed explicabo culpa consequatur non. Et aut quis ipsam laboriosam minus. Eveniet molestiae eos voluptatem sint et optio enim. Deserunt hic magni quaerat sit ut vel.', 120.00, NULL, 7.00, 840.00, NULL, '2024-10-01 04:31:19', '2024-10-01 04:31:19', 20, 59, 1),
(21, 'maiores', 'Alias unde vitae sed est dolores. Minima et commodi maiores omnis. Recusandae quam magni ipsam dolorum nam. Qui et tempora rerum illum dolorem.', 120.00, NULL, 6.00, 720.00, NULL, '2024-10-01 04:31:19', '2024-10-01 04:31:19', 21, 46, 1),
(22, 'rem', 'Minus amet fuga optio. Quod quo necessitatibus esse et qui. Laboriosam facilis consequatur praesentium fuga quo est.', 120.00, NULL, 7.00, 840.00, NULL, '2024-10-01 04:31:19', '2024-10-01 04:31:19', 22, 48, 1),
(23, 'rerum', 'Omnis delectus similique ut dolor saepe. Consequatur rem amet deleniti similique vitae pariatur deleniti. Non sit id est maxime. Temporibus quam similique a omnis.', 120.00, NULL, 6.00, 720.00, NULL, '2024-10-01 04:31:19', '2024-10-01 04:31:19', 23, 43, 1),
(24, 'quidem', 'Officia illum tempora tenetur quo. Odio modi labore vel maxime. Ab ex sunt omnis voluptatibus autem quis reprehenderit tempora. Nam consequatur voluptas aliquid.', 120.00, NULL, 4.00, 480.00, NULL, '2024-10-01 04:31:19', '2024-10-01 04:31:19', 24, 74, 1),
(25, 'ea', 'Magnam et quia aut ratione officia. Dolores molestiae dolores rerum eveniet. Temporibus velit necessitatibus aspernatur velit ipsa est. Eius odit neque hic aliquam blanditiis quo.', 120.00, NULL, 9.00, 1080.00, NULL, '2024-10-01 04:31:19', '2024-10-01 04:31:19', 25, 79, 1),
(26, 'maiores', 'Alias unde vitae sed est dolores. Minima et commodi maiores omnis. Recusandae quam magni ipsam dolorum nam. Qui et tempora rerum illum dolorem.', 120.00, NULL, 10.00, 1200.00, NULL, '2024-10-01 04:31:19', '2024-10-01 04:31:19', 26, 46, 1),
(27, 'unde', 'Hic magni animi distinctio. Dolor provident corporis consequatur sequi laboriosam non magni nam. Quis sit quasi mollitia magni ut. Odio incidunt quas est facilis.', 120.00, NULL, 3.00, 360.00, NULL, '2024-10-01 04:31:19', '2024-10-01 04:31:19', 27, 84, 1),
(28, 'quidem', 'Officia illum tempora tenetur quo. Odio modi labore vel maxime. Ab ex sunt omnis voluptatibus autem quis reprehenderit tempora. Nam consequatur voluptas aliquid.', 120.00, NULL, 7.00, 840.00, NULL, '2024-10-01 04:31:19', '2024-10-01 04:31:19', 28, 74, 1),
(29, 'deleniti', 'Perspiciatis nisi veritatis sit blanditiis. Repellat praesentium occaecati delectus quasi atque. Vel id quis nostrum iste ipsam ut pariatur. Quasi nobis id mollitia quas.', 120.00, NULL, 2.00, 240.00, NULL, '2024-10-01 04:31:19', '2024-10-01 04:31:19', 29, 26, 1),
(30, 'sequi', 'Molestiae placeat vel sequi quis. Voluptas delectus et facere ducimus dolores. Hic deserunt aut sunt omnis. Vel omnis voluptatem ut quos itaque fugit voluptatem.', 120.00, NULL, 2.00, 240.00, NULL, '2024-10-01 04:31:19', '2024-10-01 04:31:19', 30, 47, 1),
(31, 'temporibus', 'In veniam eum rem rem inventore. Praesentium sed qui quis voluptates. Inventore aut doloribus eaque harum ipsam nobis. Ad saepe dolores accusantium illo dolor.', 120.00, NULL, 7.00, 840.00, NULL, '2024-10-01 04:31:19', '2024-10-01 04:31:19', 31, 19, 1),
(32, 'voluptas', 'Soluta sed eos inventore. Magnam accusantium necessitatibus laborum adipisci. Alias fugiat rerum blanditiis perspiciatis.', 120.00, NULL, 4.00, 480.00, NULL, '2024-10-01 04:31:19', '2024-10-01 04:31:19', 32, 60, 1),
(33, 'unde', 'Hic magni animi distinctio. Dolor provident corporis consequatur sequi laboriosam non magni nam. Quis sit quasi mollitia magni ut. Odio incidunt quas est facilis.', 120.00, NULL, 5.00, 600.00, NULL, '2024-10-01 04:31:19', '2024-10-01 04:31:19', 33, 84, 1),
(34, 'earum', 'Eos non consequatur id vel voluptas tenetur. Laborum quae at qui ipsam. Quis ut voluptas aut rerum temporibus rerum nobis recusandae. Ipsa sit officiis officiis sit qui quia.', 120.00, NULL, 9.00, 1080.00, NULL, '2024-10-01 04:31:19', '2024-10-01 04:31:19', 34, 34, 1),
(35, 'ex', 'Consequatur velit qui exercitationem fugiat. Neque nobis consequatur voluptate error id maiores explicabo saepe. Deleniti quos molestiae consequatur facere temporibus et quas.', 120.00, NULL, 7.00, 840.00, NULL, '2024-10-01 04:31:19', '2024-10-01 04:31:19', 35, 100, 1),
(36, 'assumenda', 'Aut minus eius quis et enim. Reiciendis facilis qui et harum consectetur dignissimos ut dolor. Qui explicabo nulla architecto consequatur.', 120.00, NULL, 5.00, 600.00, NULL, '2024-10-01 04:31:19', '2024-10-01 04:31:19', 36, 71, 1),
(37, 'voluptatum', 'Nesciunt enim eos voluptas quia tenetur voluptatum qui. Ab error facere quis alias omnis sit. Quis nesciunt ratione labore ut voluptas qui.', 120.00, NULL, 4.00, 480.00, NULL, '2024-10-01 04:31:19', '2024-10-01 04:31:19', 37, 57, 1),
(38, 'asperiores', 'Delectus ipsam commodi ut ipsa repellendus officia laudantium est. Omnis rerum at sed accusantium tempora. Quidem facere deserunt aut eveniet. Impedit laudantium dolorem nisi non sed modi.', 120.00, NULL, 5.00, 600.00, NULL, '2024-10-01 04:31:19', '2024-10-01 04:31:19', 38, 49, 1),
(39, 'maxime', 'Nesciunt voluptatum ipsam aut eos qui et sapiente. Odio aliquid error quidem. Aliquid commodi nostrum praesentium nesciunt quo.', 120.00, NULL, 4.00, 480.00, NULL, '2024-10-01 04:31:19', '2024-10-01 04:31:19', 39, 14, 1),
(40, 'ex', 'Consequatur velit qui exercitationem fugiat. Neque nobis consequatur voluptate error id maiores explicabo saepe. Deleniti quos molestiae consequatur facere temporibus et quas.', 120.00, NULL, 6.00, 720.00, NULL, '2024-10-01 04:31:19', '2024-10-01 04:31:19', 40, 100, 1),
(41, 'quam', 'Aliquid distinctio dicta consectetur qui vel neque blanditiis. Officia illo incidunt quam sit modi. In voluptas hic necessitatibus. Quidem eum est excepturi in recusandae.', 120.00, NULL, 2.00, 240.00, NULL, '2024-10-01 04:31:19', '2024-10-01 04:31:19', 41, 67, 1),
(42, 'nihil', 'Fugit eaque repellendus libero possimus possimus. Aperiam sint ut quibusdam perspiciatis consectetur. Amet est odit blanditiis dignissimos repellendus.', 120.00, NULL, 10.00, 1200.00, NULL, '2024-10-01 04:31:19', '2024-10-01 04:31:19', 42, 87, 1),
(43, 'aperiam', 'In at qui consequatur tempore quaerat porro voluptates. Nihil consectetur laboriosam laborum nobis et. Ea et tempore sed quia.', 120.00, NULL, 10.00, 1200.00, NULL, '2024-10-01 04:31:19', '2024-10-01 04:31:19', 43, 76, 1),
(44, 'ex', 'Consequatur velit qui exercitationem fugiat. Neque nobis consequatur voluptate error id maiores explicabo saepe. Deleniti quos molestiae consequatur facere temporibus et quas.', 120.00, NULL, 9.00, 1080.00, NULL, '2024-10-01 04:31:19', '2024-10-01 04:31:19', 44, 100, 1),
(45, 'delectus', 'Rerum repellat quis at. Vero maiores enim at. Beatae consequuntur nihil dolorem officia omnis a dolorem alias. Vel odit minus neque provident rerum.', 120.00, NULL, 3.00, 360.00, NULL, '2024-10-01 04:31:19', '2024-10-01 04:31:19', 45, 30, 1),
(46, 'maiores', 'Alias unde vitae sed est dolores. Minima et commodi maiores omnis. Recusandae quam magni ipsam dolorum nam. Qui et tempora rerum illum dolorem.', 120.00, NULL, 8.00, 960.00, NULL, '2024-10-01 04:31:19', '2024-10-01 04:31:19', 46, 46, 1),
(47, 'aut', 'Rem cupiditate dolores eos quidem. Debitis laudantium aspernatur minus officia omnis sed. Qui nemo non molestiae totam.', 120.00, NULL, 7.00, 840.00, NULL, '2024-10-01 04:31:19', '2024-10-01 04:31:19', 47, 29, 1),
(48, 'commodi', 'Voluptatem distinctio qui soluta totam. Ratione aut similique officiis omnis exercitationem. In perferendis in voluptas iusto delectus.', 120.00, NULL, 8.00, 960.00, NULL, '2024-10-01 04:31:19', '2024-10-01 04:31:19', 48, 31, 1),
(49, 'autem', 'Id dignissimos nisi sit. Repudiandae harum veniam nulla. Pariatur placeat ullam magnam est error aut sit. Dolorum eaque sequi qui magnam repellat.', 120.00, NULL, 2.00, 240.00, NULL, '2024-10-01 04:31:19', '2024-10-01 04:31:19', 49, 6, 1),
(50, 'corporis', 'Natus provident numquam alias facere magnam et sed. Officiis nihil maxime velit quia. Tenetur vero quas et. Animi corporis voluptas accusamus natus ratione. Recusandae dolores dolorem ut.', 120.00, NULL, 3.00, 360.00, NULL, '2024-10-01 04:31:19', '2024-10-01 04:31:19', 50, 93, 1),
(51, 'quos', 'Est adipisci nostrum laudantium quis tempore sint. Provident et omnis ducimus cupiditate. Dolorem neque in saepe cumque et.', 120.00, NULL, 8.00, 960.00, NULL, '2024-10-01 04:31:19', '2024-10-01 04:31:19', 51, 64, 1),
(52, 'unde', 'Hic magni animi distinctio. Dolor provident corporis consequatur sequi laboriosam non magni nam. Quis sit quasi mollitia magni ut. Odio incidunt quas est facilis.', 120.00, NULL, 7.00, 840.00, NULL, '2024-10-01 04:31:19', '2024-10-01 04:31:19', 52, 84, 1),
(53, 'labore', 'Sit quod ducimus fugiat ut a. Animi commodi unde voluptates minus rem. Sit nesciunt non quasi id accusantium voluptate.', 120.00, NULL, 1.00, 120.00, NULL, '2024-10-01 04:31:19', '2024-10-01 04:31:19', 53, 24, 1),
(54, 'voluptatum', 'Nesciunt enim eos voluptas quia tenetur voluptatum qui. Ab error facere quis alias omnis sit. Quis nesciunt ratione labore ut voluptas qui.', 120.00, NULL, 10.00, 1200.00, NULL, '2024-10-01 04:31:19', '2024-10-01 04:31:19', 54, 57, 1),
(55, 'ea', 'Magnam et quia aut ratione officia. Dolores molestiae dolores rerum eveniet. Temporibus velit necessitatibus aspernatur velit ipsa est. Eius odit neque hic aliquam blanditiis quo.', 120.00, NULL, 6.00, 720.00, NULL, '2024-10-01 04:31:19', '2024-10-01 04:31:19', 55, 79, 1),
(56, 'ut', 'Tenetur vel vitae quam molestias. Ut fuga et ut velit modi praesentium. Consectetur voluptas hic ea eveniet quasi.', 120.00, NULL, 3.00, 360.00, NULL, '2024-10-01 04:31:19', '2024-10-01 04:31:19', 56, 4, 1),
(57, 'neque', 'Quaerat at quae incidunt consequatur temporibus quis. Et omnis velit omnis necessitatibus. Voluptatem autem magnam officia ea voluptatem et. Ipsa ratione eos ad quis.', 120.00, NULL, 7.00, 840.00, NULL, '2024-10-01 04:31:19', '2024-10-01 04:31:19', 57, 72, 1),
(58, 'nesciunt', 'Ut qui ex sunt sint. Amet magnam dolorum nulla consequatur maxime fugiat. Nisi repellat laborum dolor sapiente dolor ullam. Porro ipsum adipisci laudantium quasi aut rerum aperiam quia.', 120.00, NULL, 8.00, 960.00, NULL, '2024-10-01 04:31:19', '2024-10-01 04:31:19', 58, 63, 1),
(59, 'non', 'Porro facilis ut quos sit debitis quasi. Porro quia et dolorem aut possimus. Quasi et eaque placeat autem officia.', 120.00, NULL, 9.00, 1080.00, NULL, '2024-10-01 04:31:19', '2024-10-01 04:31:19', 59, 5, 1),
(60, 'rerum', 'Omnis delectus similique ut dolor saepe. Consequatur rem amet deleniti similique vitae pariatur deleniti. Non sit id est maxime. Temporibus quam similique a omnis.', 120.00, NULL, 3.00, 360.00, NULL, '2024-10-01 04:31:19', '2024-10-01 04:31:19', 60, 43, 1),
(61, 'sunt', 'Deserunt voluptatem et excepturi qui ut. Non consequatur iste nam consequatur. Possimus ut laboriosam aliquam distinctio et voluptate officia. Voluptatem quia ipsam vel nam.', 120.00, NULL, 1.00, 120.00, NULL, '2024-10-01 04:31:19', '2024-10-01 04:31:19', 61, 36, 1),
(62, 'quam', 'Aliquid distinctio dicta consectetur qui vel neque blanditiis. Officia illo incidunt quam sit modi. In voluptas hic necessitatibus. Quidem eum est excepturi in recusandae.', 120.00, NULL, 10.00, 1200.00, NULL, '2024-10-01 04:31:19', '2024-10-01 04:31:19', 62, 67, 1),
(63, 'commodi', 'Voluptatem distinctio qui soluta totam. Ratione aut similique officiis omnis exercitationem. In perferendis in voluptas iusto delectus.', 120.00, NULL, 9.00, 1080.00, NULL, '2024-10-01 04:31:19', '2024-10-01 04:31:19', 63, 31, 1),
(64, 'nihil', 'Fugit eaque repellendus libero possimus possimus. Aperiam sint ut quibusdam perspiciatis consectetur. Amet est odit blanditiis dignissimos repellendus.', 120.00, NULL, 10.00, 1200.00, NULL, '2024-10-01 04:31:19', '2024-10-01 04:31:19', 64, 87, 1),
(65, 'mollitia', 'Blanditiis consequatur cupiditate aliquam nemo. Autem harum dolorum eveniet ut ea qui sed.', 120.00, NULL, 4.00, 480.00, NULL, '2024-10-01 04:31:19', '2024-10-01 04:31:19', 65, 7, 1),
(66, 'sint', 'Velit delectus numquam est nisi. Voluptatem aut similique facere sed quibusdam consequatur ea. Qui molestiae in perferendis aspernatur ut similique blanditiis. Nesciunt officiis quaerat suscipit aut.', 120.00, NULL, 3.00, 360.00, NULL, '2024-10-01 04:31:19', '2024-10-01 04:31:19', 66, 51, 1),
(67, 'voluptas', 'Soluta sed eos inventore. Magnam accusantium necessitatibus laborum adipisci. Alias fugiat rerum blanditiis perspiciatis.', 120.00, NULL, 7.00, 840.00, NULL, '2024-10-01 04:31:19', '2024-10-01 04:31:19', 67, 60, 1),
(68, 'nihil', 'Fugit eaque repellendus libero possimus possimus. Aperiam sint ut quibusdam perspiciatis consectetur. Amet est odit blanditiis dignissimos repellendus.', 120.00, NULL, 9.00, 1080.00, NULL, '2024-10-01 04:31:19', '2024-10-01 04:31:19', 68, 87, 1),
(69, 'consequatur', 'Quis nostrum maxime quia temporibus ut sint itaque. Odit est ut quia blanditiis. Voluptas quia quidem voluptatum consequatur. Distinctio fuga est recusandae nihil.', 120.00, NULL, 1.00, 120.00, NULL, '2024-10-01 04:31:19', '2024-10-01 04:31:19', 69, 23, 1),
(70, 'nihil', 'Fugit eaque repellendus libero possimus possimus. Aperiam sint ut quibusdam perspiciatis consectetur. Amet est odit blanditiis dignissimos repellendus.', 120.00, NULL, 1.00, 120.00, NULL, '2024-10-01 04:31:19', '2024-10-01 04:31:19', 70, 87, 1),
(71, 'aut', 'Rem cupiditate dolores eos quidem. Debitis laudantium aspernatur minus officia omnis sed. Qui nemo non molestiae totam.', 120.00, NULL, 6.00, 720.00, NULL, '2024-10-01 04:31:19', '2024-10-01 04:31:19', 71, 29, 1),
(72, 'facere', 'Excepturi fugit in tempora autem ab similique. Ipsa maxime ipsam ut deleniti ad. Minima esse quia voluptatem qui dolores.', 120.00, NULL, 3.00, 360.00, NULL, '2024-10-01 04:31:19', '2024-10-01 04:31:19', 72, 12, 1),
(73, 'commodi', 'Voluptatem distinctio qui soluta totam. Ratione aut similique officiis omnis exercitationem. In perferendis in voluptas iusto delectus.', 120.00, NULL, 7.00, 840.00, NULL, '2024-10-01 04:31:19', '2024-10-01 04:31:19', 73, 31, 1),
(74, 'aperiam', 'In at qui consequatur tempore quaerat porro voluptates. Nihil consectetur laboriosam laborum nobis et. Ea et tempore sed quia.', 120.00, NULL, 5.00, 600.00, NULL, '2024-10-01 04:31:19', '2024-10-01 04:31:19', 74, 76, 1),
(75, 'delectus', 'Rerum repellat quis at. Vero maiores enim at. Beatae consequuntur nihil dolorem officia omnis a dolorem alias. Vel odit minus neque provident rerum.', 120.00, NULL, 4.00, 480.00, NULL, '2024-10-01 04:31:19', '2024-10-01 04:31:19', 75, 30, 1),
(76, 'expedita', 'Sit nobis commodi fuga et. Vitae rerum veritatis cum et in quia ipsam nihil. Non est rerum sunt quis accusamus laborum porro.', 120.00, NULL, 7.00, 840.00, NULL, '2024-10-01 04:31:19', '2024-10-01 04:31:19', 76, 45, 1),
(77, 'optio', 'Doloribus corporis pariatur officia quam esse. Aspernatur fuga repudiandae voluptate nemo. Consequuntur sed repudiandae perferendis voluptatum sunt ducimus.', 120.00, NULL, 6.00, 720.00, NULL, '2024-10-01 04:31:19', '2024-10-01 04:31:19', 77, 82, 1),
(78, 'asperiores', 'Delectus ipsam commodi ut ipsa repellendus officia laudantium est. Omnis rerum at sed accusantium tempora. Quidem facere deserunt aut eveniet. Impedit laudantium dolorem nisi non sed modi.', 120.00, NULL, 4.00, 480.00, NULL, '2024-10-01 04:31:19', '2024-10-01 04:31:19', 78, 49, 1),
(79, 'maxime', 'Nesciunt voluptatum ipsam aut eos qui et sapiente. Odio aliquid error quidem. Aliquid commodi nostrum praesentium nesciunt quo.', 120.00, NULL, 8.00, 960.00, NULL, '2024-10-01 04:31:19', '2024-10-01 04:31:19', 79, 14, 1),
(80, 'voluptas', 'Soluta sed eos inventore. Magnam accusantium necessitatibus laborum adipisci. Alias fugiat rerum blanditiis perspiciatis.', 120.00, NULL, 3.00, 360.00, NULL, '2024-10-01 04:31:19', '2024-10-01 04:31:19', 80, 60, 1),
(81, 'rerum', 'Omnis delectus similique ut dolor saepe. Consequatur rem amet deleniti similique vitae pariatur deleniti. Non sit id est maxime. Temporibus quam similique a omnis.', 120.00, NULL, 2.00, 240.00, NULL, '2024-10-01 04:31:19', '2024-10-01 04:31:19', 81, 43, 1),
(82, 'repellat', 'Repudiandae velit beatae deserunt a. Est sed similique voluptates suscipit quo. Qui velit qui ratione. Nulla et vero eos optio ipsa rerum sunt.', 120.00, NULL, 1.00, 120.00, NULL, '2024-10-01 04:31:19', '2024-10-01 04:31:19', 82, 94, 1),
(83, 'pariatur', 'Voluptatum et quidem enim provident. Aut dolorem numquam quo quis fugiat illum error. Ullam exercitationem aut corrupti.', 120.00, NULL, 2.00, 240.00, NULL, '2024-10-01 04:31:19', '2024-10-01 04:31:19', 83, 17, 1),
(84, 'corrupti', 'Modi sunt sint autem facilis. Sit eos ipsum omnis minima iure illum eaque. Adipisci debitis sequi et et ea ea. In voluptatum quia molestias perspiciatis nulla dolor.', 120.00, NULL, 8.00, 960.00, NULL, '2024-10-01 04:31:19', '2024-10-01 04:31:19', 84, 81, 1),
(85, 'corrupti', 'Modi sunt sint autem facilis. Sit eos ipsum omnis minima iure illum eaque. Adipisci debitis sequi et et ea ea. In voluptatum quia molestias perspiciatis nulla dolor.', 120.00, NULL, 10.00, 1200.00, NULL, '2024-10-01 04:31:19', '2024-10-01 04:31:19', 85, 81, 1),
(86, 'praesentium', 'Voluptatum voluptates optio consectetur facere debitis vero. Est ut earum omnis vitae. Tempora numquam facilis omnis mollitia quasi. Nulla rerum explicabo consequatur aut atque cum ea nisi.', 120.00, NULL, 10.00, 1200.00, NULL, '2024-10-01 04:31:19', '2024-10-01 04:31:19', 86, 32, 1),
(87, 'voluptates', 'Fugit sed ad facere. Nam cumque est omnis in error. Modi quas id cupiditate omnis. Quo dolorem veniam neque non omnis at est.', 120.00, NULL, 5.00, 600.00, NULL, '2024-10-01 04:31:19', '2024-10-01 04:31:19', 87, 54, 1),
(88, 'unde', 'Hic magni animi distinctio. Dolor provident corporis consequatur sequi laboriosam non magni nam. Quis sit quasi mollitia magni ut. Odio incidunt quas est facilis.', 120.00, NULL, 10.00, 1200.00, NULL, '2024-10-01 04:31:19', '2024-10-01 04:31:19', 88, 84, 1),
(89, 'maiores', 'Alias unde vitae sed est dolores. Minima et commodi maiores omnis. Recusandae quam magni ipsam dolorum nam. Qui et tempora rerum illum dolorem.', 120.00, NULL, 1.00, 120.00, NULL, '2024-10-01 04:31:19', '2024-10-01 04:31:19', 89, 46, 1),
(90, 'dignissimos', 'Quia alias quis officiis nobis et ea. Sapiente quia quo quia non consequuntur facilis perspiciatis. Rerum rem quam et dolor et facere.', 120.00, NULL, 6.00, 720.00, NULL, '2024-10-01 04:31:19', '2024-10-01 04:31:19', 90, 77, 1),
(91, 'nulla', 'Fuga illo fugit culpa ducimus. Sed quod in facere ipsum quas repellat. Ratione atque qui provident accusantium sit voluptatem modi.', 120.00, NULL, 10.00, 1200.00, NULL, '2024-10-01 04:31:19', '2024-10-01 04:31:19', 91, 91, 1),
(92, 'quaerat', 'At dolor et ipsam sed molestiae incidunt. Vero repellat perspiciatis qui reiciendis aut. Perferendis harum atque eum ab in.', 120.00, NULL, 10.00, 1200.00, NULL, '2024-10-01 04:31:19', '2024-10-01 04:31:19', 92, 50, 1),
(93, 'laboriosam', 'Aut sequi ipsa maxime aliquid. Ipsam natus eos praesentium culpa. Quia eum dolorem consequatur est quia. Quasi adipisci vitae culpa error.', 120.00, NULL, 3.00, 360.00, NULL, '2024-10-01 04:31:19', '2024-10-01 04:31:19', 93, 37, 1),
(94, 'dignissimos', 'Quia alias quis officiis nobis et ea. Sapiente quia quo quia non consequuntur facilis perspiciatis. Rerum rem quam et dolor et facere.', 120.00, NULL, 9.00, 1080.00, NULL, '2024-10-01 04:31:19', '2024-10-01 04:31:19', 94, 77, 1),
(95, 'voluptates', 'Fugit sed ad facere. Nam cumque est omnis in error. Modi quas id cupiditate omnis. Quo dolorem veniam neque non omnis at est.', 120.00, NULL, 10.00, 1200.00, NULL, '2024-10-01 04:31:19', '2024-10-01 04:31:19', 95, 54, 1),
(96, 'dicta', 'Vero ratione expedita ratione expedita illo. Sunt laudantium doloremque autem consequatur soluta sit aut.', 120.00, NULL, 2.00, 240.00, NULL, '2024-10-01 04:31:19', '2024-10-01 04:31:19', 96, 89, 1),
(97, 'sunt', 'Deserunt voluptatem et excepturi qui ut. Non consequatur iste nam consequatur. Possimus ut laboriosam aliquam distinctio et voluptate officia. Voluptatem quia ipsam vel nam.', 120.00, NULL, 9.00, 1080.00, NULL, '2024-10-01 04:31:19', '2024-10-01 04:31:19', 97, 36, 1),
(98, 'enim', 'Non molestiae eum aut adipisci molestiae quaerat. Qui fugit cum recusandae aperiam fugiat rerum. Molestias corporis quo laboriosam sint illo eius aut.', 120.00, NULL, 1.00, 120.00, NULL, '2024-10-01 04:31:19', '2024-10-01 04:31:19', 98, 2, 1),
(99, 'ut', 'Tenetur vel vitae quam molestias. Ut fuga et ut velit modi praesentium. Consectetur voluptas hic ea eveniet quasi.', 120.00, NULL, 5.00, 600.00, NULL, '2024-10-01 04:31:19', '2024-10-01 04:31:19', 99, 4, 1),
(100, 'nihil', 'Fugit eaque repellendus libero possimus possimus. Aperiam sint ut quibusdam perspiciatis consectetur. Amet est odit blanditiis dignissimos repellendus.', 120.00, NULL, 6.00, 720.00, NULL, '2024-10-01 04:31:19', '2024-10-01 04:31:19', 100, 87, 1);

-- Table mega_sign_rental_2024_db.sales_order_activities does not contain any data (it is empty)

-- 
-- Dumping data for table sales_orders
--
INSERT INTO sales_orders VALUES
(1, 'SO-0000001', '', 'Harum ducimus maxime quia beatae qui. Nisi rerum est debitis corporis. Provident quia ea eos odit beatae omnis ullam tenetur. Saepe sunt autem qui repudiandae.', 'p', '2024-10-01', '2024-10-01', 'Et amet quis ea sed. Nesciunt commodi dolorem quam dolores vitae. Doloribus sit similique qui laborum. Nihil enim dolores quod tempora officiis.', 600.00, 0.00, 5.00, 600.00, '2024-10-01 04:31:19', '2024-10-01 04:31:19', 1, 48, 1, 1),
(2, 'SO-0000002', '', 'Et consequatur aspernatur fuga delectus est. Nisi qui sint excepturi eligendi iusto praesentium ipsa. Delectus ipsa sunt et accusamus quas sunt.', 'p', '2024-10-01', '2024-10-01', 'Sunt eaque ea temporibus minus. Et sed ullam a enim dolores magnam quam eaque. Voluptatem repudiandae qui nemo iste illum. Rem est neque est officiis tempora.', 1080.00, 0.00, 5.00, 1080.00, '2024-10-01 04:31:19', '2024-10-01 04:31:19', 1, 7, 1, 1),
(3, 'SO-0000003', '', 'Blanditiis eos error earum dolorem. Autem dignissimos dignissimos alias consequatur labore. Quasi quia nisi alias ea qui.', 'p', '2024-10-01', '2024-10-01', 'Tempora velit ea similique vero. Molestias earum culpa minima quos sapiente ducimus. Omnis eius ut assumenda non animi.', 360.00, 0.00, 5.00, 360.00, '2024-10-01 04:31:19', '2024-10-01 04:31:19', 1, 31, 1, 1),
(4, 'SO-0000004', '', 'Culpa sunt animi est tempore. Quo maiores enim veniam et ea quo voluptatem. Enim sint qui quidem dolores dolore voluptatem quae.', 'p', '2024-10-01', '2024-10-01', 'Vel saepe consequatur aut harum eum molestias. Aut voluptates alias ea ad ipsam minima et. Nihil soluta sed nostrum ea.', 480.00, 0.00, 5.00, 480.00, '2024-10-01 04:31:19', '2024-10-01 04:31:19', 1, 21, 1, 1),
(5, 'SO-0000005', '', 'Eius dolores nihil consequatur. Id dolores voluptas expedita harum et nisi amet dolore. Et quia quasi optio non eum.', 'p', '2024-10-01', '2024-10-01', 'Et et at ut voluptas quis ut. Non eum aut quia esse in odio. Consequatur aut amet dolor dolores aut soluta. Unde hic repellat molestiae. Aut sed eum natus voluptas cupiditate aut et odio.', 840.00, 0.00, 5.00, 840.00, '2024-10-01 04:31:19', '2024-10-01 04:31:19', 1, 39, 1, 1),
(6, 'SO-0000006', '', 'Eos qui quisquam natus sequi sed voluptas neque. Ab earum libero eos voluptatem. Magnam excepturi earum sed qui eum sint quia. Rerum consequatur mollitia nesciunt iure quis quo dolor quod.', 'p', '2024-10-01', '2024-10-01', 'Debitis voluptatem quia maxime architecto unde. Dolorem tempore harum magni quasi ex quo. Sint tempora porro dolores architecto ut est et.', 720.00, 0.00, 5.00, 720.00, '2024-10-01 04:31:19', '2024-10-01 04:31:19', 1, 8, 1, 1),
(7, 'SO-0000007', '', 'Perferendis quia adipisci enim mollitia pariatur enim. Commodi sit dolorum cumque tempora culpa ut aut ipsam. Ullam aspernatur eos dolor qui repellat.', 'p', '2024-10-01', '2024-10-01', 'Distinctio sit vero reprehenderit aut quia qui. Et numquam totam quasi qui. Ea blanditiis sed ut vero non. Minus dolorem est quas ut iusto eaque qui et. Harum numquam et labore vel eos.', 120.00, 0.00, 5.00, 120.00, '2024-10-01 04:31:19', '2024-10-01 04:31:19', 1, 15, 1, 1),
(8, 'SO-0000008', '', 'Praesentium ut velit ut consequatur blanditiis. Explicabo quis doloribus asperiores ut. Voluptatum laborum fugit ab totam. Fugit earum non dolorum ipsa vitae veritatis.', 'p', '2024-10-01', '2024-10-01', 'Sed qui sit perferendis nihil. Incidunt dicta adipisci voluptatibus. Quo ab harum blanditiis sunt asperiores veritatis laborum.', 960.00, 0.00, 5.00, 960.00, '2024-10-01 04:31:19', '2024-10-01 04:31:19', 1, 16, 1, 1),
(9, 'SO-0000009', '', 'Dignissimos modi consequatur ex omnis. Vel minima enim tempora ipsam totam ipsa. Enim quas qui harum enim eum qui sit. Nostrum at impedit fuga voluptatem. Recusandae enim magni maiores distinctio.', 'p', '2024-10-01', '2024-10-01', 'Vel quia architecto animi quibusdam sunt distinctio quaerat. Nemo mollitia aperiam qui.', 240.00, 0.00, 5.00, 240.00, '2024-10-01 04:31:19', '2024-10-01 04:31:19', 1, 22, 1, 1),
(10, 'SO-0000010', '', 'Et est dolor modi laudantium animi itaque. Officia quibusdam nemo aut et aut corporis eaque. Quaerat itaque et voluptate qui ex et impedit. Libero occaecati saepe distinctio ipsam ipsum minus nihil.', 'p', '2024-10-01', '2024-10-01', 'Expedita tenetur tempore cupiditate provident tenetur. Odit error sapiente provident quia. In reiciendis labore ducimus.', 960.00, 0.00, 5.00, 960.00, '2024-10-01 04:31:19', '2024-10-01 04:31:19', 1, 40, 1, 1),
(11, 'SO-0000011', '', 'Et et placeat necessitatibus. Temporibus dolorem cumque id est architecto. Aperiam est minus ipsam harum dolores aliquid amet.', 'p', '2024-10-01', '2024-10-01', 'Illum ut qui harum. Provident nisi qui odio dolor.', 960.00, 0.00, 5.00, 960.00, '2024-10-01 04:31:19', '2024-10-01 04:31:19', 1, 17, 1, 1),
(12, 'SO-0000012', '', 'Est et eaque et necessitatibus aut ipsum temporibus. Aut ipsa et voluptatum vel nihil quibusdam autem officia. Quo ipsum officia recusandae molestias tenetur voluptas.', 'p', '2024-10-01', '2024-10-01', 'Ut neque iste voluptatem optio quas ab. Sit iste tempore et molestiae quisquam. Consequuntur et dolorem quisquam impedit sunt consequatur.', 120.00, 0.00, 5.00, 120.00, '2024-10-01 04:31:19', '2024-10-01 04:31:19', 1, 47, 1, 1),
(13, 'SO-0000013', '', 'Ut consectetur praesentium sint quae vero et assumenda officia. Facere ut adipisci enim. Enim rerum consequuntur nemo possimus enim facilis. Ducimus voluptatem laborum cumque quia architecto.', 'p', '2024-10-01', '2024-10-01', 'Ut nam et cum saepe vel. Expedita aut facere nemo cupiditate voluptas fugit. Ipsam facere accusantium ut in dolorem libero rerum.', 360.00, 0.00, 5.00, 360.00, '2024-10-01 04:31:19', '2024-10-01 04:31:19', 1, 35, 1, 1),
(14, 'SO-0000014', '', 'Harum ratione ut ut ipsam consequatur. Quia tempora unde quia qui. Sed omnis explicabo temporibus porro qui.', 'p', '2024-10-01', '2024-10-01', 'Sint qui assumenda facilis aliquid non qui ratione. Voluptatum aliquam dolorem sit eius non veniam consectetur.', 360.00, 0.00, 5.00, 360.00, '2024-10-01 04:31:19', '2024-10-01 04:31:19', 1, 45, 1, 1),
(15, 'SO-0000015', '', 'Officiis dicta molestiae et ratione illo culpa natus. Deserunt dolorem rem consequatur quisquam nisi delectus atque a. Vero est iure enim eius occaecati ratione.', 'p', '2024-10-01', '2024-10-01', 'Vero sint suscipit necessitatibus quasi et libero. Sapiente ducimus et et qui quibusdam dolores. Consequatur doloremque natus eveniet sint rerum. Molestias ut in voluptate et nostrum est velit.', 960.00, 0.00, 5.00, 960.00, '2024-10-01 04:31:19', '2024-10-01 04:31:19', 1, 21, 1, 1),
(16, 'SO-0000016', '', 'Eos est quo aut voluptas dolorem ea. Quaerat enim ut ut culpa. Nam qui perspiciatis aspernatur harum id ullam nulla.', 'p', '2024-10-01', '2024-10-01', 'Exercitationem cupiditate voluptates voluptate voluptatum vero velit id. Modi placeat atque ratione deleniti quia. Et dolore laborum inventore ut voluptas itaque.', 240.00, 0.00, 5.00, 240.00, '2024-10-01 04:31:19', '2024-10-01 04:31:19', 1, 42, 1, 1),
(17, 'SO-0000017', '', 'Consequatur repellat nam unde excepturi. Enim eos blanditiis dicta cum excepturi commodi molestiae tempore. Dolores cum in id voluptatem qui. Facilis repellat voluptatum voluptates omnis dolor.', 'p', '2024-10-01', '2024-10-01', 'Sint veritatis ut aut commodi praesentium sapiente cupiditate dicta. Quibusdam non harum laudantium veritatis ut. Assumenda optio totam officiis illum culpa quis.', 120.00, 0.00, 5.00, 120.00, '2024-10-01 04:31:19', '2024-10-01 04:31:19', 1, 25, 1, 1),
(18, 'SO-0000018', '', 'Blanditiis aperiam voluptatem magni. Officia deleniti error molestiae delectus. Voluptatem nulla rerum itaque voluptas aut. Non incidunt magnam iste id quam occaecati tempora.', 'p', '2024-10-01', '2024-10-01', 'Minima aperiam dolorem omnis dolorum ex similique illo. Pariatur odio facilis sequi eligendi ipsa nisi. Veritatis totam dolores deleniti saepe et ab.', 360.00, 0.00, 5.00, 360.00, '2024-10-01 04:31:19', '2024-10-01 04:31:19', 1, 13, 1, 1),
(19, 'SO-0000019', '', 'Ipsa voluptatibus deserunt culpa perferendis quia aut. Sequi omnis ea laboriosam illum sunt aliquid. Eum voluptatem saepe expedita quia accusamus error. Eveniet porro deleniti dolore consequatur.', 'p', '2024-10-01', '2024-10-01', 'Ut non aliquam quo libero non hic. Laborum corrupti a assumenda. Perferendis omnis non deserunt deserunt et.', 240.00, 0.00, 5.00, 240.00, '2024-10-01 04:31:19', '2024-10-01 04:31:19', 1, 47, 1, 1),
(20, 'SO-0000020', '', 'Architecto iusto corrupti voluptatibus tempore. Hic culpa eveniet debitis nam. Et est eum sequi numquam aperiam.', 'p', '2024-10-01', '2024-10-01', 'Minus quia autem occaecati reiciendis debitis et dolores est. Beatae qui hic et illo illum minus.', 840.00, 0.00, 5.00, 840.00, '2024-10-01 04:31:19', '2024-10-01 04:31:19', 1, 39, 1, 1),
(21, 'SO-0000021', '', 'Soluta illo dolorum veritatis. Sit vel odio non magni. Architecto corrupti tenetur numquam rerum perferendis dolores ad.', 'p', '2024-10-01', '2024-10-01', 'Eum dolore pariatur aut natus ratione. Saepe nam quia alias dicta tenetur. Perferendis maxime quaerat non tempore modi. Perferendis tempore deserunt ratione.', 720.00, 0.00, 5.00, 720.00, '2024-10-01 04:31:19', '2024-10-01 04:31:19', 1, 18, 1, 1),
(22, 'SO-0000022', '', 'Eum cum tempora est excepturi. Rerum aut tenetur ut quia nihil a laudantium. Et consequuntur porro voluptatem. Molestiae molestiae dolor nostrum.', 'p', '2024-10-01', '2024-10-01', 'Eos eos qui rerum ut. Quas a dolores fuga est commodi. Sunt eos quas illo tempora similique et quis. Perspiciatis sapiente dolorem tempore tempora ipsam rerum.', 840.00, 0.00, 5.00, 840.00, '2024-10-01 04:31:19', '2024-10-01 04:31:19', 1, 13, 1, 1),
(23, 'SO-0000023', '', 'Ut atque qui molestiae ab iusto laboriosam. Placeat illo rem quas. Qui tempora vero impedit sed. Vitae est dolorem necessitatibus.', 'p', '2024-10-01', '2024-10-01', 'Inventore nisi et ea eveniet. Totam facilis qui eveniet est perspiciatis. Nihil ipsa quisquam in autem et consequatur harum nihil. Consequatur nam velit veniam dolorem.', 720.00, 0.00, 5.00, 720.00, '2024-10-01 04:31:19', '2024-10-01 04:31:19', 1, 8, 1, 1),
(24, 'SO-0000024', '', 'Aliquid odit sit sed sequi qui consequatur sit illo. Consequatur ducimus placeat veritatis quia voluptatem. A nesciunt laboriosam eum quisquam. Aut aut minima quod ut.', 'p', '2024-10-01', '2024-10-01', 'Nesciunt officia non nostrum quasi itaque. Velit placeat quibusdam atque dolore rerum.', 480.00, 0.00, 5.00, 480.00, '2024-10-01 04:31:19', '2024-10-01 04:31:19', 1, 3, 1, 1),
(25, 'SO-0000025', '', 'Excepturi animi consequatur voluptatem nihil aliquam. Rerum id consequatur voluptatibus molestiae sapiente. Atque sint labore fugiat. Quia est quia enim et.', 'p', '2024-10-01', '2024-10-01', 'Aut iste excepturi numquam iste corrupti. Assumenda corporis quos numquam aut quia. Repudiandae debitis aut est ea quia nulla quasi.', 1080.00, 0.00, 5.00, 1080.00, '2024-10-01 04:31:19', '2024-10-01 04:31:19', 1, 33, 1, 1),
(26, 'SO-0000026', '', 'Sed sit perferendis laborum ex quas. Vel et aliquid vel ea. Totam unde ad doloribus aut laborum.', 'p', '2024-10-01', '2024-10-01', 'Facere sint consequuntur eaque et ea ut magnam. Corporis tenetur ut omnis veritatis sunt. Reprehenderit cum ducimus est molestiae sequi quia nihil. Dolore asperiores commodi soluta consequatur.', 1200.00, 0.00, 5.00, 1200.00, '2024-10-01 04:31:19', '2024-10-01 04:31:19', 1, 45, 1, 1),
(27, 'SO-0000027', '', 'Ut modi quam tempore. Nostrum cumque odio eligendi est quidem voluptatem corrupti ea.', 'p', '2024-10-01', '2024-10-01', 'Sunt adipisci ex aut ipsa repellendus amet. Est eligendi soluta aut alias et. Inventore inventore blanditiis delectus dolorem. Molestias eum vitae reiciendis beatae nihil.', 360.00, 0.00, 5.00, 360.00, '2024-10-01 04:31:19', '2024-10-01 04:31:19', 1, 34, 1, 1),
(28, 'SO-0000028', '', 'Impedit veritatis alias est ipsum deleniti sunt exercitationem. Aut molestias et voluptatem error nihil in et. Itaque dignissimos esse ducimus exercitationem. Velit repellendus autem esse sint.', 'p', '2024-10-01', '2024-10-01', 'Sit sit sed autem mollitia ut minima. Eum excepturi non odio iste ea omnis. Dolores voluptates ut dolor. Sapiente sed rerum et et.', 840.00, 0.00, 5.00, 840.00, '2024-10-01 04:31:19', '2024-10-01 04:31:19', 1, 49, 1, 1),
(29, 'SO-0000029', '', 'Eos cupiditate hic quo aspernatur eligendi laboriosam. Ea animi provident aut possimus dolores repudiandae. Minima quia possimus modi nulla veritatis adipisci.', 'p', '2024-10-01', '2024-10-01', 'Totam pariatur eum explicabo sapiente quos. Quia recusandae est dolores provident. Distinctio modi explicabo maxime earum est est doloremque.', 240.00, 0.00, 5.00, 240.00, '2024-10-01 04:31:19', '2024-10-01 04:31:19', 1, 26, 1, 1),
(30, 'SO-0000030', '', 'Adipisci sed cupiditate quidem voluptatem nesciunt esse. Harum minima maxime voluptatem ut veniam. Laudantium aut cum voluptatem est nobis quis. Omnis illum facere assumenda.', 'p', '2024-10-01', '2024-10-01', 'Provident quia laudantium voluptatum ullam odio. Illum enim laborum ipsa necessitatibus quas molestias consectetur ratione. Qui qui nihil quia debitis inventore.', 240.00, 0.00, 5.00, 240.00, '2024-10-01 04:31:19', '2024-10-01 04:31:19', 1, 32, 1, 1),
(31, 'SO-0000031', '', 'Culpa qui similique iste amet et. Rerum id qui voluptas nemo harum non. Consequuntur optio eum illo expedita et qui. Eum hic molestias aut aut officia rerum.', 'p', '2024-10-01', '2024-10-01', 'Molestiae quia est architecto vel soluta harum minus. Corrupti id voluptatem amet ut at. Eum nobis architecto minima voluptates. Perferendis repudiandae et voluptatum possimus et impedit.', 840.00, 0.00, 5.00, 840.00, '2024-10-01 04:31:19', '2024-10-01 04:31:19', 1, 34, 1, 1),
(32, 'SO-0000032', '', 'Ratione aperiam minus molestias dolore aut. Aut eos sequi modi expedita minus incidunt aut.', 'p', '2024-10-01', '2024-10-01', 'Dolor impedit repudiandae qui porro facere est totam. Et enim ut velit vel rerum recusandae. Asperiores consequatur ipsa perferendis vitae tempora.', 480.00, 0.00, 5.00, 480.00, '2024-10-01 04:31:19', '2024-10-01 04:31:19', 1, 39, 1, 1),
(33, 'SO-0000033', '', 'Vel error rerum dolores amet. Qui quo incidunt repellat adipisci repellendus deserunt magni. Numquam et et et error perspiciatis. Asperiores quia rem minima quod delectus enim sunt quia.', 'p', '2024-10-01', '2024-10-01', 'Necessitatibus aspernatur rerum quia velit et ipsa necessitatibus blanditiis. Illum repellat occaecati harum quod. Unde itaque voluptate consequatur ab facere pariatur expedita.', 600.00, 0.00, 5.00, 600.00, '2024-10-01 04:31:19', '2024-10-01 04:31:19', 1, 44, 1, 1),
(34, 'SO-0000034', '', 'Veniam hic tenetur est fugiat sapiente distinctio quisquam ipsum. Dolores voluptates reiciendis fugit omnis tempora non at pariatur. Distinctio et voluptatum illum odit.', 'p', '2024-10-01', '2024-10-01', 'Qui voluptate quos voluptatem veniam est necessitatibus enim. Repudiandae nihil esse sed voluptates qui temporibus ipsam vel. Dolore nobis ab odio facere et reiciendis dolorem.', 1080.00, 0.00, 5.00, 1080.00, '2024-10-01 04:31:19', '2024-10-01 04:31:19', 1, 44, 1, 1),
(35, 'SO-0000035', '', 'Sunt voluptatum saepe voluptatem autem rerum ut unde illum. Unde ratione cupiditate et voluptates. Rerum fugit saepe qui sequi velit. Dolores doloribus qui nihil.', 'p', '2024-10-01', '2024-10-01', 'Alias iusto rerum necessitatibus qui. Necessitatibus et labore aut totam animi voluptatem. Dignissimos nam repellendus illo. Inventore soluta placeat qui eaque tempora.', 840.00, 0.00, 5.00, 840.00, '2024-10-01 04:31:19', '2024-10-01 04:31:19', 1, 13, 1, 1),
(36, 'SO-0000036', '', 'Est iusto et nesciunt aliquam saepe et quia. Sequi aut fugit repudiandae quisquam modi fugit.', 'p', '2024-10-01', '2024-10-01', 'Aliquid corporis suscipit nihil sunt. Illo enim distinctio necessitatibus rerum odit repellendus. Aliquam vel et sit culpa praesentium sed. Harum neque mollitia aut qui.', 600.00, 0.00, 5.00, 600.00, '2024-10-01 04:31:19', '2024-10-01 04:31:19', 1, 7, 1, 1),
(37, 'SO-0000037', '', 'Est ad voluptatem ipsum harum voluptas commodi. Quos itaque odio dolores nam.', 'p', '2024-10-01', '2024-10-01', 'Dolorem placeat eius ut voluptatem. Dolorem nostrum quam optio omnis. Ut quam adipisci sequi nam. Et excepturi fugiat quia velit magnam maiores natus beatae.', 480.00, 0.00, 5.00, 480.00, '2024-10-01 04:31:19', '2024-10-01 04:31:19', 1, 47, 1, 1),
(38, 'SO-0000038', '', 'Expedita quod voluptatum vero quas earum. Totam iste sit nostrum veniam. Aliquam ipsa accusantium vel libero sed.', 'p', '2024-10-01', '2024-10-01', 'Vitae error culpa explicabo similique rerum et quo. Voluptates hic ad magnam aut unde. Eius minus neque et delectus suscipit tenetur dolorem pariatur. Quas dolor debitis deleniti recusandae omnis.', 600.00, 0.00, 5.00, 600.00, '2024-10-01 04:31:19', '2024-10-01 04:31:19', 1, 46, 1, 1),
(39, 'SO-0000039', '', 'Et ut et voluptatem non voluptatibus. Sunt suscipit et inventore quos minima alias. Sed quia ipsum tempore in assumenda. Ut velit in maiores quo in rerum omnis velit.', 'p', '2024-10-01', '2024-10-01', 'Et optio magnam asperiores repellat harum. Deleniti ducimus laudantium vel sint rerum. Et et occaecati possimus vel vel qui ut. Ut distinctio rerum sunt sit doloribus repellat autem.', 480.00, 0.00, 5.00, 480.00, '2024-10-01 04:31:19', '2024-10-01 04:31:19', 1, 3, 1, 1),
(40, 'SO-0000040', '', 'Laudantium qui atque suscipit provident amet. Minima rerum tenetur quae in. Velit nostrum omnis facere voluptatem.', 'p', '2024-10-01', '2024-10-01', 'Nam voluptas ad odit earum qui vero aut. Accusamus maxime asperiores sed nemo qui. Nemo sit nobis suscipit et maxime ut et. Corrupti suscipit ratione aliquam id architecto.', 720.00, 0.00, 5.00, 720.00, '2024-10-01 04:31:19', '2024-10-01 04:31:19', 1, 34, 1, 1),
(41, 'SO-0000041', '', 'Natus voluptatum recusandae dolores nobis ut aut. Ea ut corporis expedita aut eveniet sunt ipsum. Dolor aut reprehenderit ea. Facere natus et id laborum eos sit.', 'p', '2024-10-01', '2024-10-01', 'Animi aut autem nulla ipsa mollitia quia libero. Voluptatem quae natus ullam rerum. Ipsa et aut sit magni repellendus.', 240.00, 0.00, 5.00, 240.00, '2024-10-01 04:31:19', '2024-10-01 04:31:19', 1, 24, 1, 1),
(42, 'SO-0000042', '', 'Magni repellendus ut pariatur impedit velit earum aspernatur. Cupiditate non temporibus debitis. Fugit veritatis rerum sit et incidunt voluptate deserunt.', 'p', '2024-10-01', '2024-10-01', 'Perspiciatis sunt incidunt modi iusto impedit ullam. Officia sit libero eveniet repudiandae et sed veniam. Optio unde atque minus aut quam.', 1200.00, 0.00, 5.00, 1200.00, '2024-10-01 04:31:19', '2024-10-01 04:31:19', 1, 39, 1, 1),
(43, 'SO-0000043', '', 'Mollitia quia expedita velit accusantium et voluptate. Assumenda facere non sapiente voluptas officiis recusandae. Fugit quo et fugiat eius.', 'p', '2024-10-01', '2024-10-01', 'Iste sapiente corporis qui laborum. Reiciendis est nisi quia sed necessitatibus.', 1200.00, 0.00, 5.00, 1200.00, '2024-10-01 04:31:19', '2024-10-01 04:31:19', 1, 41, 1, 1),
(44, 'SO-0000044', '', 'At voluptates eligendi consequatur. Ipsum voluptas accusantium inventore.', 'p', '2024-10-01', '2024-10-01', 'Officia inventore temporibus laudantium inventore est laudantium. Dolor sed accusantium voluptas. Ex hic corporis eos voluptas.', 1080.00, 0.00, 5.00, 1080.00, '2024-10-01 04:31:19', '2024-10-01 04:31:19', 1, 11, 1, 1),
(45, 'SO-0000045', '', 'Expedita reiciendis ut consequatur. Facilis deleniti molestiae saepe molestiae autem totam. Aut totam modi deleniti explicabo vel. Qui reiciendis quisquam ut tempore dolorum in.', 'p', '2024-10-01', '2024-10-01', 'Beatae iste deserunt ullam. Consequatur inventore vel sint quis pariatur. Earum laboriosam nemo est error aut.', 360.00, 0.00, 5.00, 360.00, '2024-10-01 04:31:19', '2024-10-01 04:31:19', 1, 13, 1, 1),
(46, 'SO-0000046', '', 'Dolor cupiditate hic mollitia est. Nesciunt enim fugiat eos qui ex consequatur. Et non architecto laborum magni.', 'p', '2024-10-01', '2024-10-01', 'Non cumque cumque consequuntur soluta. Esse odit sequi consectetur maiores dignissimos iusto. Deleniti sint aspernatur distinctio laborum. Blanditiis unde qui est enim unde non in.', 960.00, 0.00, 5.00, 960.00, '2024-10-01 04:31:19', '2024-10-01 04:31:19', 1, 37, 1, 1),
(47, 'SO-0000047', '', 'Est tempore et et soluta omnis eaque sed nisi. Adipisci accusamus aut dolorem possimus molestiae quasi. Eum earum sunt voluptatum.', 'p', '2024-10-01', '2024-10-01', 'Quaerat et quod culpa delectus. Porro natus ipsum non harum eos. Aperiam laborum soluta eligendi et at.', 840.00, 0.00, 5.00, 840.00, '2024-10-01 04:31:19', '2024-10-01 04:31:19', 1, 18, 1, 1),
(48, 'SO-0000048', '', 'Nihil eos ullam dicta beatae porro dolorem qui. Molestiae natus architecto et quasi. Sed eum ut id nemo. Doloremque ut eveniet et suscipit quia quia non distinctio.', 'p', '2024-10-01', '2024-10-01', 'Aut voluptas maiores qui est et quo. Aspernatur similique aliquid deserunt sapiente praesentium pariatur et dolorem. Eligendi qui voluptatem non excepturi et quasi.', 960.00, 0.00, 5.00, 960.00, '2024-10-01 04:31:19', '2024-10-01 04:31:19', 1, 24, 1, 1),
(49, 'SO-0000049', '', 'Rem labore sint ut. Et optio quia aliquid vel et et. Magni unde quam rem dolorem totam magnam fugit facilis.', 'p', '2024-10-01', '2024-10-01', 'Adipisci sequi et laudantium nemo quam qui enim. Quasi cumque voluptas et maiores sequi maxime. Et assumenda error qui vel dolore dolor fuga.', 240.00, 0.00, 5.00, 240.00, '2024-10-01 04:31:19', '2024-10-01 04:31:19', 1, 42, 1, 1),
(50, 'SO-0000050', '', 'Neque minima accusantium porro aut. Ut non aut asperiores enim sit. Soluta possimus rerum magnam illum.', 'p', '2024-10-01', '2024-10-01', 'Ullam sit unde dolorem accusamus aut quibusdam. Quis non excepturi autem illo est consequuntur. Nostrum tempora accusamus et accusantium nostrum.', 360.00, 0.00, 5.00, 360.00, '2024-10-01 04:31:19', '2024-10-01 04:31:19', 1, 42, 1, 1),
(51, 'SO-0000051', '', 'Omnis quidem ex sint in. Est tempore laudantium est possimus eum. Esse qui doloremque ipsum qui sequi et.', 'p', '2024-10-01', '2024-10-01', 'Enim quia tempore illo facilis dolorem. Et repudiandae enim quaerat nihil modi quos itaque. Ex ullam ut quae minima nemo autem consequatur.', 960.00, 0.00, 5.00, 960.00, '2024-10-01 04:31:19', '2024-10-01 04:31:19', 1, 39, 1, 1),
(52, 'SO-0000052', '', 'Magni cum omnis tempora voluptatem ut at. Dolores fuga tempora modi laudantium deleniti incidunt. Vel qui aut in dolores omnis.', 'p', '2024-10-01', '2024-10-01', 'Sunt quasi et molestiae atque maxime aut. In excepturi tempora laudantium voluptatem assumenda commodi eos. Et ad qui eligendi commodi repudiandae rem. Molestiae eum cum ea sed aut.', 840.00, 0.00, 5.00, 840.00, '2024-10-01 04:31:19', '2024-10-01 04:31:19', 1, 41, 1, 1),
(53, 'SO-0000053', '', 'Omnis commodi ipsum et itaque et nam autem. Ad pariatur ut dolor nisi fuga. Libero ipsam eum beatae. Magnam explicabo natus distinctio iste sed.', 'p', '2024-10-01', '2024-10-01', 'Et recusandae veritatis odit et. Optio et facilis velit aut qui inventore. Labore optio esse quisquam dolor ut. Et ut non est.', 120.00, 0.00, 5.00, 120.00, '2024-10-01 04:31:19', '2024-10-01 04:31:19', 1, 30, 1, 1),
(54, 'SO-0000054', '', 'Et quia quis itaque dolorem. Quo facilis amet qui quibusdam qui.', 'p', '2024-10-01', '2024-10-01', 'Esse laudantium porro et maxime cumque. Porro velit deleniti assumenda dolorum. Incidunt eos molestias quas modi et est.', 1200.00, 0.00, 5.00, 1200.00, '2024-10-01 04:31:19', '2024-10-01 04:31:19', 1, 2, 1, 1),
(55, 'SO-0000055', '', 'Dolores error expedita architecto omnis nisi. Itaque culpa consequatur consectetur dolorem vitae velit. Tenetur incidunt repellendus corporis.', 'p', '2024-10-01', '2024-10-01', 'Quidem inventore id sapiente aut. Ea distinctio corporis et nihil. Aut ut rerum officiis ut iste id ex. Necessitatibus ipsa repellendus iure ipsa.', 720.00, 0.00, 5.00, 720.00, '2024-10-01 04:31:19', '2024-10-01 04:31:19', 1, 40, 1, 1),
(56, 'SO-0000056', '', 'Fugiat quaerat mollitia molestiae est. Neque adipisci maxime et assumenda deserunt ab ducimus similique. Necessitatibus earum voluptas distinctio sapiente.', 'p', '2024-10-01', '2024-10-01', 'Magni officiis eveniet sunt vitae sed. Placeat exercitationem architecto et et ex incidunt est. Ea odio atque non omnis id architecto accusamus. Et et non molestiae quod dolorem.', 360.00, 0.00, 5.00, 360.00, '2024-10-01 04:31:19', '2024-10-01 04:31:19', 1, 44, 1, 1),
(57, 'SO-0000057', '', 'Totam velit excepturi non ipsam. Sit animi voluptatem tempore. Quod molestias omnis et dignissimos tenetur rem ut.', 'p', '2024-10-01', '2024-10-01', 'Repellat accusantium non reprehenderit voluptate nisi et blanditiis. Quasi rerum excepturi ducimus. Dignissimos et ab consectetur enim rem.', 840.00, 0.00, 5.00, 840.00, '2024-10-01 04:31:19', '2024-10-01 04:31:19', 1, 32, 1, 1),
(58, 'SO-0000058', '', 'Dolores corrupti sint neque asperiores nobis. Quia quo et quae optio expedita. Id laborum dolor enim blanditiis eum dolore.', 'p', '2024-10-01', '2024-10-01', 'Suscipit quis nobis ex architecto sequi non. Ut officiis omnis in odio. Odit in similique velit at commodi. Consequatur asperiores laborum aspernatur quod exercitationem vel voluptatem.', 960.00, 0.00, 5.00, 960.00, '2024-10-01 04:31:19', '2024-10-01 04:31:19', 1, 34, 1, 1),
(59, 'SO-0000059', '', 'Et explicabo sunt recusandae impedit. Voluptas quia ipsum molestiae voluptate. Aspernatur odio fugiat molestias illo laborum et iste.', 'p', '2024-10-01', '2024-10-01', 'Corporis quae esse sapiente veniam fugiat. Eaque eveniet voluptas quia ut. Aut voluptatibus corporis alias rerum est.', 1080.00, 0.00, 5.00, 1080.00, '2024-10-01 04:31:19', '2024-10-01 04:31:19', 1, 36, 1, 1),
(60, 'SO-0000060', '', 'Blanditiis rerum non dicta aliquid. Dolorem esse unde incidunt. Sed at consectetur deleniti dignissimos. Distinctio assumenda et veniam ipsa adipisci. Et temporibus temporibus aperiam dolores.', 'p', '2024-10-01', '2024-10-01', 'Molestiae perspiciatis perspiciatis laboriosam cum alias quod quo delectus. Suscipit eum vitae dolore. Voluptatem necessitatibus sint odit. Et tempore provident eum facilis autem tempore deserunt ut.', 360.00, 0.00, 5.00, 360.00, '2024-10-01 04:31:19', '2024-10-01 04:31:19', 1, 15, 1, 1),
(61, 'SO-0000061', '', 'Quia harum iusto delectus eligendi. Quisquam cum corrupti est voluptas velit dolores. Consequatur libero quis dignissimos beatae. Aut qui est saepe libero.', 'p', '2024-10-01', '2024-10-01', 'Error officia qui corrupti accusantium. Est est velit consectetur consectetur quia.', 120.00, 0.00, 5.00, 120.00, '2024-10-01 04:31:19', '2024-10-01 04:31:19', 1, 31, 1, 1),
(62, 'SO-0000062', '', 'Voluptatem et sint modi. Et odio et ullam et distinctio. Dolorum laudantium fuga laudantium.', 'p', '2024-10-01', '2024-10-01', 'Necessitatibus vitae optio dicta temporibus exercitationem repellendus mollitia. Necessitatibus mollitia sunt consectetur excepturi. Et repellendus possimus recusandae assumenda.', 1200.00, 0.00, 5.00, 1200.00, '2024-10-01 04:31:19', '2024-10-01 04:31:19', 1, 7, 1, 1),
(63, 'SO-0000063', '', 'Eveniet ea culpa ducimus ipsam. Enim labore rerum et odit ut. Consectetur accusamus rerum aliquam recusandae. Quidem iusto occaecati nam quaerat et quia qui aut.', 'p', '2024-10-01', '2024-10-01', 'Assumenda ex sed pariatur culpa ea rerum vel. Accusantium iure aut dolorem animi voluptas aut laudantium. Laboriosam voluptatem minima aliquid provident quia unde. Fuga aut minus reprehenderit sit.', 1080.00, 0.00, 5.00, 1080.00, '2024-10-01 04:31:19', '2024-10-01 04:31:19', 1, 43, 1, 1),
(64, 'SO-0000064', '', 'Deserunt doloremque nemo vel quia. Eum quibusdam qui enim est suscipit aut. Quia doloribus aut nobis quasi voluptas autem.', 'p', '2024-10-01', '2024-10-01', 'Repudiandae repellat voluptatum commodi ad. Dolorum est sint reprehenderit labore architecto. Sapiente eum omnis explicabo quam. Veniam ab ut ipsam autem velit maxime ut.', 1200.00, 0.00, 5.00, 1200.00, '2024-10-01 04:31:19', '2024-10-01 04:31:19', 1, 25, 1, 1),
(65, 'SO-0000065', '', 'Quia id ut id suscipit eos. Deleniti harum fugiat reiciendis harum non ipsa. Rem amet iusto maxime debitis ullam enim enim.', 'p', '2024-10-01', '2024-10-01', 'Aut qui est voluptas et esse modi. Veritatis ad non a debitis tenetur. Rem dolorum aliquam aspernatur qui.', 480.00, 0.00, 5.00, 480.00, '2024-10-01 04:31:19', '2024-10-01 04:31:19', 1, 16, 1, 1),
(66, 'SO-0000066', '', 'Beatae enim culpa ea consequatur ab et. Aliquid adipisci hic modi. Nam ex et perferendis ut fugit.', 'p', '2024-10-01', '2024-10-01', 'Est nobis dolorem rem reiciendis ut aut veritatis. Distinctio ea in laboriosam sunt. Occaecati est assumenda cum ex facilis omnis. Minus sunt aperiam accusamus voluptatibus.', 360.00, 0.00, 5.00, 360.00, '2024-10-01 04:31:19', '2024-10-01 04:31:19', 1, 13, 1, 1),
(67, 'SO-0000067', '', 'Dolore quia maxime aut voluptatem consequatur et. Quisquam dolore asperiores voluptas et. Earum illo architecto nesciunt incidunt.', 'p', '2024-10-01', '2024-10-01', 'Saepe nihil hic eos ut soluta. Ducimus excepturi sunt vel perferendis fugit doloribus et. Odit consectetur quo autem iure. Numquam debitis aut et cumque eum.', 840.00, 0.00, 5.00, 840.00, '2024-10-01 04:31:19', '2024-10-01 04:31:19', 1, 25, 1, 1),
(68, 'SO-0000068', '', 'Quis doloremque optio nihil ut. Dolorum ullam animi ad aspernatur inventore. Molestias maxime quia eaque consequuntur fugit et consequatur. Ullam consequatur suscipit voluptate.', 'p', '2024-10-01', '2024-10-01', 'Accusantium dicta molestias iste molestiae. Et dicta voluptas laudantium assumenda molestiae ipsa aut. Eligendi eaque sit quas dolores est cupiditate et rem.', 1080.00, 0.00, 5.00, 1080.00, '2024-10-01 04:31:19', '2024-10-01 04:31:19', 1, 50, 1, 1),
(69, 'SO-0000069', '', 'Omnis est numquam quis molestias. Ut laborum et odit error. Sit ut impedit sunt quis.', 'p', '2024-10-01', '2024-10-01', 'Ratione cum voluptate dolores est voluptate dicta. Nisi id aspernatur ut labore. Modi corporis aliquam quas laudantium. Quidem repudiandae soluta sit repellendus tempora.', 120.00, 0.00, 5.00, 120.00, '2024-10-01 04:31:19', '2024-10-01 04:31:19', 1, 43, 1, 1),
(70, 'SO-0000070', '', 'Sed magnam doloremque porro nesciunt ut blanditiis. Reprehenderit cupiditate corporis mollitia dolor. Quasi vel magni delectus non neque. Deleniti dignissimos occaecati commodi quidem odio non qui.', 'p', '2024-10-01', '2024-10-01', 'Nemo nisi aliquid doloremque qui. Libero omnis et aspernatur consectetur. Ullam a ea et aut voluptas. Minus quae quibusdam et accusamus.', 120.00, 0.00, 5.00, 120.00, '2024-10-01 04:31:19', '2024-10-01 04:31:19', 1, 11, 1, 1),
(71, 'SO-0000071', '', 'Asperiores dolorum repudiandae voluptatem laborum voluptas est placeat. Voluptatem reprehenderit excepturi repellat recusandae velit odit. Quam nihil odit animi. Aut sit dolores ea quos quia at quas.', 'p', '2024-10-01', '2024-10-01', 'Asperiores similique quibusdam est impedit impedit hic. Dolor sequi est dolorum. Et maxime fugit nisi cupiditate dolorem minus. Magnam quo enim quia.', 720.00, 0.00, 5.00, 720.00, '2024-10-01 04:31:19', '2024-10-01 04:31:19', 1, 8, 1, 1),
(72, 'SO-0000072', '', 'Repudiandae omnis optio illum libero dolorum sed. Eaque sunt repellendus quod ea eius. Est sed quidem aut. Illum dolores voluptas quidem ut iusto dicta est. Et explicabo sint reprehenderit sit.', 'p', '2024-10-01', '2024-10-01', 'Perspiciatis error cupiditate quia architecto. Est expedita est non necessitatibus numquam vel. Possimus consequatur veritatis accusantium quia et sequi.', 360.00, 0.00, 5.00, 360.00, '2024-10-01 04:31:19', '2024-10-01 04:31:19', 1, 48, 1, 1),
(73, 'SO-0000073', '', 'Quae facilis architecto rem magni. Iste magni tempore iure ratione reprehenderit. Quia eveniet labore magnam vitae et ducimus excepturi non. Voluptas laborum qui voluptatem minus sed.', 'p', '2024-10-01', '2024-10-01', 'Sequi neque est ipsam molestias. Vero et consequuntur eveniet vero ut dolor. Est dolores voluptate eos dolores ipsum et non. Molestias qui quae nesciunt ad.', 840.00, 0.00, 5.00, 840.00, '2024-10-01 04:31:19', '2024-10-01 04:31:19', 1, 50, 1, 1),
(74, 'SO-0000074', '', 'Exercitationem ipsa repellat assumenda et sit et. Alias omnis commodi qui. Aut ipsam et dolores ad aut voluptatibus quia.', 'p', '2024-10-01', '2024-10-01', 'Eligendi aspernatur laboriosam dolore vero beatae. Est provident voluptatem beatae est asperiores. Beatae vel accusamus rerum.', 600.00, 0.00, 5.00, 600.00, '2024-10-01 04:31:19', '2024-10-01 04:31:19', 1, 16, 1, 1),
(75, 'SO-0000075', '', 'Eligendi aut ut accusamus a qui dolores distinctio. Culpa vel maiores tenetur vel velit. Debitis quia quidem eveniet et suscipit cupiditate. Aspernatur iure aut quia odit.', 'p', '2024-10-01', '2024-10-01', 'Iusto sunt voluptate impedit expedita quidem illum. Facilis aliquam et a dignissimos laudantium rerum quasi. Rem id atque sed exercitationem est. Sunt rem nulla eligendi laborum.', 480.00, 0.00, 5.00, 480.00, '2024-10-01 04:31:19', '2024-10-01 04:31:19', 1, 10, 1, 1),
(76, 'SO-0000076', '', 'Eum deserunt maiores voluptas dolor ut sed voluptas animi. Rerum blanditiis id tenetur laboriosam est rerum voluptas. Similique unde sit natus quis. Architecto eos eius quam qui ut impedit.', 'p', '2024-10-01', '2024-10-01', 'Iste voluptatem nihil facilis aut delectus sed sed. Quibusdam excepturi aliquam est atque ducimus. Iusto eaque reprehenderit et qui.', 840.00, 0.00, 5.00, 840.00, '2024-10-01 04:31:19', '2024-10-01 04:31:19', 1, 48, 1, 1),
(77, 'SO-0000077', '', 'Quis perferendis et assumenda ipsam perspiciatis. Est unde praesentium corporis tempora quis aut eligendi. Dolorum velit excepturi eligendi ipsa aliquid provident omnis.', 'p', '2024-10-01', '2024-10-01', 'Consequatur error reprehenderit velit. Dolorem quia et voluptatem labore consequatur et. Alias est doloribus ut consectetur veritatis.', 720.00, 0.00, 5.00, 720.00, '2024-10-01 04:31:19', '2024-10-01 04:31:19', 1, 41, 1, 1),
(78, 'SO-0000078', '', 'Voluptate occaecati consectetur ut. Quia ut id quo rerum aut quia. Repudiandae fugit ea iusto sint aut eum.', 'p', '2024-10-01', '2024-10-01', 'Repellendus eius est excepturi tempore ad nulla amet. Sit repellendus possimus non minima eos distinctio. Voluptatem fuga nisi sit optio corporis.', 480.00, 0.00, 5.00, 480.00, '2024-10-01 04:31:19', '2024-10-01 04:31:19', 1, 18, 1, 1),
(79, 'SO-0000079', '', 'Dolorem ea quia voluptates quidem. Vero aut enim dolorem sit quod ut at. Nemo quia ea ipsam. Aliquid dolorum ab error voluptatem id dolorum quod. Eaque velit vero cum alias sit.', 'p', '2024-10-01', '2024-10-01', 'Et minima deserunt nihil. Ipsa aliquam ab rerum est animi. Sunt accusantium tempora impedit voluptate laborum.', 960.00, 0.00, 5.00, 960.00, '2024-10-01 04:31:19', '2024-10-01 04:31:19', 1, 45, 1, 1),
(80, 'SO-0000080', '', 'Ducimus non est hic voluptatem. Ut quo aspernatur maiores quod qui. Iusto voluptatem asperiores nihil qui harum reiciendis possimus.', 'p', '2024-10-01', '2024-10-01', 'Aut ut hic mollitia sapiente. Aut omnis iste quaerat deleniti nemo facere ut. Quia aspernatur nulla deserunt voluptas incidunt error.', 360.00, 0.00, 5.00, 360.00, '2024-10-01 04:31:19', '2024-10-01 04:31:19', 1, 16, 1, 1),
(81, 'SO-0000081', '', 'Dolorum error qui id maxime vero eius nihil. Consequuntur ea et aspernatur mollitia ut ut. Aut odio eius magnam aliquam incidunt qui nemo.', 'p', '2024-10-01', '2024-10-01', 'Similique quis assumenda et saepe. Minus quia ut minima dolor quis. Quod quia aspernatur inventore soluta adipisci. Quam nemo impedit officiis sit corrupti et fugit adipisci.', 240.00, 0.00, 5.00, 240.00, '2024-10-01 04:31:19', '2024-10-01 04:31:19', 1, 11, 1, 1),
(82, 'SO-0000082', '', 'Est soluta molestiae labore eos. Provident ipsa commodi hic vero placeat. Reiciendis et repudiandae perferendis eum consequuntur rerum repellat. Voluptatem occaecati fuga voluptate tenetur porro.', 'p', '2024-10-01', '2024-10-01', 'Fugiat magni ea fugiat. Non aliquam esse quis consequuntur. Animi quis minima et. Fugit iure eum aut inventore repudiandae. Dignissimos vero tempora praesentium sunt earum maiores.', 120.00, 0.00, 5.00, 120.00, '2024-10-01 04:31:19', '2024-10-01 04:31:19', 1, 30, 1, 1),
(83, 'SO-0000083', '', 'Quia exercitationem ab minima autem labore. Vero soluta hic commodi. Repellat cupiditate et et consequatur.', 'p', '2024-10-01', '2024-10-01', 'Accusantium dicta debitis et at harum. In consectetur similique ut ab. Magni tenetur eum animi nulla ad velit. Quas quo iure in doloribus rerum.', 240.00, 0.00, 5.00, 240.00, '2024-10-01 04:31:19', '2024-10-01 04:31:19', 1, 45, 1, 1),
(84, 'SO-0000084', '', 'Officiis consequuntur deserunt reiciendis quae. Velit cum id repudiandae provident in. Ipsum amet odit architecto explicabo reiciendis.', 'p', '2024-10-01', '2024-10-01', 'Facilis ducimus ut labore at atque consectetur. Aut eaque sint ut non reiciendis repellendus voluptatibus ipsum. Voluptatum et autem excepturi aliquam sit.', 960.00, 0.00, 5.00, 960.00, '2024-10-01 04:31:19', '2024-10-01 04:31:19', 1, 36, 1, 1),
(85, 'SO-0000085', '', 'Cumque eos sed illo molestiae velit. Et harum at rerum ut illum. Amet beatae quo nostrum quibusdam. Velit aut et minima consectetur aliquid quaerat dolorem.', 'p', '2024-10-01', '2024-10-01', 'Et ea aperiam aspernatur voluptatem repellat sed eius. Officia et vel et assumenda. Exercitationem pariatur est tenetur ea hic corrupti facilis. Reiciendis fuga tempora voluptate dolores.', 1200.00, 0.00, 5.00, 1200.00, '2024-10-01 04:31:19', '2024-10-01 04:31:19', 1, 48, 1, 1),
(86, 'SO-0000086', '', 'Consequatur odio libero qui sed dignissimos sit. Molestias temporibus possimus tempora quia. Harum veritatis accusamus repudiandae cumque tenetur voluptatem.', 'p', '2024-10-01', '2024-10-01', 'Ut fugiat sapiente voluptatum corporis. Accusantium et nihil beatae nostrum debitis facilis. Quia placeat quia dignissimos facere ex fugiat nihil. Aperiam deleniti eaque dolores amet minus in.', 1200.00, 0.00, 5.00, 1200.00, '2024-10-01 04:31:19', '2024-10-01 04:31:19', 1, 7, 1, 1),
(87, 'SO-0000087', '', 'Laudantium repellat animi quis vitae quia et eaque. Tenetur ipsa ut molestiae vel. Quae facere et qui cum aut quia aliquid et.', 'p', '2024-10-01', '2024-10-01', 'Nulla et repellendus enim aut. Corrupti labore doloribus qui doloremque saepe. Quos qui dolorum corporis ullam quo fugit. Aut provident voluptatum sint sed culpa asperiores.', 600.00, 0.00, 5.00, 600.00, '2024-10-01 04:31:19', '2024-10-01 04:31:19', 1, 22, 1, 1),
(88, 'SO-0000088', '', 'Aut corporis quisquam voluptatum culpa tempora atque. Dolorem et aut molestiae delectus. Alias aut et magni sed maxime corporis laudantium. Et sequi et illum eum repudiandae error vel aliquam.', 'p', '2024-10-01', '2024-10-01', 'Quia error ab eius sit numquam reprehenderit quaerat. Quia quia dolorem consequatur. Ab vel consequatur quam dolores sint.', 1200.00, 0.00, 5.00, 1200.00, '2024-10-01 04:31:19', '2024-10-01 04:31:19', 1, 10, 1, 1),
(89, 'SO-0000089', '', 'Consectetur saepe quisquam veritatis qui id quae. Molestiae tempore unde perferendis. Maiores quia dolor asperiores laborum quo minima sit. Nam voluptatum velit et.', 'p', '2024-10-01', '2024-10-01', 'Deleniti eum sint quo quasi non quaerat vel nemo. Dolor molestias amet molestiae et animi.', 120.00, 0.00, 5.00, 120.00, '2024-10-01 04:31:19', '2024-10-01 04:31:19', 1, 36, 1, 1),
(90, 'SO-0000090', '', 'Ea nam esse sequi. Magnam tempore aliquam temporibus impedit et aspernatur omnis. Asperiores soluta eos quaerat id. Perspiciatis modi vitae est sint quia et laborum. Velit impedit ducimus voluptate.', 'p', '2024-10-01', '2024-10-01', 'Voluptatem veniam ea natus praesentium quae amet. Ratione sint est quo error. Magnam sunt magni nobis eaque rerum. Dolor eum omnis dolore sed.', 720.00, 0.00, 5.00, 720.00, '2024-10-01 04:31:19', '2024-10-01 04:31:19', 1, 40, 1, 1),
(91, 'SO-0000091', '', 'Reprehenderit quia dolorem excepturi nobis commodi facilis. Ullam distinctio qui perferendis labore eveniet dolores aut consequatur. Dolor sunt hic et rerum.', 'p', '2024-10-01', '2024-10-01', 'Harum voluptas fuga nihil iste libero nulla qui. Unde culpa laborum blanditiis et est. Rerum quas et quam corrupti.', 1200.00, 0.00, 5.00, 1200.00, '2024-10-01 04:31:19', '2024-10-01 04:31:19', 1, 4, 1, 1),
(92, 'SO-0000092', '', 'Et voluptates eligendi voluptatum id officiis. Atque id et molestiae est omnis. Dolores velit perspiciatis eos distinctio dolor voluptate maiores.', 'p', '2024-10-01', '2024-10-01', 'Eveniet architecto laborum iusto eligendi modi. Qui sit et et iusto ex. Minima iure quia ab.', 1200.00, 0.00, 5.00, 1200.00, '2024-10-01 04:31:19', '2024-10-01 04:31:19', 1, 34, 1, 1),
(93, 'SO-0000093', '', 'Ipsam ipsa consequatur reprehenderit dolores aut aspernatur maxime. Laudantium iste non velit in sit. Aspernatur sed sed saepe voluptas sunt optio eaque.', 'p', '2024-10-01', '2024-10-01', 'Est eveniet rem sed deserunt dolor suscipit. Vero amet repellendus consequatur. Et ea in veniam cum.', 360.00, 0.00, 5.00, 360.00, '2024-10-01 04:31:19', '2024-10-01 04:31:19', 1, 33, 1, 1),
(94, 'SO-0000094', '', 'Corrupti ea qui dolor nemo eos ipsum dolorem. Et illo blanditiis ipsa eum odio praesentium. Atque natus ut sequi repellat omnis. In quaerat impedit tenetur aliquam.', 'p', '2024-10-01', '2024-10-01', 'Aut quia autem quod neque facilis autem. Quos in laudantium ullam inventore. Rerum fuga magni laudantium ab tempore.', 1080.00, 0.00, 5.00, 1080.00, '2024-10-01 04:31:19', '2024-10-01 04:31:19', 1, 2, 1, 1),
(95, 'SO-0000095', '', 'Et ab vero corporis. Quasi tenetur voluptates molestiae sed numquam sunt porro. Illum eaque esse debitis repellat ullam. Consequuntur aut quod ipsam qui ipsum.', 'p', '2024-10-01', '2024-10-01', 'Optio quis rerum ea voluptatibus. Laudantium accusantium omnis nobis dolorem. Enim blanditiis omnis sed. Ea iure voluptatem maiores quia. Sapiente minus ut qui dolorem laboriosam non quae.', 1200.00, 0.00, 5.00, 1200.00, '2024-10-01 04:31:19', '2024-10-01 04:31:19', 1, 15, 1, 1),
(96, 'SO-0000096', '', 'Itaque consequatur earum eius sunt. Minus excepturi qui quia voluptas et harum earum. Consequatur assumenda voluptatum consequatur.', 'p', '2024-10-01', '2024-10-01', 'Pariatur perspiciatis soluta consequatur architecto neque deserunt consequatur. Sint omnis unde earum omnis sed. Fugiat ipsam debitis doloremque cupiditate est molestiae temporibus sapiente.', 240.00, 0.00, 5.00, 240.00, '2024-10-01 04:31:19', '2024-10-01 04:31:19', 1, 45, 1, 1),
(97, 'SO-0000097', '', 'Alias veritatis eos dolor. Laudantium dolor illum repudiandae velit. Quidem esse suscipit qui velit.', 'p', '2024-10-01', '2024-10-01', 'Eveniet commodi in totam. Et vel quo nesciunt reiciendis. Quidem odio consequatur recusandae commodi et. Nesciunt et occaecati eos ut.', 1080.00, 0.00, 5.00, 1080.00, '2024-10-01 04:31:19', '2024-10-01 04:31:19', 1, 45, 1, 1),
(98, 'SO-0000098', '', 'Exercitationem animi laborum sit voluptatem dolor. Dolor provident aut sunt enim placeat tenetur quia. Magnam est aut odio cumque quia consequatur. Et vitae vero ea sit ea.', 'p', '2024-10-01', '2024-10-01', 'Assumenda molestiae molestiae cupiditate ipsa assumenda at sit. Est corrupti sint laborum. Nisi rerum unde beatae dolores vel hic. Eos ut consectetur doloribus autem illum sed.', 120.00, 0.00, 5.00, 120.00, '2024-10-01 04:31:19', '2024-10-01 04:31:19', 1, 1, 1, 1),
(99, 'SO-0000099', '', 'Et magni eos voluptate consequatur iusto. Aut sint aut aliquid adipisci accusantium. Reiciendis nesciunt debitis nihil ut assumenda aut. Voluptate cupiditate quam enim et voluptas adipisci laborum.', 'p', '2024-10-01', '2024-10-01', 'Commodi aut sapiente consequuntur ducimus corrupti. Rerum et inventore quos sunt ut accusantium. Distinctio in enim et sapiente qui ullam incidunt maxime.', 600.00, 0.00, 5.00, 600.00, '2024-10-01 04:31:19', '2024-10-01 04:31:19', 1, 32, 1, 1),
(100, 'SO-0000100', '', 'Non iure id officia qui eos. Optio aperiam ducimus esse iusto in aut qui. Est quo est maiores est omnis quo modi repellendus. Consequatur ut aut similique qui.', 'p', '2024-10-01', '2024-10-01', 'Rem consequatur distinctio quia. Rerum quod necessitatibus occaecati minus laboriosam aperiam. In dolorum sequi numquam sunt nemo inventore. Incidunt et voluptatem iure adipisci.', 720.00, 0.00, 5.00, 720.00, '2024-10-01 04:31:19', '2024-10-01 04:31:19', 1, 15, 1, 1);

-- 
-- Dumping data for table sales_invoice_items
--
INSERT INTO sales_invoice_items VALUES
(1, 'Id dignissimos nisi sit. Repudiandae harum veniam nulla. Pariatur placeat ullam magnam est error aut sit. Dolorum eaque sequi qui magnam repellat.', 'autem', NULL, 4.00, 120.00, NULL, 480.00, '2024-10-01 04:31:19', '2024-10-01 04:31:19', NULL, 1, 6, 1),
(2, 'Modi sunt sint autem facilis. Sit eos ipsum omnis minima iure illum eaque. Adipisci debitis sequi et et ea ea. In voluptatum quia molestias perspiciatis nulla dolor.', 'corrupti', NULL, 1.00, 120.00, NULL, 120.00, '2024-10-01 04:31:19', '2024-10-01 04:31:19', NULL, 2, 81, 1),
(3, 'Hic magni animi distinctio. Dolor provident corporis consequatur sequi laboriosam non magni nam. Quis sit quasi mollitia magni ut. Odio incidunt quas est facilis.', 'unde', NULL, 2.00, 120.00, NULL, 240.00, '2024-10-01 04:31:19', '2024-10-01 04:31:19', NULL, 3, 84, 1),
(4, 'Ex a exercitationem tempora odit. Quam eveniet aut qui iste animi ipsam. Tempora dolorem placeat eligendi accusamus velit voluptate. Officiis sed et et.', 'accusamus', NULL, 6.00, 120.00, NULL, 720.00, '2024-10-01 04:31:20', '2024-10-01 04:31:20', NULL, 4, 86, 1),
(5, 'Rem cupiditate dolores eos quidem. Debitis laudantium aspernatur minus officia omnis sed. Qui nemo non molestiae totam.', 'aut', NULL, 3.00, 120.00, NULL, 360.00, '2024-10-01 04:31:20', '2024-10-01 04:31:20', NULL, 5, 29, 1),
(6, 'Aliquid distinctio dicta consectetur qui vel neque blanditiis. Officia illo incidunt quam sit modi. In voluptas hic necessitatibus. Quidem eum est excepturi in recusandae.', 'quam', NULL, 10.00, 120.00, NULL, 1200.00, '2024-10-01 04:31:20', '2024-10-01 04:31:20', NULL, 6, 67, 1),
(7, 'Perspiciatis nisi veritatis sit blanditiis. Repellat praesentium occaecati delectus quasi atque. Vel id quis nostrum iste ipsam ut pariatur. Quasi nobis id mollitia quas.', 'deleniti', NULL, 7.00, 120.00, NULL, 840.00, '2024-10-01 04:31:20', '2024-10-01 04:31:20', NULL, 7, 26, 1),
(8, 'Aut minus eius quis et enim. Reiciendis facilis qui et harum consectetur dignissimos ut dolor. Qui explicabo nulla architecto consequatur.', 'assumenda', NULL, 6.00, 120.00, NULL, 720.00, '2024-10-01 04:31:20', '2024-10-01 04:31:20', NULL, 8, 71, 1),
(9, 'Consequatur nihil aspernatur iusto minima asperiores officia. Voluptatem est adipisci fuga qui voluptas nihil ut iste. Esse est voluptas asperiores et sunt sed qui.', 'nam', NULL, 4.00, 120.00, NULL, 480.00, '2024-10-01 04:31:20', '2024-10-01 04:31:20', NULL, 9, 99, 1),
(10, 'Quia alias quis officiis nobis et ea. Sapiente quia quo quia non consequuntur facilis perspiciatis. Rerum rem quam et dolor et facere.', 'dignissimos', NULL, 10.00, 120.00, NULL, 1200.00, '2024-10-01 04:31:20', '2024-10-01 04:31:20', NULL, 10, 77, 1),
(11, 'Sint excepturi commodi nihil in omnis rerum. Nam qui ut at architecto ipsa labore. Eveniet fuga nihil occaecati quae quia ut. Corrupti et et neque. Sit et ullam autem ut et rerum iusto.', 'similique', NULL, 9.00, 120.00, NULL, 1080.00, '2024-10-01 04:31:20', '2024-10-01 04:31:20', NULL, 11, 65, 1),
(12, 'Quo qui earum perferendis quae quod. Eum nostrum velit dolorem. Nemo officiis id accusamus accusantium. Cumque eaque enim rerum et dolorum.', 'reprehenderit', NULL, 8.00, 120.00, NULL, 960.00, '2024-10-01 04:31:20', '2024-10-01 04:31:20', NULL, 12, 18, 1),
(13, 'Blanditiis maxime dolor et tempora minus. Consequatur eaque commodi distinctio accusantium. Necessitatibus porro odio ipsam voluptates architecto ut.', 'illo', NULL, 1.00, 120.00, NULL, 120.00, '2024-10-01 04:31:20', '2024-10-01 04:31:20', NULL, 13, 73, 1),
(14, 'Molestiae placeat vel sequi quis. Voluptas delectus et facere ducimus dolores. Hic deserunt aut sunt omnis. Vel omnis voluptatem ut quos itaque fugit voluptatem.', 'sequi', NULL, 4.00, 120.00, NULL, 480.00, '2024-10-01 04:31:20', '2024-10-01 04:31:20', NULL, 14, 47, 1),
(15, 'Ducimus saepe sed architecto voluptatum distinctio. Earum est qui debitis tempora qui quia fugiat. Ipsum quia voluptatibus qui nesciunt sunt ipsa ut. Eligendi sed excepturi nulla perspiciatis earum.', 'deserunt', NULL, 1.00, 120.00, NULL, 120.00, '2024-10-01 04:31:20', '2024-10-01 04:31:20', NULL, 15, 88, 1),
(16, 'Officia illum tempora tenetur quo. Odio modi labore vel maxime. Ab ex sunt omnis voluptatibus autem quis reprehenderit tempora. Nam consequatur voluptas aliquid.', 'quidem', NULL, 10.00, 120.00, NULL, 1200.00, '2024-10-01 04:31:20', '2024-10-01 04:31:20', NULL, 16, 74, 1),
(17, 'Velit minus possimus enim minima. Quae expedita sunt ea ab ipsum. Quia quibusdam eos ab quas. Sed itaque deleniti impedit.', 'quibusdam', NULL, 2.00, 120.00, NULL, 240.00, '2024-10-01 04:31:20', '2024-10-01 04:31:20', NULL, 17, 70, 1),
(18, 'In veniam eum rem rem inventore. Praesentium sed qui quis voluptates. Inventore aut doloribus eaque harum ipsam nobis. Ad saepe dolores accusantium illo dolor.', 'temporibus', NULL, 9.00, 120.00, NULL, 1080.00, '2024-10-01 04:31:20', '2024-10-01 04:31:20', NULL, 18, 19, 1),
(19, 'Velit minus possimus enim minima. Quae expedita sunt ea ab ipsum. Quia quibusdam eos ab quas. Sed itaque deleniti impedit.', 'quibusdam', NULL, 8.00, 120.00, NULL, 960.00, '2024-10-01 04:31:20', '2024-10-01 04:31:20', NULL, 19, 70, 1),
(20, 'Repellat facilis qui veniam et voluptatum quod. Dolorem non est est sed similique. Recusandae expedita ipsum ut quis ullam doloribus.', 'dolorem', NULL, 8.00, 120.00, NULL, 960.00, '2024-10-01 04:31:20', '2024-10-01 04:31:20', NULL, 20, 41, 1),
(21, 'In recusandae et voluptate nostrum. Iusto sit dignissimos eos suscipit velit cumque. Ullam et et maxime occaecati. Quo rem adipisci autem qui.', 'molestiae', NULL, 1.00, 120.00, NULL, 120.00, '2024-10-01 04:31:20', '2024-10-01 04:31:20', NULL, 21, 98, 1),
(22, 'Rerum ut nihil mollitia aspernatur ducimus consequatur animi. Provident rerum quasi autem architecto nesciunt quidem. Sit veritatis aut dolorum vel ullam earum.', 'soluta', NULL, 4.00, 120.00, NULL, 480.00, '2024-10-01 04:31:20', '2024-10-01 04:31:20', NULL, 22, 83, 1),
(23, 'Debitis fuga molestiae qui voluptatem qui. Eos autem corporis excepturi et asperiores recusandae ex. Ab minus excepturi similique sunt ut.', 'perspiciatis', NULL, 7.00, 120.00, NULL, 840.00, '2024-10-01 04:31:20', '2024-10-01 04:31:20', NULL, 23, 61, 1),
(24, 'Alias unde vitae sed est dolores. Minima et commodi maiores omnis. Recusandae quam magni ipsam dolorum nam. Qui et tempora rerum illum dolorem.', 'maiores', NULL, 5.00, 120.00, NULL, 600.00, '2024-10-01 04:31:20', '2024-10-01 04:31:20', NULL, 24, 46, 1),
(25, 'Sed explicabo culpa consequatur non. Et aut quis ipsam laboriosam minus. Eveniet molestiae eos voluptatem sint et optio enim. Deserunt hic magni quaerat sit ut vel.', 'aliquam', NULL, 1.00, 120.00, NULL, 120.00, '2024-10-01 04:31:20', '2024-10-01 04:31:20', NULL, 25, 59, 1),
(26, 'Velit minus possimus enim minima. Quae expedita sunt ea ab ipsum. Quia quibusdam eos ab quas. Sed itaque deleniti impedit.', 'quibusdam', NULL, 2.00, 120.00, NULL, 240.00, '2024-10-01 04:31:20', '2024-10-01 04:31:20', NULL, 26, 70, 1),
(27, 'Eveniet et enim eum eos. Iste non totam ut saepe corrupti aut voluptatibus ut. Molestiae deserunt doloribus nisi ab soluta eum non minima. Magni quibusdam placeat voluptatem eaque.', 'eum', NULL, 8.00, 120.00, NULL, 960.00, '2024-10-01 04:31:20', '2024-10-01 04:31:20', NULL, 27, 42, 1),
(28, 'Rem cupiditate dolores eos quidem. Debitis laudantium aspernatur minus officia omnis sed. Qui nemo non molestiae totam.', 'aut', NULL, 9.00, 120.00, NULL, 1080.00, '2024-10-01 04:31:20', '2024-10-01 04:31:20', NULL, 28, 29, 1),
(29, 'Fugit sed ad facere. Nam cumque est omnis in error. Modi quas id cupiditate omnis. Quo dolorem veniam neque non omnis at est.', 'voluptates', NULL, 9.00, 120.00, NULL, 1080.00, '2024-10-01 04:31:20', '2024-10-01 04:31:20', NULL, 29, 54, 1),
(30, 'Vero ratione expedita ratione expedita illo. Sunt laudantium doloremque autem consequatur soluta sit aut.', 'dicta', NULL, 2.00, 120.00, NULL, 240.00, '2024-10-01 04:31:20', '2024-10-01 04:31:20', NULL, 30, 89, 1),
(31, 'Ab odio similique atque aut quod laborum. Excepturi rem minima vero dolorum. Voluptatem quis corporis quia doloremque repellendus et et. Soluta velit sint deserunt sit rerum tempore.', 'blanditiis', NULL, 1.00, 120.00, NULL, 120.00, '2024-10-01 04:31:20', '2024-10-01 04:31:20', NULL, 31, 28, 1),
(32, 'Sed explicabo culpa consequatur non. Et aut quis ipsam laboriosam minus. Eveniet molestiae eos voluptatem sint et optio enim. Deserunt hic magni quaerat sit ut vel.', 'aliquam', NULL, 5.00, 120.00, NULL, 600.00, '2024-10-01 04:31:20', '2024-10-01 04:31:20', NULL, 32, 59, 1),
(33, 'Aut numquam numquam nulla tempore possimus eius natus. Dolores iure deleniti delectus quis. Aut minus et eos tempora et. Perspiciatis voluptas sunt quia cupiditate suscipit error.', 'provident', NULL, 1.00, 120.00, NULL, 120.00, '2024-10-01 04:31:20', '2024-10-01 04:31:20', NULL, 33, 27, 1),
(34, 'Provident aut sint optio. Et qui ut tempore quo facere sed minus debitis. Rerum asperiores perspiciatis minus voluptate.', 'qui', NULL, 8.00, 120.00, NULL, 960.00, '2024-10-01 04:31:20', '2024-10-01 04:31:20', NULL, 34, 44, 1),
(35, 'Aut minus eius quis et enim. Reiciendis facilis qui et harum consectetur dignissimos ut dolor. Qui explicabo nulla architecto consequatur.', 'assumenda', NULL, 4.00, 120.00, NULL, 480.00, '2024-10-01 04:31:20', '2024-10-01 04:31:20', NULL, 35, 71, 1),
(36, 'Quis eum aut cumque. Vel qui eaque aperiam autem. Quidem doloremque deserunt aliquid sunt.', 'est', NULL, 8.00, 120.00, NULL, 960.00, '2024-10-01 04:31:20', '2024-10-01 04:31:20', NULL, 36, 20, 1),
(37, 'Minus amet fuga optio. Quod quo necessitatibus esse et qui. Laboriosam facilis consequatur praesentium fuga quo est.', 'rem', NULL, 6.00, 120.00, NULL, 720.00, '2024-10-01 04:31:20', '2024-10-01 04:31:20', NULL, 37, 48, 1),
(38, 'Quo officia deleniti impedit incidunt et et et. Tempore ipsum expedita voluptatem qui voluptatem eum ut. Et aperiam ipsam fuga fugit. Maiores animi sit atque dolorem.', 'tempora', NULL, 4.00, 120.00, NULL, 480.00, '2024-10-01 04:31:20', '2024-10-01 04:31:20', NULL, 38, 53, 1),
(39, 'Omnis delectus similique ut dolor saepe. Consequatur rem amet deleniti similique vitae pariatur deleniti. Non sit id est maxime. Temporibus quam similique a omnis.', 'rerum', NULL, 6.00, 120.00, NULL, 720.00, '2024-10-01 04:31:20', '2024-10-01 04:31:20', NULL, 39, 43, 1),
(40, 'Omnis delectus similique ut dolor saepe. Consequatur rem amet deleniti similique vitae pariatur deleniti. Non sit id est maxime. Temporibus quam similique a omnis.', 'rerum', NULL, 2.00, 120.00, NULL, 240.00, '2024-10-01 04:31:20', '2024-10-01 04:31:20', NULL, 40, 43, 1),
(41, 'Natus provident numquam alias facere magnam et sed. Officiis nihil maxime velit quia. Tenetur vero quas et. Animi corporis voluptas accusamus natus ratione. Recusandae dolores dolorem ut.', 'corporis', NULL, 9.00, 120.00, NULL, 1080.00, '2024-10-01 04:31:20', '2024-10-01 04:31:20', NULL, 41, 93, 1),
(42, 'Blanditiis maxime dolor et tempora minus. Consequatur eaque commodi distinctio accusantium. Necessitatibus porro odio ipsam voluptates architecto ut.', 'illo', NULL, 1.00, 120.00, NULL, 120.00, '2024-10-01 04:31:20', '2024-10-01 04:31:20', NULL, 42, 73, 1),
(43, 'Enim perspiciatis autem a quam deleniti. Unde non ipsam rerum. Eveniet repellat qui molestiae.', 'repellendus', NULL, 8.00, 120.00, NULL, 960.00, '2024-10-01 04:31:20', '2024-10-01 04:31:20', NULL, 43, 21, 1),
(44, 'Id dignissimos nisi sit. Repudiandae harum veniam nulla. Pariatur placeat ullam magnam est error aut sit. Dolorum eaque sequi qui magnam repellat.', 'autem', NULL, 3.00, 120.00, NULL, 360.00, '2024-10-01 04:31:20', '2024-10-01 04:31:20', NULL, 44, 6, 1),
(45, 'Voluptatum et quidem enim provident. Aut dolorem numquam quo quis fugiat illum error. Ullam exercitationem aut corrupti.', 'pariatur', NULL, 2.00, 120.00, NULL, 240.00, '2024-10-01 04:31:20', '2024-10-01 04:31:20', NULL, 45, 17, 1),
(46, 'Consequatur nihil aspernatur iusto minima asperiores officia. Voluptatem est adipisci fuga qui voluptas nihil ut iste. Esse est voluptas asperiores et sunt sed qui.', 'nam', NULL, 1.00, 120.00, NULL, 120.00, '2024-10-01 04:31:20', '2024-10-01 04:31:20', NULL, 46, 99, 1),
(47, 'Tempore non aperiam sed non ut minima. Repellat sint qui et sed. Laboriosam sit officia repudiandae et impedit nesciunt veritatis repellat. Alias aliquam magni vero reiciendis.', 'hic', NULL, 4.00, 120.00, NULL, 480.00, '2024-10-01 04:31:20', '2024-10-01 04:31:20', NULL, 47, 10, 1),
(48, 'Est adipisci nostrum laudantium quis tempore sint. Provident et omnis ducimus cupiditate. Dolorem neque in saepe cumque et.', 'quos', NULL, 2.00, 120.00, NULL, 240.00, '2024-10-01 04:31:20', '2024-10-01 04:31:20', NULL, 48, 64, 1),
(49, 'Consequatur velit consequatur omnis accusamus ut quasi. Molestiae aut reiciendis rerum dolor. Error sed vel et est ut.', 'quia', NULL, 7.00, 120.00, NULL, 840.00, '2024-10-01 04:31:20', '2024-10-01 04:31:20', NULL, 49, 66, 1),
(50, 'Odio sapiente aut expedita cum. Vel earum quia eum est qui sint velit. Quaerat iure ullam est repellendus. Sed voluptatum dolorem eveniet aspernatur.', 'cumque', NULL, 6.00, 120.00, NULL, 720.00, '2024-10-01 04:31:20', '2024-10-01 04:31:20', NULL, 50, 40, 1),
(51, 'Vero ratione expedita ratione expedita illo. Sunt laudantium doloremque autem consequatur soluta sit aut.', 'dicta', NULL, 10.00, 120.00, NULL, 1200.00, '2024-10-01 04:31:20', '2024-10-01 04:31:20', NULL, 51, 89, 1),
(52, 'Aliquid distinctio dicta consectetur qui vel neque blanditiis. Officia illo incidunt quam sit modi. In voluptas hic necessitatibus. Quidem eum est excepturi in recusandae.', 'quam', NULL, 7.00, 120.00, NULL, 840.00, '2024-10-01 04:31:20', '2024-10-01 04:31:20', NULL, 52, 67, 1),
(53, 'Laudantium ratione quibusdam voluptatem voluptate omnis. Unde quis voluptatem enim et et distinctio distinctio. Iure a placeat recusandae.', 'architecto', NULL, 1.00, 120.00, NULL, 120.00, '2024-10-01 04:31:20', '2024-10-01 04:31:20', NULL, 53, 96, 1),
(54, 'Quis eum aut cumque. Vel qui eaque aperiam autem. Quidem doloremque deserunt aliquid sunt.', 'est', NULL, 10.00, 120.00, NULL, 1200.00, '2024-10-01 04:31:20', '2024-10-01 04:31:20', NULL, 54, 20, 1),
(55, 'Tenetur vel vitae quam molestias. Ut fuga et ut velit modi praesentium. Consectetur voluptas hic ea eveniet quasi.', 'ut', NULL, 9.00, 120.00, NULL, 1080.00, '2024-10-01 04:31:20', '2024-10-01 04:31:20', NULL, 55, 4, 1),
(56, 'Blanditiis consequatur cupiditate aliquam nemo. Autem harum dolorum eveniet ut ea qui sed.', 'mollitia', NULL, 1.00, 120.00, NULL, 120.00, '2024-10-01 04:31:20', '2024-10-01 04:31:20', NULL, 56, 7, 1),
(57, 'Id dignissimos nisi sit. Repudiandae harum veniam nulla. Pariatur placeat ullam magnam est error aut sit. Dolorum eaque sequi qui magnam repellat.', 'autem', NULL, 7.00, 120.00, NULL, 840.00, '2024-10-01 04:31:20', '2024-10-01 04:31:20', NULL, 57, 6, 1),
(58, 'Fugit eaque repellendus libero possimus possimus. Aperiam sint ut quibusdam perspiciatis consectetur. Amet est odit blanditiis dignissimos repellendus.', 'nihil', NULL, 4.00, 120.00, NULL, 480.00, '2024-10-01 04:31:20', '2024-10-01 04:31:20', NULL, 58, 87, 1),
(59, 'Quia alias quis officiis nobis et ea. Sapiente quia quo quia non consequuntur facilis perspiciatis. Rerum rem quam et dolor et facere.', 'dignissimos', NULL, 7.00, 120.00, NULL, 840.00, '2024-10-01 04:31:20', '2024-10-01 04:31:20', NULL, 59, 77, 1),
(60, 'Rerum ut nihil mollitia aspernatur ducimus consequatur animi. Provident rerum quasi autem architecto nesciunt quidem. Sit veritatis aut dolorum vel ullam earum.', 'soluta', NULL, 7.00, 120.00, NULL, 840.00, '2024-10-01 04:31:20', '2024-10-01 04:31:20', NULL, 60, 83, 1),
(61, 'Voluptatum et quidem enim provident. Aut dolorem numquam quo quis fugiat illum error. Ullam exercitationem aut corrupti.', 'pariatur', NULL, 9.00, 120.00, NULL, 1080.00, '2024-10-01 04:31:20', '2024-10-01 04:31:20', NULL, 61, 17, 1),
(62, 'Voluptates quis recusandae eum asperiores voluptatem. Ut excepturi et rerum. Quod odit vel rerum dolore sit ea. In et quidem natus.', 'ducimus', NULL, 2.00, 120.00, NULL, 240.00, '2024-10-01 04:31:20', '2024-10-01 04:31:20', NULL, 62, 15, 1),
(63, 'Dolore et mollitia tempore nulla sapiente. Similique provident enim animi. Rerum ducimus rerum dolores omnis ut.', 'adipisci', NULL, 10.00, 120.00, NULL, 1200.00, '2024-10-01 04:31:20', '2024-10-01 04:31:20', NULL, 63, 35, 1),
(64, 'Alias unde vitae sed est dolores. Minima et commodi maiores omnis. Recusandae quam magni ipsam dolorum nam. Qui et tempora rerum illum dolorem.', 'maiores', NULL, 9.00, 120.00, NULL, 1080.00, '2024-10-01 04:31:20', '2024-10-01 04:31:20', NULL, 64, 46, 1),
(65, 'Nam eveniet et deleniti fugit ipsum magni. Mollitia numquam rerum sit ut quisquam ut. Minima assumenda alias laborum aut dolorum.', 'numquam', NULL, 5.00, 120.00, NULL, 600.00, '2024-10-01 04:31:20', '2024-10-01 04:31:20', NULL, 65, 52, 1),
(66, 'Fuga illo fugit culpa ducimus. Sed quod in facere ipsum quas repellat. Ratione atque qui provident accusantium sit voluptatem modi.', 'nulla', NULL, 6.00, 120.00, NULL, 720.00, '2024-10-01 04:31:20', '2024-10-01 04:31:20', NULL, 66, 91, 1),
(67, 'Quia fugiat impedit voluptates sapiente velit perspiciatis. Recusandae vitae et quisquam et rerum est. Magni occaecati cumque est rem itaque magnam.', 'et', NULL, 7.00, 120.00, NULL, 840.00, '2024-10-01 04:31:20', '2024-10-01 04:31:20', NULL, 67, 9, 1),
(68, 'Quo qui earum perferendis quae quod. Eum nostrum velit dolorem. Nemo officiis id accusamus accusantium. Cumque eaque enim rerum et dolorum.', 'reprehenderit', NULL, 5.00, 120.00, NULL, 600.00, '2024-10-01 04:31:20', '2024-10-01 04:31:20', NULL, 68, 18, 1),
(69, 'Est adipisci nostrum laudantium quis tempore sint. Provident et omnis ducimus cupiditate. Dolorem neque in saepe cumque et.', 'quos', NULL, 5.00, 120.00, NULL, 600.00, '2024-10-01 04:31:20', '2024-10-01 04:31:20', NULL, 69, 64, 1),
(70, 'Sit nobis commodi fuga et. Vitae rerum veritatis cum et in quia ipsam nihil. Non est rerum sunt quis accusamus laborum porro.', 'expedita', NULL, 9.00, 120.00, NULL, 1080.00, '2024-10-01 04:31:20', '2024-10-01 04:31:20', NULL, 70, 45, 1),
(71, 'Omnis delectus similique ut dolor saepe. Consequatur rem amet deleniti similique vitae pariatur deleniti. Non sit id est maxime. Temporibus quam similique a omnis.', 'rerum', NULL, 9.00, 120.00, NULL, 1080.00, '2024-10-01 04:31:20', '2024-10-01 04:31:20', NULL, 71, 43, 1),
(72, 'At dolor et ipsam sed molestiae incidunt. Vero repellat perspiciatis qui reiciendis aut. Perferendis harum atque eum ab in.', 'quaerat', NULL, 8.00, 120.00, NULL, 960.00, '2024-10-01 04:31:20', '2024-10-01 04:31:20', NULL, 72, 50, 1),
(73, 'Modi sunt sint autem facilis. Sit eos ipsum omnis minima iure illum eaque. Adipisci debitis sequi et et ea ea. In voluptatum quia molestias perspiciatis nulla dolor.', 'corrupti', NULL, 7.00, 120.00, NULL, 840.00, '2024-10-01 04:31:20', '2024-10-01 04:31:20', NULL, 73, 81, 1),
(74, 'Aliquid distinctio dicta consectetur qui vel neque blanditiis. Officia illo incidunt quam sit modi. In voluptas hic necessitatibus. Quidem eum est excepturi in recusandae.', 'quam', NULL, 8.00, 120.00, NULL, 960.00, '2024-10-01 04:31:20', '2024-10-01 04:31:20', NULL, 74, 67, 1),
(75, 'Non molestiae eum aut adipisci molestiae quaerat. Qui fugit cum recusandae aperiam fugiat rerum. Molestias corporis quo laboriosam sint illo eius aut.', 'enim', NULL, 6.00, 120.00, NULL, 720.00, '2024-10-01 04:31:20', '2024-10-01 04:31:20', NULL, 75, 2, 1),
(76, 'Amet omnis tenetur aut in exercitationem. Quos impedit ipsum fugiat culpa.', 'animi', NULL, 10.00, 120.00, NULL, 1200.00, '2024-10-01 04:31:20', '2024-10-01 04:31:20', NULL, 76, 95, 1),
(77, 'Velit delectus numquam est nisi. Voluptatem aut similique facere sed quibusdam consequatur ea. Qui molestiae in perferendis aspernatur ut similique blanditiis. Nesciunt officiis quaerat suscipit aut.', 'sint', NULL, 10.00, 120.00, NULL, 1200.00, '2024-10-01 04:31:20', '2024-10-01 04:31:20', NULL, 77, 51, 1),
(78, 'Sed culpa enim quasi et ut nihil laudantium. Iste illo molestias similique animi. Quia debitis aliquam autem corrupti eius molestiae.', 'odio', NULL, 3.00, 120.00, NULL, 360.00, '2024-10-01 04:31:20', '2024-10-01 04:31:20', NULL, 78, 56, 1),
(79, 'Repudiandae velit beatae deserunt a. Est sed similique voluptates suscipit quo. Qui velit qui ratione. Nulla et vero eos optio ipsa rerum sunt.', 'repellat', NULL, 7.00, 120.00, NULL, 840.00, '2024-10-01 04:31:20', '2024-10-01 04:31:20', NULL, 79, 94, 1),
(80, 'Voluptatum et quidem enim provident. Aut dolorem numquam quo quis fugiat illum error. Ullam exercitationem aut corrupti.', 'pariatur', NULL, 5.00, 120.00, NULL, 600.00, '2024-10-01 04:31:20', '2024-10-01 04:31:20', NULL, 80, 17, 1),
(81, 'Perferendis qui corrupti aut voluptatem voluptatem in tenetur. Aut non beatae vitae voluptatum. Non vel ipsum qui ratione. Ut modi suscipit deleniti.', 'fugiat', NULL, 2.00, 120.00, NULL, 240.00, '2024-10-01 04:31:20', '2024-10-01 04:31:20', NULL, 81, 80, 1),
(82, 'Quia alias quis officiis nobis et ea. Sapiente quia quo quia non consequuntur facilis perspiciatis. Rerum rem quam et dolor et facere.', 'dignissimos', NULL, 10.00, 120.00, NULL, 1200.00, '2024-10-01 04:31:20', '2024-10-01 04:31:20', NULL, 82, 77, 1),
(83, 'Dolor eos magnam enim ipsam pariatur accusamus. Et veniam ut fugiat iusto. Eligendi iste possimus ut itaque qui veniam. Vero ipsa voluptatum quae nemo nobis molestiae distinctio fuga.', 'omnis', NULL, 3.00, 120.00, NULL, 360.00, '2024-10-01 04:31:20', '2024-10-01 04:31:20', NULL, 83, 75, 1),
(84, 'Iusto aut in omnis tempore aut. Molestiae aut illum est inventore similique inventore. Veniam fugiat eaque amet dolorem officiis consequatur non. Autem laudantium qui eaque consectetur consequuntur.', 'eligendi', NULL, 9.00, 120.00, NULL, 1080.00, '2024-10-01 04:31:20', '2024-10-01 04:31:20', NULL, 84, 22, 1),
(85, 'Quia fugiat impedit voluptates sapiente velit perspiciatis. Recusandae vitae et quisquam et rerum est. Magni occaecati cumque est rem itaque magnam.', 'et', NULL, 2.00, 120.00, NULL, 240.00, '2024-10-01 04:31:20', '2024-10-01 04:31:20', NULL, 85, 9, 1),
(86, 'Ducimus saepe sed architecto voluptatum distinctio. Earum est qui debitis tempora qui quia fugiat. Ipsum quia voluptatibus qui nesciunt sunt ipsa ut. Eligendi sed excepturi nulla perspiciatis earum.', 'deserunt', NULL, 5.00, 120.00, NULL, 600.00, '2024-10-01 04:31:20', '2024-10-01 04:31:20', NULL, 86, 88, 1),
(87, 'Iusto aut in omnis tempore aut. Molestiae aut illum est inventore similique inventore. Veniam fugiat eaque amet dolorem officiis consequatur non. Autem laudantium qui eaque consectetur consequuntur.', 'eligendi', NULL, 10.00, 120.00, NULL, 1200.00, '2024-10-01 04:31:20', '2024-10-01 04:31:20', NULL, 87, 22, 1),
(88, 'Tenetur vel vitae quam molestias. Ut fuga et ut velit modi praesentium. Consectetur voluptas hic ea eveniet quasi.', 'ut', NULL, 6.00, 120.00, NULL, 720.00, '2024-10-01 04:31:20', '2024-10-01 04:31:20', NULL, 88, 4, 1),
(89, 'Sint velit tempore atque minima assumenda et dolores. Maxime ex molestiae id necessitatibus voluptas ratione. Minima est fuga voluptatem. Dignissimos nostrum quidem illum possimus dolorem.', 'in', NULL, 6.00, 120.00, NULL, 720.00, '2024-10-01 04:31:20', '2024-10-01 04:31:20', NULL, 89, 92, 1),
(90, 'Debitis fuga molestiae qui voluptatem qui. Eos autem corporis excepturi et asperiores recusandae ex. Ab minus excepturi similique sunt ut.', 'perspiciatis', NULL, 8.00, 120.00, NULL, 960.00, '2024-10-01 04:31:20', '2024-10-01 04:31:20', NULL, 90, 61, 1),
(91, 'In at qui consequatur tempore quaerat porro voluptates. Nihil consectetur laboriosam laborum nobis et. Ea et tempore sed quia.', 'aperiam', NULL, 4.00, 120.00, NULL, 480.00, '2024-10-01 04:31:20', '2024-10-01 04:31:20', NULL, 91, 76, 1),
(92, 'Commodi libero voluptas minima consequatur esse. Aut libero ut fuga totam qui rerum excepturi.', 'alias', NULL, 2.00, 120.00, NULL, 240.00, '2024-10-01 04:31:20', '2024-10-01 04:31:20', NULL, 92, 39, 1),
(93, 'Eveniet et enim eum eos. Iste non totam ut saepe corrupti aut voluptatibus ut. Molestiae deserunt doloribus nisi ab soluta eum non minima. Magni quibusdam placeat voluptatem eaque.', 'eum', NULL, 4.00, 120.00, NULL, 480.00, '2024-10-01 04:31:20', '2024-10-01 04:31:20', NULL, 93, 42, 1),
(94, 'Nam eveniet et deleniti fugit ipsum magni. Mollitia numquam rerum sit ut quisquam ut. Minima assumenda alias laborum aut dolorum.', 'numquam', NULL, 2.00, 120.00, NULL, 240.00, '2024-10-01 04:31:20', '2024-10-01 04:31:20', NULL, 94, 52, 1),
(95, 'Hic magni animi distinctio. Dolor provident corporis consequatur sequi laboriosam non magni nam. Quis sit quasi mollitia magni ut. Odio incidunt quas est facilis.', 'unde', NULL, 3.00, 120.00, NULL, 360.00, '2024-10-01 04:31:20', '2024-10-01 04:31:20', NULL, 95, 84, 1),
(96, 'Delectus ipsam commodi ut ipsa repellendus officia laudantium est. Omnis rerum at sed accusantium tempora. Quidem facere deserunt aut eveniet. Impedit laudantium dolorem nisi non sed modi.', 'asperiores', NULL, 2.00, 120.00, NULL, 240.00, '2024-10-01 04:31:20', '2024-10-01 04:31:20', NULL, 96, 49, 1),
(97, 'Delectus ipsam commodi ut ipsa repellendus officia laudantium est. Omnis rerum at sed accusantium tempora. Quidem facere deserunt aut eveniet. Impedit laudantium dolorem nisi non sed modi.', 'asperiores', NULL, 4.00, 120.00, NULL, 480.00, '2024-10-01 04:31:20', '2024-10-01 04:31:20', NULL, 97, 49, 1),
(98, 'Id dignissimos nisi sit. Repudiandae harum veniam nulla. Pariatur placeat ullam magnam est error aut sit. Dolorum eaque sequi qui magnam repellat.', 'autem', NULL, 1.00, 120.00, NULL, 120.00, '2024-10-01 04:31:20', '2024-10-01 04:31:20', NULL, 98, 6, 1),
(99, 'Odio sapiente aut expedita cum. Vel earum quia eum est qui sint velit. Quaerat iure ullam est repellendus. Sed voluptatum dolorem eveniet aspernatur.', 'cumque', NULL, 4.00, 120.00, NULL, 480.00, '2024-10-01 04:31:20', '2024-10-01 04:31:20', NULL, 99, 40, 1),
(100, 'Consequatur nihil aspernatur iusto minima asperiores officia. Voluptatem est adipisci fuga qui voluptas nihil ut iste. Esse est voluptas asperiores et sunt sed qui.', 'nam', NULL, 8.00, 120.00, NULL, 960.00, '2024-10-01 04:31:20', '2024-10-01 04:31:20', NULL, 100, 99, 1);

-- Table mega_sign_rental_2024_db.sales_invoice_activities does not contain any data (it is empty)

-- 
-- Dumping data for table sales_invoices
--
INSERT INTO sales_invoices VALUES
(1, 'SI-0000001', '2024-10-01', '2024-10-01', 'Odio enim distinctio recusandae in sed. Vero aut dolore quia aliquid placeat. Numquam repellat ut quis et sed iusto.', 'p', 'Ut qui nihil quod voluptate dolore rerum. Velit et nemo fugit quo soluta pariatur et. Optio sed aperiam voluptas neque repellendus.', 480.00, 0.00, 5.00, 480.00, '2024-10-01 04:31:19', '2024-10-01 04:31:19', NULL, 39, 1, 1, 1),
(2, 'SI-0000002', '2024-10-01', '2024-10-01', 'Excepturi voluptatem impedit vero laboriosam minima asperiores. Nisi cum occaecati dicta sint nemo cumque.', 'p', 'Debitis ut dolores neque qui. Nihil ullam vel consectetur voluptatem praesentium omnis. Reiciendis consectetur dolorem doloribus et ullam ut.', 120.00, 0.00, 5.00, 120.00, '2024-10-01 04:31:19', '2024-10-01 04:31:19', NULL, 1, 1, 1, 1),
(3, 'SI-0000003', '2024-10-01', '2024-10-01', 'Iure ipsam et sequi non. Eum sed dolorem deleniti non provident. Corporis rerum ducimus officiis omnis cumque ea laboriosam unde.', 'p', 'Nisi quae iure modi repudiandae facere. Dolorem laborum officiis neque autem accusamus delectus cum dolor. Blanditiis deserunt asperiores ducimus consequatur.', 240.00, 0.00, 5.00, 240.00, '2024-10-01 04:31:19', '2024-10-01 04:31:19', NULL, 49, 1, 1, 1),
(4, 'SI-0000004', '2024-10-01', '2024-10-01', 'Et magni natus perferendis iste sit. Assumenda aut illo inventore iste aut quos atque. Iure laboriosam molestias exercitationem sit et esse repellendus. Nulla vero et consequatur.', 'p', 'Ad quae exercitationem exercitationem et. Suscipit rem commodi et illum.', 720.00, 0.00, 5.00, 720.00, '2024-10-01 04:31:20', '2024-10-01 04:31:20', NULL, 23, 1, 1, 1),
(5, 'SI-0000005', '2024-10-01', '2024-10-01', 'Saepe quas architecto nulla quis aut dolorum at. Rem dicta ipsa illum eaque repudiandae illum libero. Inventore aliquam odio laboriosam placeat.', 'p', 'Repellendus voluptatem aut corrupti eos soluta qui omnis. Consequatur sed ut sunt.', 360.00, 0.00, 5.00, 360.00, '2024-10-01 04:31:20', '2024-10-01 04:31:20', NULL, 47, 1, 1, 1),
(6, 'SI-0000006', '2024-10-01', '2024-10-01', 'Aperiam voluptas deserunt reiciendis. Minima quasi officiis laudantium omnis pariatur earum iste. Error corrupti error nisi amet odit.', 'p', 'Maiores rerum consequuntur velit ipsum aperiam molestiae sit. Est architecto atque ducimus quia et mollitia qui. Numquam ut ea praesentium expedita quia in. Voluptas molestiae esse recusandae.', 1200.00, 0.00, 5.00, 1200.00, '2024-10-01 04:31:20', '2024-10-01 04:31:20', NULL, 44, 1, 1, 1),
(7, 'SI-0000007', '2024-10-01', '2024-10-01', 'Qui quia laudantium delectus sed. Nemo et voluptatem a sit eligendi eligendi. Quaerat aliquid debitis illum dolorem quasi ut. Accusantium dolores quaerat quam id eum rerum.', 'p', 'Voluptates sunt est dolores cum veritatis debitis. Occaecati quasi quam doloribus dolorem qui necessitatibus commodi et. Eos et labore doloremque ipsa enim quia facere.', 840.00, 0.00, 5.00, 840.00, '2024-10-01 04:31:20', '2024-10-01 04:31:20', NULL, 42, 1, 1, 1),
(8, 'SI-0000008', '2024-10-01', '2024-10-01', 'Repellat earum labore itaque vero iste. Et quod aut odit fugiat. Modi sed sequi voluptatem qui blanditiis expedita modi. Exercitationem ipsa qui quos neque totam.', 'p', 'Ut ab laboriosam sit at. Eum illo id exercitationem tenetur. Est illum molestias dolor dolorum aut et nisi. Quia enim consequuntur hic sed.', 720.00, 0.00, 5.00, 720.00, '2024-10-01 04:31:20', '2024-10-01 04:31:20', NULL, 26, 1, 1, 1),
(9, 'SI-0000009', '2024-10-01', '2024-10-01', 'Impedit velit qui consequatur error minima enim maxime. Ipsam quaerat voluptatem sit aut nesciunt aliquid. Amet est quo nesciunt voluptas delectus tenetur cum. Aliquid velit esse molestias.', 'p', 'Mollitia quasi officia natus ea mollitia exercitationem sapiente corporis. Ratione quaerat alias accusantium architecto. Iure quasi dolorum dolor aliquid eum cumque.', 480.00, 0.00, 5.00, 480.00, '2024-10-01 04:31:20', '2024-10-01 04:31:20', NULL, 5, 1, 1, 1),
(10, 'SI-0000010', '2024-10-01', '2024-10-01', 'Veniam voluptas veritatis cum sint quam illum ullam. In quia in illo. Aperiam voluptas eum nobis animi aut.', 'p', 'Assumenda alias ex dolor velit est et quibusdam. Temporibus quaerat in ipsa velit mollitia doloremque. Omnis et reiciendis maiores et officiis omnis suscipit.', 1200.00, 0.00, 5.00, 1200.00, '2024-10-01 04:31:20', '2024-10-01 04:31:20', NULL, 32, 1, 1, 1),
(11, 'SI-0000011', '2024-10-01', '2024-10-01', 'Placeat amet vel omnis rerum atque adipisci officia. Rerum blanditiis commodi commodi. Et maiores voluptatum quisquam excepturi voluptates incidunt placeat. Iusto qui sed sit eligendi maxime autem.', 'p', 'Quam consequuntur earum itaque culpa dignissimos non amet. Consequuntur consequatur magni aut incidunt. Nihil consequatur et est enim.', 1080.00, 0.00, 5.00, 1080.00, '2024-10-01 04:31:20', '2024-10-01 04:31:20', NULL, 48, 1, 1, 1),
(12, 'SI-0000012', '2024-10-01', '2024-10-01', 'Consequatur et voluptatibus facilis voluptatem incidunt in quis. Aut laboriosam qui deserunt cum consectetur a blanditiis. Maxime commodi esse adipisci inventore.', 'p', 'Quis nam consectetur labore et est sequi blanditiis. Eos molestias voluptatem velit officiis voluptatum rerum eum.', 960.00, 0.00, 5.00, 960.00, '2024-10-01 04:31:20', '2024-10-01 04:31:20', NULL, 21, 1, 1, 1),
(13, 'SI-0000013', '2024-10-01', '2024-10-01', 'Aut voluptatibus molestiae enim et ad. Officia nam provident est. Ullam rerum veniam autem beatae. Esse doloremque temporibus harum voluptate magni nisi eius.', 'p', 'Sed totam quis enim eaque. Accusantium aliquid quam illum quis consequuntur aut repellat aliquid.', 120.00, 0.00, 5.00, 120.00, '2024-10-01 04:31:20', '2024-10-01 04:31:20', NULL, 2, 1, 1, 1),
(14, 'SI-0000014', '2024-10-01', '2024-10-01', 'Ea beatae porro quia. Inventore quae repellendus incidunt quaerat. Magnam dicta magni vitae dignissimos in similique necessitatibus. Et laudantium ratione ullam ut nostrum.', 'p', 'Et culpa autem unde voluptas architecto error dignissimos placeat. Repellat explicabo vel pariatur quaerat sit.', 480.00, 0.00, 5.00, 480.00, '2024-10-01 04:31:20', '2024-10-01 04:31:20', NULL, 48, 1, 1, 1),
(15, 'SI-0000015', '2024-10-01', '2024-10-01', 'Placeat quia officia est. Atque quaerat distinctio illo. Architecto ipsa natus aut delectus. Eum sint vel ex suscipit qui eveniet totam. Ut repellat et necessitatibus modi est pariatur itaque.', 'p', 'Nulla eos sed consequuntur iure atque ipsa assumenda. Unde rem saepe dicta temporibus. Sit quia sunt est et laborum. Qui tenetur et qui nihil libero.', 120.00, 0.00, 5.00, 120.00, '2024-10-01 04:31:20', '2024-10-01 04:31:20', NULL, 20, 1, 1, 1),
(16, 'SI-0000016', '2024-10-01', '2024-10-01', 'Qui voluptatem nihil incidunt fugit. Porro culpa possimus aut vero voluptas sit voluptatum numquam. Inventore sunt at sit autem dolor qui.', 'p', 'Voluptatibus nemo quae facilis neque provident aliquid minus. Et et veritatis deleniti quae earum. Esse culpa nisi sint debitis quo perspiciatis. Ab aut quo laudantium aut vero quam.', 1200.00, 0.00, 5.00, 1200.00, '2024-10-01 04:31:20', '2024-10-01 04:31:20', NULL, 3, 1, 1, 1),
(17, 'SI-0000017', '2024-10-01', '2024-10-01', 'Aut molestiae quo fuga cumque. Delectus nihil unde ut quia doloremque dolorum dicta et. Omnis dolore quis commodi sunt libero at. Expedita qui fuga cum ipsam adipisci laborum facilis.', 'p', 'Harum ut officiis repellendus ea aut sapiente sint. Repudiandae dicta mollitia maiores consequatur. Quos cupiditate tenetur qui et.', 240.00, 0.00, 5.00, 240.00, '2024-10-01 04:31:20', '2024-10-01 04:31:20', NULL, 42, 1, 1, 1),
(18, 'SI-0000018', '2024-10-01', '2024-10-01', 'Reprehenderit labore rerum molestiae quae at fuga ea dolorem. In quo perspiciatis temporibus velit soluta ea.', 'p', 'Est harum asperiores vero debitis at. Dolorum molestiae unde molestias temporibus cumque soluta quia ea. Ducimus ut delectus in distinctio sequi architecto.', 1080.00, 0.00, 5.00, 1080.00, '2024-10-01 04:31:20', '2024-10-01 04:31:20', NULL, 31, 1, 1, 1),
(19, 'SI-0000019', '2024-10-01', '2024-10-01', 'Rem distinctio unde quo non est repellat beatae. Maiores et nisi quia nostrum debitis. Consequatur vel deserunt maxime. Ut et et ipsam fugiat adipisci.', 'p', 'Natus minus excepturi et. Beatae recusandae consectetur eos aut perferendis. Et labore harum dolores.', 960.00, 0.00, 5.00, 960.00, '2024-10-01 04:31:20', '2024-10-01 04:31:20', NULL, 29, 1, 1, 1),
(20, 'SI-0000020', '2024-10-01', '2024-10-01', 'Voluptatem ut quia sunt porro iste est impedit odio. Adipisci ea tempora ipsum doloribus enim enim nisi eligendi. Quos debitis sint et dicta. Et ea assumenda est. Animi quasi id autem dolorem.', 'p', 'Ut culpa est vero iure enim. Aut quisquam et voluptatem praesentium corporis ipsam doloribus. Commodi atque sed consequatur sit odit est.', 960.00, 0.00, 5.00, 960.00, '2024-10-01 04:31:20', '2024-10-01 04:31:20', NULL, 44, 1, 1, 1),
(21, 'SI-0000021', '2024-10-01', '2024-10-01', 'Voluptatem quo incidunt aut facere aut voluptatibus expedita qui. Et qui ullam nam cum. Alias neque quo rerum ex ab. Quidem molestiae quis quisquam harum voluptates quibusdam.', 'p', 'Dolorem tempora fuga eligendi assumenda quibusdam. Qui mollitia omnis at voluptatum. Consequatur voluptas ea rerum ipsa dolore fuga voluptas.', 120.00, 0.00, 5.00, 120.00, '2024-10-01 04:31:20', '2024-10-01 04:31:20', NULL, 19, 1, 1, 1),
(22, 'SI-0000022', '2024-10-01', '2024-10-01', 'Dicta et itaque dicta dicta atque. Vero a sint dolores aperiam voluptatem excepturi accusantium quis. Eveniet voluptatem aliquam cum cumque et est quis.', 'p', 'Inventore vel est doloribus dolor. Quam ipsum nihil delectus quisquam quidem.', 480.00, 0.00, 5.00, 480.00, '2024-10-01 04:31:20', '2024-10-01 04:31:20', NULL, 7, 1, 1, 1),
(23, 'SI-0000023', '2024-10-01', '2024-10-01', 'Est voluptatibus dolor sint itaque excepturi deserunt qui. A tempore molestias officia molestias. Voluptatibus tempore enim sit ex praesentium. Inventore possimus omnis reiciendis quae a qui.', 'p', 'Harum et a magni ab excepturi. Quidem officiis et vel veritatis assumenda rerum quasi. Rem inventore porro sapiente.', 840.00, 0.00, 5.00, 840.00, '2024-10-01 04:31:20', '2024-10-01 04:31:20', NULL, 44, 1, 1, 1),
(24, 'SI-0000024', '2024-10-01', '2024-10-01', 'A rerum ducimus nihil placeat id totam et. Debitis illo fugiat et est eaque fuga. Dolor iusto qui ex voluptatem labore iste quo.', 'p', 'Placeat facilis mollitia tenetur voluptate et eaque. Et voluptas quasi iusto distinctio. Tenetur sed exercitationem quisquam est sint assumenda. Dignissimos itaque ea provident vero dolorem.', 600.00, 0.00, 5.00, 600.00, '2024-10-01 04:31:20', '2024-10-01 04:31:20', NULL, 28, 1, 1, 1),
(25, 'SI-0000025', '2024-10-01', '2024-10-01', 'Praesentium accusantium pariatur tenetur iste velit nihil. Sunt porro molestiae dolore quidem. Consequatur libero dolores consequatur incidunt. Illo placeat non dolor dolorum sint.', 'p', 'Placeat optio ea adipisci. Dolor sint molestiae ipsum. Id voluptas consequatur ut. Rerum similique ratione non voluptates voluptas.', 120.00, 0.00, 5.00, 120.00, '2024-10-01 04:31:20', '2024-10-01 04:31:20', NULL, 50, 1, 1, 1),
(26, 'SI-0000026', '2024-10-01', '2024-10-01', 'Non est voluptatibus dolor quia accusantium ut sed eum. Saepe rerum et animi aliquid a illum quia.', 'p', 'Molestiae deserunt harum et neque. Rem repellendus natus maxime nemo quibusdam. Repudiandae qui consequuntur non voluptas impedit repudiandae. Nihil nesciunt expedita odit deserunt.', 240.00, 0.00, 5.00, 240.00, '2024-10-01 04:31:20', '2024-10-01 04:31:20', NULL, 39, 1, 1, 1),
(27, 'SI-0000027', '2024-10-01', '2024-10-01', 'Ut voluptatem voluptas qui laborum animi consequuntur in qui. Quisquam aut velit fuga. Incidunt voluptas distinctio praesentium nihil.', 'p', 'Non aut quibusdam eum deleniti qui sequi assumenda. Adipisci odio at sit vel facilis. Tempora eos doloremque provident esse alias alias fugiat.', 960.00, 0.00, 5.00, 960.00, '2024-10-01 04:31:20', '2024-10-01 04:31:20', NULL, 39, 1, 1, 1),
(28, 'SI-0000028', '2024-10-01', '2024-10-01', 'Doloribus hic neque hic asperiores quas ea. Aliquam odio autem natus necessitatibus. Sint ut laborum quidem quos sit.', 'p', 'Quo mollitia inventore magni veniam ipsam vero est aut. Qui quibusdam error repudiandae quia totam est. Soluta quisquam molestias omnis dolor.', 1080.00, 0.00, 5.00, 1080.00, '2024-10-01 04:31:20', '2024-10-01 04:31:20', NULL, 25, 1, 1, 1),
(29, 'SI-0000029', '2024-10-01', '2024-10-01', 'Voluptatem voluptatem non dolores alias tempore sed doloremque. Porro dolorem est qui quia illo culpa omnis. Laboriosam voluptatem odio vel non velit dolores voluptates.', 'p', 'Consectetur perferendis velit rerum. Voluptatem reprehenderit consequatur id ipsam fugit. Non non ex sed adipisci debitis ut quia. Quia praesentium animi dignissimos eveniet nobis non dolores et.', 1080.00, 0.00, 5.00, 1080.00, '2024-10-01 04:31:20', '2024-10-01 04:31:20', NULL, 17, 1, 1, 1),
(30, 'SI-0000030', '2024-10-01', '2024-10-01', 'Velit consequatur voluptate consequatur omnis ipsa. Voluptas et aspernatur dolorum libero incidunt. Ut corporis quia et minus.', 'p', 'Libero molestiae repellendus tempora autem. Qui et occaecati impedit saepe ab quis. In dolorem nesciunt laudantium ut. Eos culpa ut labore.', 240.00, 0.00, 5.00, 240.00, '2024-10-01 04:31:20', '2024-10-01 04:31:20', NULL, 14, 1, 1, 1),
(31, 'SI-0000031', '2024-10-01', '2024-10-01', 'Laudantium vel dolorem sapiente necessitatibus voluptatibus. Illum et maxime nostrum. Maxime eaque enim expedita nesciunt qui excepturi. Nisi earum qui laudantium cum laudantium aut voluptas.', 'p', 'Rem aspernatur dolor ducimus eaque suscipit dicta voluptatem. Rerum repellendus et in est animi et. Tempore dignissimos sit ut eveniet est neque.', 120.00, 0.00, 5.00, 120.00, '2024-10-01 04:31:20', '2024-10-01 04:31:20', NULL, 12, 1, 1, 1),
(32, 'SI-0000032', '2024-10-01', '2024-10-01', 'Possimus nisi cum accusamus voluptatem qui consequatur vitae. Perspiciatis fuga perferendis natus aliquam. Vero totam praesentium perspiciatis odio sint.', 'p', 'Qui in esse officia sequi doloremque. Ea minus est est sit repudiandae. Nobis fugiat eius cupiditate saepe nesciunt nulla. Est non voluptatem voluptatum officia eligendi.', 600.00, 0.00, 5.00, 600.00, '2024-10-01 04:31:20', '2024-10-01 04:31:20', NULL, 13, 1, 1, 1),
(33, 'SI-0000033', '2024-10-01', '2024-10-01', 'Animi similique possimus et aut dolores dolorem autem. Molestias nihil consequuntur voluptas nostrum error. Quis maxime veritatis molestiae. Ut voluptates molestiae temporibus dolores.', 'p', 'Omnis vel dolores nobis maxime dolore eius architecto. Ipsam ut voluptas vitae aut. Soluta corrupti quia asperiores error molestiae ut laboriosam ipsam.', 120.00, 0.00, 5.00, 120.00, '2024-10-01 04:31:20', '2024-10-01 04:31:20', NULL, 43, 1, 1, 1),
(34, 'SI-0000034', '2024-10-01', '2024-10-01', 'Et voluptas cum earum reiciendis sapiente consequatur. Aut nihil fugit quo rem et qui autem. Architecto sed repudiandae ratione veniam eveniet ut rem. Quia repellat vitae voluptatum dolorem laborum.', 'p', 'Sequi necessitatibus voluptas culpa. Culpa fugit soluta blanditiis voluptatibus quos. Distinctio dolor vel facere qui.', 960.00, 0.00, 5.00, 960.00, '2024-10-01 04:31:20', '2024-10-01 04:31:20', NULL, 41, 1, 1, 1),
(35, 'SI-0000035', '2024-10-01', '2024-10-01', 'Deserunt rerum odit et vel eum possimus. Est sunt quasi maiores sed praesentium. Qui enim sint et quas placeat aut suscipit nobis. Molestias maiores nemo distinctio est.', 'p', 'Asperiores ipsa iusto fugit animi. Maiores reiciendis aut voluptatibus omnis. Nisi facere est eligendi ut.', 480.00, 0.00, 5.00, 480.00, '2024-10-01 04:31:20', '2024-10-01 04:31:20', NULL, 44, 1, 1, 1),
(36, 'SI-0000036', '2024-10-01', '2024-10-01', 'Voluptatem cupiditate fugit voluptas enim non vero. Nihil ullam dolores blanditiis libero. Cumque totam maiores ut enim eius molestias eos. Rerum sit repudiandae et velit iure molestias.', 'p', 'Earum eum ut earum corrupti optio. Eligendi consequatur magni voluptatem soluta vero. Corrupti voluptatem adipisci voluptates doloremque.', 960.00, 0.00, 5.00, 960.00, '2024-10-01 04:31:20', '2024-10-01 04:31:20', NULL, 47, 1, 1, 1),
(37, 'SI-0000037', '2024-10-01', '2024-10-01', 'In placeat provident asperiores eligendi vero. Nisi praesentium sunt in inventore velit sit. Officia minima dolores nemo doloribus autem.', 'p', 'Sit qui et nemo facilis distinctio blanditiis. Iusto at quos impedit voluptatum. Et eveniet alias laborum eligendi. Debitis illum animi facilis.', 720.00, 0.00, 5.00, 720.00, '2024-10-01 04:31:20', '2024-10-01 04:31:20', NULL, 4, 1, 1, 1),
(38, 'SI-0000038', '2024-10-01', '2024-10-01', 'Ex vel voluptas in qui est quas molestias. Quo corporis iste error nihil. Dolor nemo velit doloremque mollitia animi aliquam fuga. Ratione accusantium ut quibusdam necessitatibus.', 'p', 'Et at cupiditate nisi nisi ipsa accusamus modi nulla. Natus provident voluptatum ducimus voluptas. Illum sunt vel laborum placeat.', 480.00, 0.00, 5.00, 480.00, '2024-10-01 04:31:20', '2024-10-01 04:31:20', NULL, 33, 1, 1, 1),
(39, 'SI-0000039', '2024-10-01', '2024-10-01', 'Accusantium omnis quo aliquid quisquam et iste et. Possimus nihil amet qui impedit temporibus. Saepe id rerum ipsum.', 'p', 'Possimus dignissimos aliquam quisquam autem consequuntur harum et numquam. Dicta quod beatae ut doloremque eveniet error repudiandae.', 720.00, 0.00, 5.00, 720.00, '2024-10-01 04:31:20', '2024-10-01 04:31:20', NULL, 39, 1, 1, 1),
(40, 'SI-0000040', '2024-10-01', '2024-10-01', 'Aut sequi quod iste vel. Placeat quia quibusdam id eveniet inventore saepe. Provident enim illum rem soluta cupiditate nihil illum.', 'p', 'Totam alias quis dolore consequuntur repellendus. Natus voluptatem modi et hic at aliquam sunt. Quisquam ducimus a quos voluptas molestias rerum in. Et quo similique quo enim aperiam.', 240.00, 0.00, 5.00, 240.00, '2024-10-01 04:31:20', '2024-10-01 04:31:20', NULL, 48, 1, 1, 1),
(41, 'SI-0000041', '2024-10-01', '2024-10-01', 'Corrupti fuga sequi distinctio et vero ut. Voluptas molestiae dolorem et voluptatem illo neque quidem consequatur. Saepe repudiandae optio aperiam vel voluptates dolorem.', 'p', 'Quis omnis molestiae ea ab reiciendis sunt. Repellat velit minus aut adipisci totam fuga. Quae praesentium culpa provident vel. Esse id voluptatem ut est quidem quasi omnis ut.', 1080.00, 0.00, 5.00, 1080.00, '2024-10-01 04:31:20', '2024-10-01 04:31:20', NULL, 15, 1, 1, 1),
(42, 'SI-0000042', '2024-10-01', '2024-10-01', 'Sequi corporis iure repellendus consequatur. Recusandae veniam itaque eos. Et qui et eos dignissimos.', 'p', 'Expedita impedit est quis soluta. Odit et sapiente non aliquid eos. Voluptatem sed est autem rerum. Et rerum sunt nulla aut ab.', 120.00, 0.00, 5.00, 120.00, '2024-10-01 04:31:20', '2024-10-01 04:31:20', NULL, 32, 1, 1, 1),
(43, 'SI-0000043', '2024-10-01', '2024-10-01', 'Quia qui eos corporis. Necessitatibus exercitationem est quo libero quia ipsam libero.', 'p', 'Sed id magnam eum quia. Aut nesciunt sit consectetur occaecati molestias praesentium error. Officia sit distinctio laboriosam sed in. Quis non qui ut sed doloribus odit.', 960.00, 0.00, 5.00, 960.00, '2024-10-01 04:31:20', '2024-10-01 04:31:20', NULL, 19, 1, 1, 1),
(44, 'SI-0000044', '2024-10-01', '2024-10-01', 'Maxime occaecati qui blanditiis incidunt ut facere autem. Blanditiis et sit praesentium inventore corrupti quis. Cum consequatur iusto quam sunt dolor molestiae rerum.', 'p', 'Voluptas dolorum et ut quam qui. Dolorum ipsum ut tenetur ut itaque. Consequatur tempora qui aut voluptas. Voluptate corrupti maiores et quam.', 360.00, 0.00, 5.00, 360.00, '2024-10-01 04:31:20', '2024-10-01 04:31:20', NULL, 33, 1, 1, 1),
(45, 'SI-0000045', '2024-10-01', '2024-10-01', 'Autem eaque soluta maxime harum et magni. Et ut voluptatem velit voluptas ut modi. Omnis perferendis sit iste quis impedit quisquam asperiores cumque.', 'p', 'At nam et distinctio. Quaerat ad voluptas assumenda fugit natus saepe. Eveniet corrupti sit nemo amet est.', 240.00, 0.00, 5.00, 240.00, '2024-10-01 04:31:20', '2024-10-01 04:31:20', NULL, 27, 1, 1, 1),
(46, 'SI-0000046', '2024-10-01', '2024-10-01', 'Quod ipsam impedit magni voluptates aut temporibus. Qui et et veniam recusandae. Doloribus est officiis qui ea occaecati. Pariatur et itaque adipisci et ut sapiente dolores.', 'p', 'Ut voluptas non quos. Fugit incidunt suscipit quas quibusdam eius ullam. Illum sequi quas mollitia dignissimos aliquid eligendi saepe non.', 120.00, 0.00, 5.00, 120.00, '2024-10-01 04:31:20', '2024-10-01 04:31:20', NULL, 33, 1, 1, 1),
(47, 'SI-0000047', '2024-10-01', '2024-10-01', 'Atque eum non aliquam nostrum. Cumque est ducimus et non eos et reprehenderit. Quis mollitia minima enim quasi assumenda laborum quisquam. Impedit reprehenderit error omnis ipsa.', 'p', 'Aperiam esse quia est ut voluptates autem. Voluptatibus et alias ducimus ut recusandae. Ducimus cum dolor fuga quos rerum illo quis. Vel perspiciatis dolor veritatis perspiciatis ut.', 480.00, 0.00, 5.00, 480.00, '2024-10-01 04:31:20', '2024-10-01 04:31:20', NULL, 18, 1, 1, 1),
(48, 'SI-0000048', '2024-10-01', '2024-10-01', 'Doloribus molestiae quia molestiae aspernatur hic. Sint saepe maiores provident veritatis rem sint. Asperiores assumenda deserunt modi. Pariatur et iure quae ad facilis quos dicta.', 'p', 'Excepturi eum quia dolorum non accusamus. Et earum aut dignissimos quam vero voluptatibus sit labore. Rerum ut rem non in aut earum. Natus necessitatibus similique quaerat et dolores assumenda.', 240.00, 0.00, 5.00, 240.00, '2024-10-01 04:31:20', '2024-10-01 04:31:20', NULL, 31, 1, 1, 1),
(49, 'SI-0000049', '2024-10-01', '2024-10-01', 'Qui autem quisquam accusantium dicta. Adipisci veniam adipisci sunt voluptas quasi architecto aliquid. Placeat qui exercitationem ut sapiente numquam aut velit.', 'p', 'Quisquam placeat labore ratione sint magnam molestiae accusamus veniam. Ab sit neque vero facere et animi.', 840.00, 0.00, 5.00, 840.00, '2024-10-01 04:31:20', '2024-10-01 04:31:20', NULL, 12, 1, 1, 1),
(50, 'SI-0000050', '2024-10-01', '2024-10-01', 'Voluptatem reprehenderit repellendus recusandae ex. Repellendus quod beatae eligendi cum. Similique et eligendi voluptatem quibusdam. Excepturi molestias voluptatem voluptas.', 'p', 'Nostrum et eum sint nam sed aut quam. Enim qui eos non pariatur. Aut laudantium deserunt numquam fugit ut vel. Quae et ad deleniti qui ab.', 720.00, 0.00, 5.00, 720.00, '2024-10-01 04:31:20', '2024-10-01 04:31:20', NULL, 20, 1, 1, 1),
(51, 'SI-0000051', '2024-10-01', '2024-10-01', 'Debitis reiciendis facere aliquid aut rerum. Optio aut ut dolorem voluptatem quo sed recusandae. Quas dolorem earum quia et rem ipsa repellat.', 'p', 'Et et rem occaecati temporibus culpa. Dolorem sint et quidem suscipit accusamus minus et. Sint illo qui sint aut aut. Perferendis enim et sunt.', 1200.00, 0.00, 5.00, 1200.00, '2024-10-01 04:31:20', '2024-10-01 04:31:20', NULL, 41, 1, 1, 1),
(52, 'SI-0000052', '2024-10-01', '2024-10-01', 'Reprehenderit iste voluptas est id. Dolores quidem ut porro et. Non dolore ut aliquam odit et ipsum. Possimus et voluptatibus et inventore.', 'p', 'Voluptatem ullam exercitationem modi mollitia minus. Vitae dolore in velit est eaque ipsa provident.', 840.00, 0.00, 5.00, 840.00, '2024-10-01 04:31:20', '2024-10-01 04:31:20', NULL, 15, 1, 1, 1),
(53, 'SI-0000053', '2024-10-01', '2024-10-01', 'Tempora est amet qui eos eos. Quia et iure et maiores odio maiores aspernatur. Enim sed quaerat qui quo.', 'p', 'Deserunt iste est velit. Quidem quibusdam aspernatur odio est. Excepturi nobis quo voluptate consequatur minus aspernatur molestias. Cupiditate qui voluptas ut nam cumque.', 120.00, 0.00, 5.00, 120.00, '2024-10-01 04:31:20', '2024-10-01 04:31:20', NULL, 5, 1, 1, 1),
(54, 'SI-0000054', '2024-10-01', '2024-10-01', 'Rerum vel rerum at et recusandae doloribus iste. Delectus corrupti tempora exercitationem veniam. Dolorem et facilis blanditiis eaque provident ut aliquid.', 'p', 'Voluptatem eos consequatur ut ratione. Iure reprehenderit tenetur sit alias. Suscipit voluptas eligendi ut voluptatum assumenda animi. Neque qui nostrum est quaerat hic rerum.', 1200.00, 0.00, 5.00, 1200.00, '2024-10-01 04:31:20', '2024-10-01 04:31:20', NULL, 36, 1, 1, 1),
(55, 'SI-0000055', '2024-10-01', '2024-10-01', 'Quia consequuntur impedit et nihil aut molestiae. Vero voluptas qui doloremque repellat voluptas nostrum voluptas. Non deleniti voluptas doloribus aliquid.', 'p', 'Ad eveniet expedita laboriosam quod qui. Sint repellendus fugiat laudantium enim consequatur incidunt. Rerum officiis architecto vero enim.', 1080.00, 0.00, 5.00, 1080.00, '2024-10-01 04:31:20', '2024-10-01 04:31:20', NULL, 3, 1, 1, 1),
(56, 'SI-0000056', '2024-10-01', '2024-10-01', 'Aut tenetur eaque qui exercitationem alias rerum deleniti corrupti. Soluta nesciunt illo quisquam dolore mollitia. Et ut modi sint qui eaque. Quae cumque suscipit dolores eveniet amet.', 'p', 'Est eius aliquid officia quo ab explicabo voluptas. Reiciendis natus iusto est culpa. Optio dolore voluptatem in voluptas. Neque sunt laudantium quae rem et cupiditate laborum consectetur.', 120.00, 0.00, 5.00, 120.00, '2024-10-01 04:31:20', '2024-10-01 04:31:20', NULL, 47, 1, 1, 1),
(57, 'SI-0000057', '2024-10-01', '2024-10-01', 'Qui impedit modi nam. Sit qui ea sit aut. Quas dolores omnis voluptatem dignissimos sit.', 'p', 'Cum maiores at et et. Eligendi quod ipsa fugiat unde sit autem. Asperiores est consectetur aut odit nam molestias.', 840.00, 0.00, 5.00, 840.00, '2024-10-01 04:31:20', '2024-10-01 04:31:20', NULL, 18, 1, 1, 1),
(58, 'SI-0000058', '2024-10-01', '2024-10-01', 'Sequi non sunt eum minus similique. Veniam ut natus ut accusamus enim. Omnis voluptas quia quis sed quo quae ipsum.', 'p', 'Minima amet et voluptates amet quasi. Sint quia ut maiores voluptate. Quod sunt sed assumenda reprehenderit quia ipsam est. Eum quis rerum expedita atque sit voluptates dolor.', 480.00, 0.00, 5.00, 480.00, '2024-10-01 04:31:20', '2024-10-01 04:31:20', NULL, 9, 1, 1, 1),
(59, 'SI-0000059', '2024-10-01', '2024-10-01', 'Facilis minima itaque et similique. Voluptatum qui dolores occaecati temporibus. Sint et dicta omnis occaecati. Dolor animi dolorem cumque eos.', 'p', 'Et in nesciunt et aut culpa. Delectus qui facere ut rerum iusto. Voluptas similique ut facere libero cum non.', 840.00, 0.00, 5.00, 840.00, '2024-10-01 04:31:20', '2024-10-01 04:31:20', NULL, 29, 1, 1, 1),
(60, 'SI-0000060', '2024-10-01', '2024-10-01', 'Et laborum aspernatur aut voluptas iure maxime. At maxime quam aut sequi laboriosam in nisi inventore. Dolor quos sunt aut et.', 'p', 'Commodi quae esse dolorum totam velit eos nihil aut. Commodi quas ratione deserunt repudiandae. Quos adipisci tempore quas pariatur suscipit cum sit.', 840.00, 0.00, 5.00, 840.00, '2024-10-01 04:31:20', '2024-10-01 04:31:20', NULL, 3, 1, 1, 1),
(61, 'SI-0000061', '2024-10-01', '2024-10-01', 'Rerum iste accusamus autem porro enim vel qui. In ipsam explicabo explicabo sint repellendus. Excepturi accusamus quisquam consequatur deserunt eum commodi voluptates.', 'p', 'Ipsam et illo dolore odio quia aperiam cum. Officia ea eligendi saepe nostrum. Fuga aspernatur sed sequi.', 1080.00, 0.00, 5.00, 1080.00, '2024-10-01 04:31:20', '2024-10-01 04:31:20', NULL, 26, 1, 1, 1),
(62, 'SI-0000062', '2024-10-01', '2024-10-01', 'Ea et officia consequatur assumenda impedit et iure recusandae. Non laborum assumenda excepturi ab reiciendis. Laborum ad ratione repellat assumenda natus facilis.', 'p', 'Est soluta vitae facere optio. Mollitia aspernatur deserunt provident occaecati repellat. Sed hic libero culpa.', 240.00, 0.00, 5.00, 240.00, '2024-10-01 04:31:20', '2024-10-01 04:31:20', NULL, 27, 1, 1, 1),
(63, 'SI-0000063', '2024-10-01', '2024-10-01', 'Dolores et sunt ab voluptates ipsum sunt. Non modi et reiciendis temporibus. Aut nihil tempore optio ea.', 'p', 'Et culpa quam corrupti deserunt odio voluptas occaecati recusandae. Maxime est est est corrupti. Blanditiis doloribus occaecati explicabo dolorum. Nemo autem aut consequatur quis dolor.', 1200.00, 0.00, 5.00, 1200.00, '2024-10-01 04:31:20', '2024-10-01 04:31:20', NULL, 35, 1, 1, 1),
(64, 'SI-0000064', '2024-10-01', '2024-10-01', 'Veritatis quo necessitatibus ut quia sint facilis sit. Doloremque provident reiciendis quia earum cumque. Quasi magnam ut dolor ad laborum iste doloremque.', 'p', 'Quia nesciunt sequi eum molestiae ullam. Nesciunt nisi voluptas expedita aperiam repellat magnam. Beatae molestias ipsa deleniti officiis hic.', 1080.00, 0.00, 5.00, 1080.00, '2024-10-01 04:31:20', '2024-10-01 04:31:20', NULL, 49, 1, 1, 1),
(65, 'SI-0000065', '2024-10-01', '2024-10-01', 'Ut saepe explicabo error nemo doloribus doloremque. Harum voluptate maiores voluptate in nam quae aspernatur et. Ut consequatur non earum. Adipisci eius nam qui veniam velit.', 'p', 'Architecto et necessitatibus magnam maxime alias quisquam dolor. Maiores est qui minus est. Et nihil molestiae eos perferendis. Dolorum expedita illum nostrum ratione impedit.', 600.00, 0.00, 5.00, 600.00, '2024-10-01 04:31:20', '2024-10-01 04:31:20', NULL, 38, 1, 1, 1),
(66, 'SI-0000066', '2024-10-01', '2024-10-01', 'Necessitatibus asperiores consectetur magni est. Voluptas ea beatae iure non qui. Ut veniam explicabo in fuga iure. Rerum et autem sed libero quia qui fuga.', 'p', 'Eius deserunt officiis alias est. Asperiores voluptate quos quia aut. Repudiandae explicabo fugiat facere animi. Delectus ipsum debitis tenetur iure et ullam aut ipsum.', 720.00, 0.00, 5.00, 720.00, '2024-10-01 04:31:20', '2024-10-01 04:31:20', NULL, 21, 1, 1, 1),
(67, 'SI-0000067', '2024-10-01', '2024-10-01', 'Ea in beatae placeat cupiditate aut dolorem. Quia rerum eos deleniti excepturi. Totam rem molestiae neque nam.', 'p', 'Aut quam culpa officia et. Consequatur quisquam doloremque quae suscipit veniam aut harum. Adipisci quia aut omnis vitae. Vel maxime id temporibus nostrum quo.', 840.00, 0.00, 5.00, 840.00, '2024-10-01 04:31:20', '2024-10-01 04:31:20', NULL, 46, 1, 1, 1),
(68, 'SI-0000068', '2024-10-01', '2024-10-01', 'Reiciendis et aut quaerat. Deserunt voluptate aut beatae in expedita quibusdam et aut. Harum id aut et ex.', 'p', 'Asperiores incidunt consequatur incidunt dolorum nemo veritatis sunt est. Sed ipsam eius autem sapiente fugit.', 600.00, 0.00, 5.00, 600.00, '2024-10-01 04:31:20', '2024-10-01 04:31:20', NULL, 22, 1, 1, 1),
(69, 'SI-0000069', '2024-10-01', '2024-10-01', 'Impedit ut quo quod rerum. Nisi dicta consequuntur sequi dolores. Doloremque et fugit rerum quaerat sed enim. Veniam repellendus aliquam tempora occaecati eum rerum.', 'p', 'Sed sint odit cupiditate quo animi sapiente qui qui. Et ratione dolorum dolor magnam ex exercitationem dolorem. Amet eligendi ea quisquam perspiciatis distinctio error.', 600.00, 0.00, 5.00, 600.00, '2024-10-01 04:31:20', '2024-10-01 04:31:20', NULL, 33, 1, 1, 1),
(70, 'SI-0000070', '2024-10-01', '2024-10-01', 'Ut vero quidem est magnam. Repellat et aliquam asperiores vel modi consectetur. Odit hic quia ea exercitationem reiciendis. Magnam ea quidem dolore inventore officiis aut.', 'p', 'Veritatis minima facere ducimus eos et. Optio sit quis voluptatum expedita nulla quia non. Perspiciatis voluptatem voluptatem quae modi at ab. Quo sit dicta ut ad asperiores eligendi eos optio.', 1080.00, 0.00, 5.00, 1080.00, '2024-10-01 04:31:20', '2024-10-01 04:31:20', NULL, 30, 1, 1, 1),
(71, 'SI-0000071', '2024-10-01', '2024-10-01', 'Fugit doloribus ipsum velit tempore esse. Qui odit tenetur odit. Totam inventore laudantium necessitatibus. Ullam dicta nihil possimus.', 'p', 'Accusantium impedit et aut sequi tempora ducimus sit. Incidunt explicabo aut quam illum qui. Et asperiores ut libero impedit. Et consequatur voluptatum sed.', 1080.00, 0.00, 5.00, 1080.00, '2024-10-01 04:31:20', '2024-10-01 04:31:20', NULL, 21, 1, 1, 1),
(72, 'SI-0000072', '2024-10-01', '2024-10-01', 'Illo libero error unde sed odio ut. Illum enim hic minima vitae. Et sunt consequuntur ad blanditiis dolores.', 'p', 'Mollitia impedit exercitationem odit. Cupiditate eos vitae nihil repudiandae adipisci cumque voluptatem. Esse non culpa consequatur aut sunt mollitia autem totam.', 960.00, 0.00, 5.00, 960.00, '2024-10-01 04:31:20', '2024-10-01 04:31:20', NULL, 13, 1, 1, 1),
(73, 'SI-0000073', '2024-10-01', '2024-10-01', 'Sequi ullam error accusamus aut atque laborum. Optio ut voluptatem occaecati accusamus sed rerum et. Eos aut et numquam error commodi. Voluptate asperiores in vero optio corporis ut.', 'p', 'Est consequatur laboriosam quas harum id qui ut. Dolores quibusdam ut dicta. Est enim qui sequi et debitis optio.', 840.00, 0.00, 5.00, 840.00, '2024-10-01 04:31:20', '2024-10-01 04:31:20', NULL, 30, 1, 1, 1),
(74, 'SI-0000074', '2024-10-01', '2024-10-01', 'Quaerat maiores sed sed sunt impedit. Deleniti et nulla pariatur quia animi eaque nobis perspiciatis. Dolorem et vel et incidunt iusto voluptas excepturi qui. Harum illum vel nostrum.', 'p', 'Eos omnis optio non ut quibusdam. Ea blanditiis velit natus cupiditate. Vel aliquid sed voluptas id hic.', 960.00, 0.00, 5.00, 960.00, '2024-10-01 04:31:20', '2024-10-01 04:31:20', NULL, 36, 1, 1, 1),
(75, 'SI-0000075', '2024-10-01', '2024-10-01', 'Officiis at incidunt ea ut ut. Iste molestiae laborum quia fuga possimus. In saepe impedit officiis est id corporis perferendis est. Quae est facilis nobis vero fuga aliquam a sunt.', 'p', 'Numquam aut illum sit libero natus in. Magnam est ea perspiciatis aspernatur iste. Repellendus laborum qui provident dolor.', 720.00, 0.00, 5.00, 720.00, '2024-10-01 04:31:20', '2024-10-01 04:31:20', NULL, 4, 1, 1, 1),
(76, 'SI-0000076', '2024-10-01', '2024-10-01', 'Eius molestiae itaque aut optio quis. Doloribus impedit aut quae quo vero id officiis. Qui velit quo voluptatibus ab et in veniam. Et sit inventore qui rerum aut.', 'p', 'Omnis ut aut quas eius sed. Mollitia ut minima consequuntur qui quasi provident ipsa. Vel corporis nulla velit.', 1200.00, 0.00, 5.00, 1200.00, '2024-10-01 04:31:20', '2024-10-01 04:31:20', NULL, 42, 1, 1, 1),
(77, 'SI-0000077', '2024-10-01', '2024-10-01', 'Enim nam molestiae consequuntur nemo corporis qui ea. Qui ut qui voluptatem quia quae. Consequatur omnis est rerum ducimus quo repudiandae.', 'p', 'Odio totam nihil quia ipsa eos quia. Mollitia aliquam quo sint cum nulla. Perferendis a non quis ullam enim.', 1200.00, 0.00, 5.00, 1200.00, '2024-10-01 04:31:20', '2024-10-01 04:31:20', NULL, 5, 1, 1, 1),
(78, 'SI-0000078', '2024-10-01', '2024-10-01', 'Corporis tempore ut quia voluptatem dolor culpa natus. Aspernatur dignissimos aut aut assumenda enim ut esse ut. Neque sed commodi ex sapiente. Molestiae est nemo itaque ut est voluptatem est.', 'p', 'Aut quia eveniet et ut qui pariatur. Aut repellat commodi est est. Repellendus minus sit deserunt fugit suscipit. Quia laborum sint corrupti sit et. Repellat exercitationem vitae nulla est placeat.', 360.00, 0.00, 5.00, 360.00, '2024-10-01 04:31:20', '2024-10-01 04:31:20', NULL, 45, 1, 1, 1),
(79, 'SI-0000079', '2024-10-01', '2024-10-01', 'Commodi vitae magnam occaecati non excepturi qui repellendus consequatur. Accusamus dolor ea et nemo. Et dicta ad et ut in dolore ipsa.', 'p', 'Natus praesentium ipsa velit reiciendis sit ducimus culpa. Quisquam ratione sunt dolor ratione. Recusandae et culpa sint qui sed. Et occaecati incidunt qui perferendis eum veritatis.', 840.00, 0.00, 5.00, 840.00, '2024-10-01 04:31:20', '2024-10-01 04:31:20', NULL, 33, 1, 1, 1),
(80, 'SI-0000080', '2024-10-01', '2024-10-01', 'Eos aut in vero qui sit sunt. Illum ratione dicta at eum. Totam ipsam debitis enim ullam.', 'p', 'Voluptate aperiam nemo qui quas quaerat consequatur. Dicta laudantium ad incidunt maxime ratione. Consequuntur est vero eum rem.', 600.00, 0.00, 5.00, 600.00, '2024-10-01 04:31:20', '2024-10-01 04:31:20', NULL, 30, 1, 1, 1),
(81, 'SI-0000081', '2024-10-01', '2024-10-01', 'Nisi sit expedita nulla impedit cumque possimus. Et ut et assumenda amet. Sit quo nesciunt voluptate quod. Ad est perferendis veritatis expedita pariatur. Aliquam tempore earum cupiditate saepe.', 'p', 'Odit omnis cumque ea vel consequatur sapiente. Eligendi et fugit modi consequatur necessitatibus placeat at provident. Nesciunt atque eligendi autem dolores.', 240.00, 0.00, 5.00, 240.00, '2024-10-01 04:31:20', '2024-10-01 04:31:20', NULL, 5, 1, 1, 1),
(82, 'SI-0000082', '2024-10-01', '2024-10-01', 'Ea vel distinctio reprehenderit sed eos magnam. Fugit esse et est eum doloribus sint. Sit et laborum neque ducimus quisquam ipsam laboriosam.', 'p', 'Nisi architecto dignissimos rem repudiandae eum similique. Explicabo iure illo modi.', 1200.00, 0.00, 5.00, 1200.00, '2024-10-01 04:31:20', '2024-10-01 04:31:20', NULL, 18, 1, 1, 1),
(83, 'SI-0000083', '2024-10-01', '2024-10-01', 'Illo impedit aliquid et voluptatum et tempore. Sed dolorum nesciunt animi soluta impedit. Id id voluptatum voluptas cupiditate.', 'p', 'Aut animi deleniti voluptas cum quia. Dolor vero earum labore recusandae animi veritatis est. Amet dolorem quia explicabo. Aut totam atque rerum saepe et consequatur.', 360.00, 0.00, 5.00, 360.00, '2024-10-01 04:31:20', '2024-10-01 04:31:20', NULL, 43, 1, 1, 1),
(84, 'SI-0000084', '2024-10-01', '2024-10-01', 'Et quas sit et ipsam temporibus. Ut aut et placeat iusto voluptas. Rem quisquam eum et. Et voluptatum a est. Exercitationem ut reprehenderit illo fuga. Nesciunt praesentium vero ex.', 'p', 'Voluptatem rerum aspernatur voluptatem dolore tempore fugiat aut. Saepe consequuntur sint voluptate ratione id qui est. Beatae asperiores cumque ut velit. Et illo nihil et.', 1080.00, 0.00, 5.00, 1080.00, '2024-10-01 04:31:20', '2024-10-01 04:31:20', NULL, 32, 1, 1, 1),
(85, 'SI-0000085', '2024-10-01', '2024-10-01', 'Aut earum delectus excepturi voluptatem. Maxime et voluptatum incidunt nihil. Libero dicta nihil laudantium ea molestiae.', 'p', 'Aut nam quo rerum dolorum. Fugiat sit voluptatem a atque iusto iusto. Vel voluptate neque non magnam est voluptatem. Et illum sunt repellat animi ratione rerum sequi.', 240.00, 0.00, 5.00, 240.00, '2024-10-01 04:31:20', '2024-10-01 04:31:20', NULL, 26, 1, 1, 1),
(86, 'SI-0000086', '2024-10-01', '2024-10-01', 'Vel mollitia rerum non accusamus quia. Modi ratione molestiae debitis odio. Et est consequatur vel quas repellendus.', 'p', 'Excepturi ducimus odit veritatis aut quia temporibus ut. Quas impedit ut repellendus ab. Ut explicabo veniam doloribus occaecati maxime.', 600.00, 0.00, 5.00, 600.00, '2024-10-01 04:31:20', '2024-10-01 04:31:20', NULL, 49, 1, 1, 1),
(87, 'SI-0000087', '2024-10-01', '2024-10-01', 'Est laborum quisquam veritatis nostrum aut. Recusandae nam laborum dolorem qui quae laborum et facilis. Laudantium dolores accusamus sed.', 'p', 'Ex officiis similique quae fuga ut. Blanditiis asperiores cumque quo nesciunt fugiat. Aut ut ipsum quasi fugit beatae. Ipsa repellat voluptates animi sunt accusantium.', 1200.00, 0.00, 5.00, 1200.00, '2024-10-01 04:31:20', '2024-10-01 04:31:20', NULL, 37, 1, 1, 1),
(88, 'SI-0000088', '2024-10-01', '2024-10-01', 'Aperiam aperiam aut nulla ut. Dolores a aut exercitationem accusamus architecto laudantium. Laborum dolorem ut occaecati non iure voluptatum dolor. Cum esse et itaque aspernatur eaque.', 'p', 'Ex nesciunt quasi sed voluptates aut quaerat. Eveniet est error rerum. Eligendi ex deleniti non id repellendus ipsam. Dolorem magni officiis pariatur culpa et reprehenderit quod.', 720.00, 0.00, 5.00, 720.00, '2024-10-01 04:31:20', '2024-10-01 04:31:20', NULL, 47, 1, 1, 1),
(89, 'SI-0000089', '2024-10-01', '2024-10-01', 'Qui adipisci repellendus dolore cupiditate illum. Sunt explicabo dignissimos quae esse. Veritatis animi iure veritatis consectetur.', 'p', 'Quia dolores dolorem et molestiae. Dignissimos sunt autem et provident aspernatur est a aspernatur. Inventore in explicabo ea non corrupti.', 720.00, 0.00, 5.00, 720.00, '2024-10-01 04:31:20', '2024-10-01 04:31:20', NULL, 10, 1, 1, 1),
(90, 'SI-0000090', '2024-10-01', '2024-10-01', 'Tenetur voluptatibus ducimus consectetur et. Et voluptas in quia sunt corporis sed. Enim qui ut facilis.', 'p', 'Voluptatibus occaecati rerum commodi repellendus velit. Aspernatur ut quia in ducimus alias. Iusto sit tenetur voluptas ullam qui et minima. Repellat aspernatur eaque rerum fugit.', 960.00, 0.00, 5.00, 960.00, '2024-10-01 04:31:20', '2024-10-01 04:31:20', NULL, 19, 1, 1, 1),
(91, 'SI-0000091', '2024-10-01', '2024-10-01', 'Ipsam quibusdam similique provident blanditiis sint omnis. Velit ut et quam sint maiores quidem quia.', 'p', 'Expedita nihil sunt impedit eum. Qui blanditiis vero quo neque. Consequatur nesciunt quo cumque minima culpa dolores est.', 480.00, 0.00, 5.00, 480.00, '2024-10-01 04:31:20', '2024-10-01 04:31:20', NULL, 28, 1, 1, 1),
(92, 'SI-0000092', '2024-10-01', '2024-10-01', 'Asperiores facere non vitae rem nesciunt aut omnis autem. Molestiae ex aut officiis. Dolorum sunt odit et corrupti.', 'p', 'Ex unde nam et. Animi quae quisquam doloremque sit hic sequi. Saepe velit doloremque eius repellendus non quo sapiente.', 240.00, 0.00, 5.00, 240.00, '2024-10-01 04:31:20', '2024-10-01 04:31:20', NULL, 44, 1, 1, 1),
(93, 'SI-0000093', '2024-10-01', '2024-10-01', 'Aspernatur quas animi eaque et autem. Labore corrupti ipsum ratione. A aperiam voluptatem eos omnis.', 'p', 'Aut eos porro modi id cupiditate occaecati doloremque repudiandae. Deleniti quod iusto et ad et veniam. Odio omnis eos ad provident sed et. Error repellendus quisquam dolor modi.', 480.00, 0.00, 5.00, 480.00, '2024-10-01 04:31:20', '2024-10-01 04:31:20', NULL, 19, 1, 1, 1),
(94, 'SI-0000094', '2024-10-01', '2024-10-01', 'Unde laborum incidunt aut illo deleniti et. Ut suscipit nemo voluptate aut aut. Inventore quisquam minima officiis libero consequatur error maxime. Recusandae expedita aut autem dicta.', 'p', 'Cum maxime voluptatem quidem molestiae amet ipsa. Neque cumque quia quia et ut itaque magni facere. Quo quae iusto veritatis.', 240.00, 0.00, 5.00, 240.00, '2024-10-01 04:31:20', '2024-10-01 04:31:20', NULL, 40, 1, 1, 1),
(95, 'SI-0000095', '2024-10-01', '2024-10-01', 'Voluptate labore aut amet et dolores illum nesciunt. Quo animi error similique harum et vero iure rerum. Quibusdam doloremque cupiditate enim et atque voluptatem.', 'p', 'Consectetur ipsam architecto dolore. Soluta sint in pariatur.', 360.00, 0.00, 5.00, 360.00, '2024-10-01 04:31:20', '2024-10-01 04:31:20', NULL, 30, 1, 1, 1),
(96, 'SI-0000096', '2024-10-01', '2024-10-01', 'Sequi numquam aut mollitia est debitis officiis. Non doloremque iusto dolor tenetur dolorum aperiam tempore est. Et at cupiditate ab aut et voluptates ut. Quis quam qui nihil in quia.', 'p', 'Voluptas eius sint labore et. Qui voluptatum animi consequatur temporibus officia tempore alias.', 240.00, 0.00, 5.00, 240.00, '2024-10-01 04:31:20', '2024-10-01 04:31:20', NULL, 19, 1, 1, 1),
(97, 'SI-0000097', '2024-10-01', '2024-10-01', 'Velit est qui molestiae nemo eum. Quia quibusdam maiores dicta illum maiores ipsa suscipit. Ut nostrum distinctio ipsam culpa. Sed et minima sit minima.', 'p', 'Expedita ipsam eveniet inventore rerum ut nemo. Aut eum excepturi voluptas dicta velit odio. Ea voluptatibus ducimus ab repellendus odio.', 480.00, 0.00, 5.00, 480.00, '2024-10-01 04:31:20', '2024-10-01 04:31:20', NULL, 49, 1, 1, 1),
(98, 'SI-0000098', '2024-10-01', '2024-10-01', 'Consequuntur quibusdam ex harum non. Ea corporis enim est doloribus. Eveniet nisi officiis quos autem.', 'p', 'Sequi consequatur ex culpa. Qui minima atque rem illo sunt maiores. Consequatur ab et consequatur ut nihil vel saepe omnis.', 120.00, 0.00, 5.00, 120.00, '2024-10-01 04:31:20', '2024-10-01 04:31:20', NULL, 34, 1, 1, 1),
(99, 'SI-0000099', '2024-10-01', '2024-10-01', 'Fugiat doloribus iusto autem consequatur repellendus odio placeat. Deleniti nisi minus consectetur velit enim.', 'p', 'Qui dolorem veritatis blanditiis exercitationem blanditiis beatae ducimus. Ducimus dolorem quidem non fugiat. Maxime nisi in qui neque.', 480.00, 0.00, 5.00, 480.00, '2024-10-01 04:31:20', '2024-10-01 04:31:20', NULL, 24, 1, 1, 1),
(100, 'SI-0000100', '2024-10-01', '2024-10-01', 'In ipsam et sunt debitis vel neque repellat. Aut accusantium tempore vitae.', 'p', 'Qui omnis blanditiis ut laudantium veniam nobis accusantium. Sapiente corporis dolor ducimus labore nam mollitia fugiat similique. Placeat quas ducimus nemo molestiae est.', 960.00, 0.00, 5.00, 960.00, '2024-10-01 04:31:20', '2024-10-01 04:31:20', NULL, 30, 1, 1, 1);

-- 
-- Dumping data for table role_user
--
INSERT INTO role_user VALUES
(1, 1);

-- 
-- Dumping data for table roles
--
INSERT INTO roles VALUES
(1, 'Admin', 0, '2024-10-01 04:31:14', '2024-10-01 04:31:14', NULL),
(2, 'User', 0, '2024-10-01 04:31:14', '2024-10-01 04:31:14', NULL);

-- Table mega_sign_rental_2024_db.purchase_receive_items does not contain any data (it is empty)

-- Table mega_sign_rental_2024_db.purchase_receives does not contain any data (it is empty)

-- 
-- Dumping data for table purchase_order_items
--
INSERT INTO purchase_order_items VALUES
(1, 'dicta', 'Vero ratione expedita ratione expedita illo. Sunt laudantium doloremque autem consequatur soluta sit aut.', 120.00, 3.00, 360.00, '2024-10-01 04:31:17', '2024-10-01 04:31:17', 1, 89, 1),
(2, 'nulla', 'Fuga illo fugit culpa ducimus. Sed quod in facere ipsum quas repellat. Ratione atque qui provident accusantium sit voluptatem modi.', 120.00, 1.00, 120.00, '2024-10-01 04:31:17', '2024-10-01 04:31:17', 2, 91, 1),
(3, 'inventore', 'Quae error maiores aut minus perspiciatis id tempora. Beatae mollitia non nemo. Veritatis enim repudiandae odio amet. Iure nam quam id pariatur.', 120.00, 10.00, 1200.00, '2024-10-01 04:31:17', '2024-10-01 04:31:17', 3, 55, 1),
(4, 'ex', 'Consequatur velit qui exercitationem fugiat. Neque nobis consequatur voluptate error id maiores explicabo saepe. Deleniti quos molestiae consequatur facere temporibus et quas.', 120.00, 1.00, 120.00, '2024-10-01 04:31:17', '2024-10-01 04:31:17', 4, 100, 1),
(5, 'hic', 'Tempore non aperiam sed non ut minima. Repellat sint qui et sed. Laboriosam sit officia repudiandae et impedit nesciunt veritatis repellat. Alias aliquam magni vero reiciendis.', 120.00, 7.00, 840.00, '2024-10-01 04:31:17', '2024-10-01 04:31:17', 5, 10, 1),
(6, 'ex', 'Consequatur velit qui exercitationem fugiat. Neque nobis consequatur voluptate error id maiores explicabo saepe. Deleniti quos molestiae consequatur facere temporibus et quas.', 120.00, 5.00, 600.00, '2024-10-01 04:31:17', '2024-10-01 04:31:17', 6, 100, 1),
(7, 'maxime', 'Nesciunt voluptatum ipsam aut eos qui et sapiente. Odio aliquid error quidem. Aliquid commodi nostrum praesentium nesciunt quo.', 120.00, 8.00, 960.00, '2024-10-01 04:31:17', '2024-10-01 04:31:17', 7, 14, 1),
(8, 'maiores', 'Alias unde vitae sed est dolores. Minima et commodi maiores omnis. Recusandae quam magni ipsam dolorum nam. Qui et tempora rerum illum dolorem.', 120.00, 6.00, 720.00, '2024-10-01 04:31:17', '2024-10-01 04:31:17', 8, 46, 1),
(9, 'aliquam', 'Sed explicabo culpa consequatur non. Et aut quis ipsam laboriosam minus. Eveniet molestiae eos voluptatem sint et optio enim. Deserunt hic magni quaerat sit ut vel.', 120.00, 10.00, 1200.00, '2024-10-01 04:31:17', '2024-10-01 04:31:17', 9, 59, 1),
(10, 'corrupti', 'Modi sunt sint autem facilis. Sit eos ipsum omnis minima iure illum eaque. Adipisci debitis sequi et et ea ea. In voluptatum quia molestias perspiciatis nulla dolor.', 120.00, 2.00, 240.00, '2024-10-01 04:31:17', '2024-10-01 04:31:17', 10, 81, 1),
(11, 'voluptatem', 'Est et incidunt repellendus qui reprehenderit consectetur. Quos voluptates placeat repellendus omnis laudantium. Hic enim necessitatibus accusamus impedit minus qui quos.', 120.00, 10.00, 1200.00, '2024-10-01 04:31:17', '2024-10-01 04:31:17', 11, 1, 1),
(12, 'temporibus', 'In veniam eum rem rem inventore. Praesentium sed qui quis voluptates. Inventore aut doloribus eaque harum ipsam nobis. Ad saepe dolores accusantium illo dolor.', 120.00, 2.00, 240.00, '2024-10-01 04:31:17', '2024-10-01 04:31:17', 12, 19, 1),
(13, 'doloribus', 'Sit saepe neque molestiae dicta a. Numquam blanditiis ratione recusandae tempore ipsam. Ut qui pariatur deleniti tempore rerum delectus qui.', 120.00, 10.00, 1200.00, '2024-10-01 04:31:17', '2024-10-01 04:31:17', 13, 62, 1),
(14, 'autem', 'Id dignissimos nisi sit. Repudiandae harum veniam nulla. Pariatur placeat ullam magnam est error aut sit. Dolorum eaque sequi qui magnam repellat.', 120.00, 1.00, 120.00, '2024-10-01 04:31:17', '2024-10-01 04:31:17', 14, 6, 1),
(15, 'similique', 'Sint excepturi commodi nihil in omnis rerum. Nam qui ut at architecto ipsa labore. Eveniet fuga nihil occaecati quae quia ut. Corrupti et et neque. Sit et ullam autem ut et rerum iusto.', 120.00, 3.00, 360.00, '2024-10-01 04:31:17', '2024-10-01 04:31:17', 15, 65, 1),
(16, 'soluta', 'Rerum ut nihil mollitia aspernatur ducimus consequatur animi. Provident rerum quasi autem architecto nesciunt quidem. Sit veritatis aut dolorum vel ullam earum.', 120.00, 5.00, 600.00, '2024-10-01 04:31:17', '2024-10-01 04:31:17', 16, 83, 1),
(17, 'delectus', 'Rerum repellat quis at. Vero maiores enim at. Beatae consequuntur nihil dolorem officia omnis a dolorem alias. Vel odit minus neque provident rerum.', 120.00, 5.00, 600.00, '2024-10-01 04:31:17', '2024-10-01 04:31:17', 17, 30, 1),
(18, 'quibusdam', 'Velit minus possimus enim minima. Quae expedita sunt ea ab ipsum. Quia quibusdam eos ab quas. Sed itaque deleniti impedit.', 120.00, 5.00, 600.00, '2024-10-01 04:31:17', '2024-10-01 04:31:17', 18, 70, 1),
(19, 'provident', 'Aut numquam numquam nulla tempore possimus eius natus. Dolores iure deleniti delectus quis. Aut minus et eos tempora et. Perspiciatis voluptas sunt quia cupiditate suscipit error.', 120.00, 5.00, 600.00, '2024-10-01 04:31:17', '2024-10-01 04:31:17', 19, 27, 1),
(20, 'corporis', 'Natus provident numquam alias facere magnam et sed. Officiis nihil maxime velit quia. Tenetur vero quas et. Animi corporis voluptas accusamus natus ratione. Recusandae dolores dolorem ut.', 120.00, 8.00, 960.00, '2024-10-01 04:31:17', '2024-10-01 04:31:17', 20, 93, 1),
(21, 'delectus', 'Rerum repellat quis at. Vero maiores enim at. Beatae consequuntur nihil dolorem officia omnis a dolorem alias. Vel odit minus neque provident rerum.', 120.00, 1.00, 120.00, '2024-10-01 04:31:17', '2024-10-01 04:31:17', 21, 30, 1),
(22, 'et', 'Quia fugiat impedit voluptates sapiente velit perspiciatis. Recusandae vitae et quisquam et rerum est. Magni occaecati cumque est rem itaque magnam.', 120.00, 10.00, 1200.00, '2024-10-01 04:31:17', '2024-10-01 04:31:17', 22, 9, 1),
(23, 'sunt', 'Deserunt voluptatem et excepturi qui ut. Non consequatur iste nam consequatur. Possimus ut laboriosam aliquam distinctio et voluptate officia. Voluptatem quia ipsam vel nam.', 120.00, 3.00, 360.00, '2024-10-01 04:31:17', '2024-10-01 04:31:17', 23, 36, 1),
(24, 'alias', 'Commodi libero voluptas minima consequatur esse. Aut libero ut fuga totam qui rerum excepturi.', 120.00, 8.00, 960.00, '2024-10-01 04:31:17', '2024-10-01 04:31:17', 24, 39, 1),
(25, 'reprehenderit', 'Quo qui earum perferendis quae quod. Eum nostrum velit dolorem. Nemo officiis id accusamus accusantium. Cumque eaque enim rerum et dolorum.', 120.00, 5.00, 600.00, '2024-10-01 04:31:17', '2024-10-01 04:31:17', 25, 18, 1),
(26, 'facere', 'Excepturi fugit in tempora autem ab similique. Ipsa maxime ipsam ut deleniti ad. Minima esse quia voluptatem qui dolores.', 120.00, 8.00, 960.00, '2024-10-01 04:31:17', '2024-10-01 04:31:17', 26, 12, 1),
(27, 'quisquam', 'Sunt minima sunt sed quae in corporis. Quia omnis sunt voluptatum porro. Soluta iure molestiae dolor debitis.', 120.00, 2.00, 240.00, '2024-10-01 04:31:17', '2024-10-01 04:31:17', 27, 33, 1),
(28, 'corporis', 'Natus provident numquam alias facere magnam et sed. Officiis nihil maxime velit quia. Tenetur vero quas et. Animi corporis voluptas accusamus natus ratione. Recusandae dolores dolorem ut.', 120.00, 7.00, 840.00, '2024-10-01 04:31:17', '2024-10-01 04:31:17', 28, 93, 1),
(29, 'in', 'Sint velit tempore atque minima assumenda et dolores. Maxime ex molestiae id necessitatibus voluptas ratione. Minima est fuga voluptatem. Dignissimos nostrum quidem illum possimus dolorem.', 120.00, 6.00, 720.00, '2024-10-01 04:31:17', '2024-10-01 04:31:17', 29, 92, 1),
(30, 'odio', 'Sed culpa enim quasi et ut nihil laudantium. Iste illo molestias similique animi. Quia debitis aliquam autem corrupti eius molestiae.', 120.00, 6.00, 720.00, '2024-10-01 04:31:17', '2024-10-01 04:31:17', 30, 56, 1),
(31, 'deserunt', 'Ducimus saepe sed architecto voluptatum distinctio. Earum est qui debitis tempora qui quia fugiat. Ipsum quia voluptatibus qui nesciunt sunt ipsa ut. Eligendi sed excepturi nulla perspiciatis earum.', 120.00, 10.00, 1200.00, '2024-10-01 04:31:17', '2024-10-01 04:31:17', 31, 88, 1),
(32, 'perspiciatis', 'Debitis fuga molestiae qui voluptatem qui. Eos autem corporis excepturi et asperiores recusandae ex. Ab minus excepturi similique sunt ut.', 120.00, 1.00, 120.00, '2024-10-01 04:31:17', '2024-10-01 04:31:17', 32, 61, 1),
(33, 'omnis', 'Dolor eos magnam enim ipsam pariatur accusamus. Et veniam ut fugiat iusto. Eligendi iste possimus ut itaque qui veniam. Vero ipsa voluptatum quae nemo nobis molestiae distinctio fuga.', 120.00, 3.00, 360.00, '2024-10-01 04:31:17', '2024-10-01 04:31:17', 33, 75, 1),
(34, 'perferendis', 'Velit eligendi unde at adipisci. Est labore iure fuga. Vitae aut est labore doloribus incidunt. Molestiae temporibus sed sit rem.', 120.00, 9.00, 1080.00, '2024-10-01 04:31:17', '2024-10-01 04:31:17', 34, 3, 1),
(35, 'quia', 'Consequatur velit consequatur omnis accusamus ut quasi. Molestiae aut reiciendis rerum dolor. Error sed vel et est ut.', 120.00, 6.00, 720.00, '2024-10-01 04:31:17', '2024-10-01 04:31:17', 35, 66, 1),
(36, 'earum', 'Eos non consequatur id vel voluptas tenetur. Laborum quae at qui ipsam. Quis ut voluptas aut rerum temporibus rerum nobis recusandae. Ipsa sit officiis officiis sit qui quia.', 120.00, 1.00, 120.00, '2024-10-01 04:31:17', '2024-10-01 04:31:17', 36, 34, 1),
(37, 'quos', 'Est adipisci nostrum laudantium quis tempore sint. Provident et omnis ducimus cupiditate. Dolorem neque in saepe cumque et.', 120.00, 4.00, 480.00, '2024-10-01 04:31:17', '2024-10-01 04:31:17', 37, 64, 1),
(38, 'dolorem', 'Repellat facilis qui veniam et voluptatum quod. Dolorem non est est sed similique. Recusandae expedita ipsum ut quis ullam doloribus.', 120.00, 2.00, 240.00, '2024-10-01 04:31:17', '2024-10-01 04:31:17', 38, 41, 1),
(39, 'labore', 'Sit quod ducimus fugiat ut a. Animi commodi unde voluptates minus rem. Sit nesciunt non quasi id accusantium voluptate.', 120.00, 10.00, 1200.00, '2024-10-01 04:31:17', '2024-10-01 04:31:17', 39, 24, 1),
(40, 'aliquam', 'Sed explicabo culpa consequatur non. Et aut quis ipsam laboriosam minus. Eveniet molestiae eos voluptatem sint et optio enim. Deserunt hic magni quaerat sit ut vel.', 120.00, 6.00, 720.00, '2024-10-01 04:31:17', '2024-10-01 04:31:17', 40, 59, 1),
(41, 'aliquam', 'Sed explicabo culpa consequatur non. Et aut quis ipsam laboriosam minus. Eveniet molestiae eos voluptatem sint et optio enim. Deserunt hic magni quaerat sit ut vel.', 120.00, 3.00, 360.00, '2024-10-01 04:31:17', '2024-10-01 04:31:17', 41, 59, 1),
(42, 'fugiat', 'Perferendis qui corrupti aut voluptatem voluptatem in tenetur. Aut non beatae vitae voluptatum. Non vel ipsum qui ratione. Ut modi suscipit deleniti.', 120.00, 6.00, 720.00, '2024-10-01 04:31:17', '2024-10-01 04:31:17', 42, 80, 1),
(43, 'quos', 'Est adipisci nostrum laudantium quis tempore sint. Provident et omnis ducimus cupiditate. Dolorem neque in saepe cumque et.', 120.00, 10.00, 1200.00, '2024-10-01 04:31:17', '2024-10-01 04:31:17', 43, 64, 1),
(44, 'eos', 'Doloribus magni quidem ut. Occaecati doloremque et qui soluta. Aspernatur non hic nesciunt tempora reiciendis ipsam praesentium voluptas.', 120.00, 10.00, 1200.00, '2024-10-01 04:31:17', '2024-10-01 04:31:17', 44, 38, 1),
(45, 'assumenda', 'Aut minus eius quis et enim. Reiciendis facilis qui et harum consectetur dignissimos ut dolor. Qui explicabo nulla architecto consequatur.', 120.00, 8.00, 960.00, '2024-10-01 04:31:17', '2024-10-01 04:31:17', 45, 71, 1),
(46, 'labore', 'Sit quod ducimus fugiat ut a. Animi commodi unde voluptates minus rem. Sit nesciunt non quasi id accusantium voluptate.', 120.00, 9.00, 1080.00, '2024-10-01 04:31:17', '2024-10-01 04:31:17', 46, 24, 1),
(47, 'dignissimos', 'Quia alias quis officiis nobis et ea. Sapiente quia quo quia non consequuntur facilis perspiciatis. Rerum rem quam et dolor et facere.', 120.00, 10.00, 1200.00, '2024-10-01 04:31:17', '2024-10-01 04:31:17', 47, 77, 1),
(48, 'ducimus', 'Voluptates quis recusandae eum asperiores voluptatem. Ut excepturi et rerum. Quod odit vel rerum dolore sit ea. In et quidem natus.', 120.00, 10.00, 1200.00, '2024-10-01 04:31:17', '2024-10-01 04:31:17', 48, 15, 1),
(49, 'cumque', 'Odio sapiente aut expedita cum. Vel earum quia eum est qui sint velit. Quaerat iure ullam est repellendus. Sed voluptatum dolorem eveniet aspernatur.', 120.00, 10.00, 1200.00, '2024-10-01 04:31:17', '2024-10-01 04:31:17', 49, 40, 1),
(50, 'rerum', 'Omnis delectus similique ut dolor saepe. Consequatur rem amet deleniti similique vitae pariatur deleniti. Non sit id est maxime. Temporibus quam similique a omnis.', 120.00, 5.00, 600.00, '2024-10-01 04:31:17', '2024-10-01 04:31:17', 50, 43, 1),
(51, 'officia', 'Autem et est fuga laborum molestiae eveniet. Qui expedita dolorem deserunt similique. Nesciunt neque omnis impedit ut est libero.', 120.00, 1.00, 120.00, '2024-10-01 04:31:17', '2024-10-01 04:31:17', 51, 25, 1),
(52, 'facere', 'Excepturi fugit in tempora autem ab similique. Ipsa maxime ipsam ut deleniti ad. Minima esse quia voluptatem qui dolores.', 120.00, 7.00, 840.00, '2024-10-01 04:31:17', '2024-10-01 04:31:17', 52, 12, 1),
(53, 'cumque', 'Odio sapiente aut expedita cum. Vel earum quia eum est qui sint velit. Quaerat iure ullam est repellendus. Sed voluptatum dolorem eveniet aspernatur.', 120.00, 8.00, 960.00, '2024-10-01 04:31:17', '2024-10-01 04:31:17', 53, 40, 1),
(54, 'asperiores', 'Delectus ipsam commodi ut ipsa repellendus officia laudantium est. Omnis rerum at sed accusantium tempora. Quidem facere deserunt aut eveniet. Impedit laudantium dolorem nisi non sed modi.', 120.00, 5.00, 600.00, '2024-10-01 04:31:17', '2024-10-01 04:31:17', 54, 49, 1),
(55, 'odio', 'Sed culpa enim quasi et ut nihil laudantium. Iste illo molestias similique animi. Quia debitis aliquam autem corrupti eius molestiae.', 120.00, 10.00, 1200.00, '2024-10-01 04:31:17', '2024-10-01 04:31:17', 55, 56, 1),
(56, 'accusamus', 'Ex a exercitationem tempora odit. Quam eveniet aut qui iste animi ipsam. Tempora dolorem placeat eligendi accusamus velit voluptate. Officiis sed et et.', 120.00, 9.00, 1080.00, '2024-10-01 04:31:17', '2024-10-01 04:31:17', 56, 86, 1),
(57, 'et', 'Quia fugiat impedit voluptates sapiente velit perspiciatis. Recusandae vitae et quisquam et rerum est. Magni occaecati cumque est rem itaque magnam.', 120.00, 1.00, 120.00, '2024-10-01 04:31:17', '2024-10-01 04:31:17', 57, 9, 1),
(58, 'molestiae', 'In recusandae et voluptate nostrum. Iusto sit dignissimos eos suscipit velit cumque. Ullam et et maxime occaecati. Quo rem adipisci autem qui.', 120.00, 7.00, 840.00, '2024-10-01 04:31:17', '2024-10-01 04:31:17', 58, 98, 1),
(59, 'enim', 'Non molestiae eum aut adipisci molestiae quaerat. Qui fugit cum recusandae aperiam fugiat rerum. Molestias corporis quo laboriosam sint illo eius aut.', 120.00, 4.00, 480.00, '2024-10-01 04:31:17', '2024-10-01 04:31:17', 59, 2, 1),
(60, 'ut', 'Tenetur vel vitae quam molestias. Ut fuga et ut velit modi praesentium. Consectetur voluptas hic ea eveniet quasi.', 120.00, 2.00, 240.00, '2024-10-01 04:31:17', '2024-10-01 04:31:17', 60, 4, 1),
(61, 'fugiat', 'Perferendis qui corrupti aut voluptatem voluptatem in tenetur. Aut non beatae vitae voluptatum. Non vel ipsum qui ratione. Ut modi suscipit deleniti.', 120.00, 6.00, 720.00, '2024-10-01 04:31:17', '2024-10-01 04:31:17', 61, 80, 1),
(62, 'aliquam', 'Sed explicabo culpa consequatur non. Et aut quis ipsam laboriosam minus. Eveniet molestiae eos voluptatem sint et optio enim. Deserunt hic magni quaerat sit ut vel.', 120.00, 6.00, 720.00, '2024-10-01 04:31:17', '2024-10-01 04:31:17', 62, 59, 1),
(63, 'provident', 'Aut numquam numquam nulla tempore possimus eius natus. Dolores iure deleniti delectus quis. Aut minus et eos tempora et. Perspiciatis voluptas sunt quia cupiditate suscipit error.', 120.00, 4.00, 480.00, '2024-10-01 04:31:17', '2024-10-01 04:31:17', 63, 27, 1),
(64, 'pariatur', 'Voluptatum et quidem enim provident. Aut dolorem numquam quo quis fugiat illum error. Ullam exercitationem aut corrupti.', 120.00, 7.00, 840.00, '2024-10-01 04:31:17', '2024-10-01 04:31:17', 64, 17, 1),
(65, 'voluptas', 'Soluta sed eos inventore. Magnam accusantium necessitatibus laborum adipisci. Alias fugiat rerum blanditiis perspiciatis.', 120.00, 2.00, 240.00, '2024-10-01 04:31:17', '2024-10-01 04:31:17', 65, 60, 1),
(66, 'culpa', 'Odio temporibus illo recusandae. Autem rem quo aliquid fuga numquam a. Occaecati dolorem incidunt odio ea.', 120.00, 4.00, 480.00, '2024-10-01 04:31:17', '2024-10-01 04:31:17', 66, 69, 1),
(67, 'dolor', 'Vel ullam dolore explicabo non. Architecto error temporibus sed inventore ullam rem cum. Voluptatem illo consequuntur eum. Ut voluptas reiciendis reprehenderit.', 120.00, 1.00, 120.00, '2024-10-01 04:31:17', '2024-10-01 04:31:17', 67, 8, 1),
(68, 'qui', 'Provident aut sint optio. Et qui ut tempore quo facere sed minus debitis. Rerum asperiores perspiciatis minus voluptate.', 120.00, 2.00, 240.00, '2024-10-01 04:31:17', '2024-10-01 04:31:17', 68, 44, 1),
(69, 'animi', 'Amet omnis tenetur aut in exercitationem. Quos impedit ipsum fugiat culpa.', 120.00, 9.00, 1080.00, '2024-10-01 04:31:17', '2024-10-01 04:31:17', 69, 95, 1),
(70, 'odio', 'Sed culpa enim quasi et ut nihil laudantium. Iste illo molestias similique animi. Quia debitis aliquam autem corrupti eius molestiae.', 120.00, 2.00, 240.00, '2024-10-01 04:31:17', '2024-10-01 04:31:17', 70, 56, 1),
(71, 'adipisci', 'Dolore et mollitia tempore nulla sapiente. Similique provident enim animi. Rerum ducimus rerum dolores omnis ut.', 120.00, 9.00, 1080.00, '2024-10-01 04:31:17', '2024-10-01 04:31:17', 71, 35, 1),
(72, 'repellat', 'Repudiandae velit beatae deserunt a. Est sed similique voluptates suscipit quo. Qui velit qui ratione. Nulla et vero eos optio ipsa rerum sunt.', 120.00, 10.00, 1200.00, '2024-10-01 04:31:17', '2024-10-01 04:31:17', 72, 94, 1),
(73, 'accusamus', 'Ex a exercitationem tempora odit. Quam eveniet aut qui iste animi ipsam. Tempora dolorem placeat eligendi accusamus velit voluptate. Officiis sed et et.', 120.00, 8.00, 960.00, '2024-10-01 04:31:17', '2024-10-01 04:31:17', 73, 86, 1),
(74, 'quos', 'Est adipisci nostrum laudantium quis tempore sint. Provident et omnis ducimus cupiditate. Dolorem neque in saepe cumque et.', 120.00, 1.00, 120.00, '2024-10-01 04:31:17', '2024-10-01 04:31:17', 74, 64, 1),
(75, 'rerum', 'Omnis delectus similique ut dolor saepe. Consequatur rem amet deleniti similique vitae pariatur deleniti. Non sit id est maxime. Temporibus quam similique a omnis.', 120.00, 9.00, 1080.00, '2024-10-01 04:31:17', '2024-10-01 04:31:17', 75, 43, 1),
(76, 'optio', 'Doloribus corporis pariatur officia quam esse. Aspernatur fuga repudiandae voluptate nemo. Consequuntur sed repudiandae perferendis voluptatum sunt ducimus.', 120.00, 1.00, 120.00, '2024-10-01 04:31:17', '2024-10-01 04:31:17', 76, 82, 1),
(77, 'sequi', 'Molestiae placeat vel sequi quis. Voluptas delectus et facere ducimus dolores. Hic deserunt aut sunt omnis. Vel omnis voluptatem ut quos itaque fugit voluptatem.', 120.00, 4.00, 480.00, '2024-10-01 04:31:17', '2024-10-01 04:31:17', 77, 47, 1),
(78, 'ducimus', 'Voluptates quis recusandae eum asperiores voluptatem. Ut excepturi et rerum. Quod odit vel rerum dolore sit ea. In et quidem natus.', 120.00, 7.00, 840.00, '2024-10-01 04:31:17', '2024-10-01 04:31:17', 78, 15, 1),
(79, 'est', 'Quis eum aut cumque. Vel qui eaque aperiam autem. Quidem doloremque deserunt aliquid sunt.', 120.00, 8.00, 960.00, '2024-10-01 04:31:17', '2024-10-01 04:31:17', 79, 20, 1),
(80, 'voluptates', 'Fugit sed ad facere. Nam cumque est omnis in error. Modi quas id cupiditate omnis. Quo dolorem veniam neque non omnis at est.', 120.00, 10.00, 1200.00, '2024-10-01 04:31:17', '2024-10-01 04:31:17', 80, 54, 1),
(81, 'voluptates', 'Fugit sed ad facere. Nam cumque est omnis in error. Modi quas id cupiditate omnis. Quo dolorem veniam neque non omnis at est.', 120.00, 2.00, 240.00, '2024-10-01 04:31:17', '2024-10-01 04:31:17', 81, 54, 1),
(82, 'nam', 'Consequatur nihil aspernatur iusto minima asperiores officia. Voluptatem est adipisci fuga qui voluptas nihil ut iste. Esse est voluptas asperiores et sunt sed qui.', 120.00, 6.00, 720.00, '2024-10-01 04:31:17', '2024-10-01 04:31:17', 82, 99, 1),
(83, 'sequi', 'Molestiae placeat vel sequi quis. Voluptas delectus et facere ducimus dolores. Hic deserunt aut sunt omnis. Vel omnis voluptatem ut quos itaque fugit voluptatem.', 120.00, 2.00, 240.00, '2024-10-01 04:31:17', '2024-10-01 04:31:17', 83, 47, 1),
(84, 'maiores', 'Alias unde vitae sed est dolores. Minima et commodi maiores omnis. Recusandae quam magni ipsam dolorum nam. Qui et tempora rerum illum dolorem.', 120.00, 8.00, 960.00, '2024-10-01 04:31:17', '2024-10-01 04:31:17', 84, 46, 1),
(85, 'hic', 'Tempore non aperiam sed non ut minima. Repellat sint qui et sed. Laboriosam sit officia repudiandae et impedit nesciunt veritatis repellat. Alias aliquam magni vero reiciendis.', 120.00, 4.00, 480.00, '2024-10-01 04:31:17', '2024-10-01 04:31:17', 85, 10, 1),
(86, 'eum', 'Eveniet et enim eum eos. Iste non totam ut saepe corrupti aut voluptatibus ut. Molestiae deserunt doloribus nisi ab soluta eum non minima. Magni quibusdam placeat voluptatem eaque.', 120.00, 7.00, 840.00, '2024-10-01 04:31:17', '2024-10-01 04:31:17', 86, 42, 1),
(87, 'maiores', 'Alias unde vitae sed est dolores. Minima et commodi maiores omnis. Recusandae quam magni ipsam dolorum nam. Qui et tempora rerum illum dolorem.', 120.00, 1.00, 120.00, '2024-10-01 04:31:17', '2024-10-01 04:31:17', 87, 46, 1),
(88, 'dignissimos', 'Quia alias quis officiis nobis et ea. Sapiente quia quo quia non consequuntur facilis perspiciatis. Rerum rem quam et dolor et facere.', 120.00, 2.00, 240.00, '2024-10-01 04:31:17', '2024-10-01 04:31:17', 88, 77, 1),
(89, 'similique', 'Sint excepturi commodi nihil in omnis rerum. Nam qui ut at architecto ipsa labore. Eveniet fuga nihil occaecati quae quia ut. Corrupti et et neque. Sit et ullam autem ut et rerum iusto.', 120.00, 1.00, 120.00, '2024-10-01 04:31:17', '2024-10-01 04:31:17', 89, 65, 1),
(90, 'dolorem', 'Repellat facilis qui veniam et voluptatum quod. Dolorem non est est sed similique. Recusandae expedita ipsum ut quis ullam doloribus.', 120.00, 6.00, 720.00, '2024-10-01 04:31:17', '2024-10-01 04:31:17', 90, 41, 1),
(91, 'sunt', 'Deserunt voluptatem et excepturi qui ut. Non consequatur iste nam consequatur. Possimus ut laboriosam aliquam distinctio et voluptate officia. Voluptatem quia ipsam vel nam.', 120.00, 8.00, 960.00, '2024-10-01 04:31:17', '2024-10-01 04:31:17', 91, 36, 1),
(92, 'hic', 'Tempore non aperiam sed non ut minima. Repellat sint qui et sed. Laboriosam sit officia repudiandae et impedit nesciunt veritatis repellat. Alias aliquam magni vero reiciendis.', 120.00, 4.00, 480.00, '2024-10-01 04:31:17', '2024-10-01 04:31:17', 92, 10, 1),
(93, 'voluptatum', 'Nesciunt enim eos voluptas quia tenetur voluptatum qui. Ab error facere quis alias omnis sit. Quis nesciunt ratione labore ut voluptas qui.', 120.00, 6.00, 720.00, '2024-10-01 04:31:17', '2024-10-01 04:31:17', 93, 57, 1),
(94, 'dolorum', 'Ut expedita sed laboriosam officiis unde accusantium. Nulla ipsam aut doloremque minus placeat laboriosam. Nemo magnam cumque quia. Expedita ut enim a excepturi.', 120.00, 6.00, 720.00, '2024-10-01 04:31:17', '2024-10-01 04:31:17', 94, 58, 1),
(95, 'placeat', 'Quia quis quod consequuntur. Qui porro et deleniti corporis. Excepturi blanditiis quis et nostrum.', 120.00, 1.00, 120.00, '2024-10-01 04:31:18', '2024-10-01 04:31:18', 95, 85, 1),
(96, 'enim', 'Non molestiae eum aut adipisci molestiae quaerat. Qui fugit cum recusandae aperiam fugiat rerum. Molestias corporis quo laboriosam sint illo eius aut.', 120.00, 3.00, 360.00, '2024-10-01 04:31:18', '2024-10-01 04:31:18', 96, 2, 1),
(97, 'neque', 'Quaerat at quae incidunt consequatur temporibus quis. Et omnis velit omnis necessitatibus. Voluptatem autem magnam officia ea voluptatem et. Ipsa ratione eos ad quis.', 120.00, 1.00, 120.00, '2024-10-01 04:31:18', '2024-10-01 04:31:18', 97, 72, 1),
(98, 'quidem', 'Officia illum tempora tenetur quo. Odio modi labore vel maxime. Ab ex sunt omnis voluptatibus autem quis reprehenderit tempora. Nam consequatur voluptas aliquid.', 120.00, 1.00, 120.00, '2024-10-01 04:31:18', '2024-10-01 04:31:18', 98, 74, 1),
(99, 'delectus', 'Rerum repellat quis at. Vero maiores enim at. Beatae consequuntur nihil dolorem officia omnis a dolorem alias. Vel odit minus neque provident rerum.', 120.00, 9.00, 1080.00, '2024-10-01 04:31:18', '2024-10-01 04:31:18', 99, 30, 1),
(100, 'illo', 'Blanditiis maxime dolor et tempora minus. Consequatur eaque commodi distinctio accusantium. Necessitatibus porro odio ipsam voluptates architecto ut.', 120.00, 1.00, 120.00, '2024-10-01 04:31:18', '2024-10-01 04:31:18', 100, 73, 1);

-- 
-- Dumping data for table purchase_orders
--
INSERT INTO purchase_orders VALUES
(1, 'PO-0000001', '2024-10-01', '2024-10-01', 'Totam quia aut itaque labore. Dolorem et repellendus sit illo maxime commodi ratione. Consectetur fugiat suscipit neque in quidem.', 0.00, 'p', 0.00, 0.00, 360.00, 5.00, 0.00, 360.00, '2024-10-01 04:31:17', '2024-10-01 04:31:17', 10, 1, 1, 1, 1),
(2, 'PO-0000002', '2024-10-01', '2024-10-01', 'Occaecati reprehenderit ut quia et. Voluptas ipsum voluptates recusandae quasi. Consequatur et repellat corporis. Laboriosam voluptas aut et praesentium ut est accusantium unde.', 0.00, 'p', 0.00, 0.00, 120.00, 5.00, 0.00, 120.00, '2024-10-01 04:31:17', '2024-10-01 04:31:17', 36, 1, 3, 1, 1),
(3, 'PO-0000003', '2024-10-01', '2024-10-01', 'Ipsam molestias dolorem et maxime est qui minima. Non saepe odit debitis dolore animi enim voluptatibus inventore. Iure illum sit sint molestiae veritatis. Voluptatum natus et et.', 0.00, 'p', 0.00, 0.00, 1200.00, 5.00, 0.00, 1200.00, '2024-10-01 04:31:17', '2024-10-01 04:31:17', 49, 1, 2, 1, 1),
(4, 'PO-0000004', '2024-10-01', '2024-10-01', 'Dolore rem et tempore ad. Cupiditate unde ut occaecati necessitatibus et animi earum. Culpa voluptate dolorem et fugit ut.', 0.00, 'p', 0.00, 0.00, 120.00, 5.00, 0.00, 120.00, '2024-10-01 04:31:17', '2024-10-01 04:31:17', 26, 1, 3, 1, 1),
(5, 'PO-0000005', '2024-10-01', '2024-10-01', 'Quis excepturi nulla quo. Est quia aliquam id corrupti. Modi reiciendis nemo maiores sit quod ratione eum.', 0.00, 'p', 0.00, 0.00, 840.00, 5.00, 0.00, 840.00, '2024-10-01 04:31:17', '2024-10-01 04:31:17', 49, 1, 2, 1, 1),
(6, 'PO-0000006', '2024-10-01', '2024-10-01', 'Quis ut illo at ut fugiat est. Voluptate nisi debitis quia quis. Eveniet ad vitae cumque vero maxime dolores voluptates voluptatem.', 0.00, 'p', 0.00, 0.00, 600.00, 5.00, 0.00, 600.00, '2024-10-01 04:31:17', '2024-10-01 04:31:17', 22, 1, 2, 1, 1),
(7, 'PO-0000007', '2024-10-01', '2024-10-01', 'Impedit voluptas impedit molestiae voluptatem ullam. Fuga deserunt repellat rem repellat odit.', 0.00, 'p', 0.00, 0.00, 960.00, 5.00, 0.00, 960.00, '2024-10-01 04:31:17', '2024-10-01 04:31:17', 47, 1, 2, 1, 1),
(8, 'PO-0000008', '2024-10-01', '2024-10-01', 'Velit ducimus eius natus delectus earum dolores tempora. Sed ducimus veritatis et sapiente et occaecati ut. Voluptatibus debitis sed sunt sequi voluptatem.', 0.00, 'p', 0.00, 0.00, 720.00, 5.00, 0.00, 720.00, '2024-10-01 04:31:17', '2024-10-01 04:31:17', 30, 1, 1, 1, 1),
(9, 'PO-0000009', '2024-10-01', '2024-10-01', 'Quae recusandae voluptas et. Rerum dicta consequatur non dolorem quos. Natus et et possimus eos. Similique suscipit maxime aut labore sapiente eaque.', 0.00, 'p', 0.00, 0.00, 1200.00, 5.00, 0.00, 1200.00, '2024-10-01 04:31:17', '2024-10-01 04:31:17', 12, 1, 1, 1, 1),
(10, 'PO-0000010', '2024-10-01', '2024-10-01', 'Alias repellendus maiores doloremque repudiandae. Aliquam minus ut et magnam error voluptatem dicta. Sit distinctio ipsum rerum voluptatum aut fuga. Aliquam eum tempora fuga ut placeat nobis.', 0.00, 'p', 0.00, 0.00, 240.00, 5.00, 0.00, 240.00, '2024-10-01 04:31:17', '2024-10-01 04:31:17', 50, 1, 2, 1, 1),
(11, 'PO-0000011', '2024-10-01', '2024-10-01', 'Magnam culpa similique perferendis veritatis et. Commodi rerum quia repudiandae incidunt. Libero nam culpa cum qui nisi nobis.', 0.00, 'p', 0.00, 0.00, 1200.00, 5.00, 0.00, 1200.00, '2024-10-01 04:31:17', '2024-10-01 04:31:17', 9, 1, 1, 1, 1),
(12, 'PO-0000012', '2024-10-01', '2024-10-01', 'Nihil quis harum et incidunt eos consectetur harum. Et veritatis et saepe iusto consequatur.', 0.00, 'p', 0.00, 0.00, 240.00, 5.00, 0.00, 240.00, '2024-10-01 04:31:17', '2024-10-01 04:31:17', 34, 1, 1, 1, 1),
(13, 'PO-0000013', '2024-10-01', '2024-10-01', 'Fuga nulla aliquid illo temporibus. Impedit consequatur voluptas architecto ut tenetur. Quaerat quam omnis autem deleniti consectetur labore porro.', 0.00, 'p', 0.00, 0.00, 1200.00, 5.00, 0.00, 1200.00, '2024-10-01 04:31:17', '2024-10-01 04:31:17', 4, 1, 1, 1, 1),
(14, 'PO-0000014', '2024-10-01', '2024-10-01', 'Optio earum repellat atque eius. Voluptas sint voluptate tempora. Repellendus quam dolore cumque fugiat ea quisquam modi. In accusantium molestiae iure eos ipsam earum.', 0.00, 'p', 0.00, 0.00, 120.00, 5.00, 0.00, 120.00, '2024-10-01 04:31:17', '2024-10-01 04:31:17', 42, 1, 3, 1, 1),
(15, 'PO-0000015', '2024-10-01', '2024-10-01', 'Non sed suscipit quia ea omnis expedita. Qui odit qui corrupti voluptatem. Possimus ratione recusandae blanditiis totam ut ut. Sit repudiandae est qui sequi recusandae molestiae voluptas.', 0.00, 'p', 0.00, 0.00, 360.00, 5.00, 0.00, 360.00, '2024-10-01 04:31:17', '2024-10-01 04:31:17', 40, 1, 2, 1, 1),
(16, 'PO-0000016', '2024-10-01', '2024-10-01', 'Ad at sed vero labore. Consequuntur beatae corporis natus voluptates molestiae. Atque dolorum nihil quia earum alias esse.', 0.00, 'p', 0.00, 0.00, 600.00, 5.00, 0.00, 600.00, '2024-10-01 04:31:17', '2024-10-01 04:31:17', 47, 1, 1, 1, 1),
(17, 'PO-0000017', '2024-10-01', '2024-10-01', 'Minus sit officia voluptatem harum. Est quo praesentium perferendis maxime aspernatur veniam repudiandae. Eligendi aperiam aut et tempore. Molestiae in sit consequuntur voluptatem laborum facilis.', 0.00, 'p', 0.00, 0.00, 600.00, 5.00, 0.00, 600.00, '2024-10-01 04:31:17', '2024-10-01 04:31:17', 29, 1, 3, 1, 1),
(18, 'PO-0000018', '2024-10-01', '2024-10-01', 'Quis eius dolorem natus odio ea qui. Ea facere laudantium eveniet autem. Enim et quasi ea odit quis aliquam.', 0.00, 'p', 0.00, 0.00, 600.00, 5.00, 0.00, 600.00, '2024-10-01 04:31:17', '2024-10-01 04:31:17', 36, 1, 2, 1, 1),
(19, 'PO-0000019', '2024-10-01', '2024-10-01', 'Dolorum illum dignissimos modi rem odio. Rerum exercitationem voluptatem sit et velit quis et. Soluta quia ut consequatur ullam veniam.', 0.00, 'p', 0.00, 0.00, 600.00, 5.00, 0.00, 600.00, '2024-10-01 04:31:17', '2024-10-01 04:31:17', 48, 1, 1, 1, 1),
(20, 'PO-0000020', '2024-10-01', '2024-10-01', 'Est dignissimos dignissimos aliquid nemo quis. Vero et inventore velit necessitatibus. Perferendis iste accusantium accusantium aperiam magnam dolores. Atque amet accusantium et.', 0.00, 'p', 0.00, 0.00, 960.00, 5.00, 0.00, 960.00, '2024-10-01 04:31:17', '2024-10-01 04:31:17', 41, 1, 1, 1, 1),
(21, 'PO-0000021', '2024-10-01', '2024-10-01', 'Rem officia dolore ipsa. Quam distinctio mollitia consectetur et molestiae. Dolorem maxime molestias aut quia aliquam officia non autem.', 0.00, 'p', 0.00, 0.00, 120.00, 5.00, 0.00, 120.00, '2024-10-01 04:31:17', '2024-10-01 04:31:17', 15, 1, 3, 1, 1),
(22, 'PO-0000022', '2024-10-01', '2024-10-01', 'Possimus illum illo excepturi aut officia sequi voluptatem. Blanditiis velit aut voluptates doloremque illum non rerum nam. Harum ipsam et ut rerum autem tempore ut. Voluptate incidunt qui quis unde.', 0.00, 'p', 0.00, 0.00, 1200.00, 5.00, 0.00, 1200.00, '2024-10-01 04:31:17', '2024-10-01 04:31:17', 45, 1, 2, 1, 1),
(23, 'PO-0000023', '2024-10-01', '2024-10-01', 'Dolor omnis expedita exercitationem ut debitis assumenda. Veritatis laboriosam numquam ut labore enim doloribus sit. At ipsa in at eius est rerum et.', 0.00, 'p', 0.00, 0.00, 360.00, 5.00, 0.00, 360.00, '2024-10-01 04:31:17', '2024-10-01 04:31:17', 25, 1, 2, 1, 1),
(24, 'PO-0000024', '2024-10-01', '2024-10-01', 'Voluptates alias voluptas rerum enim quia autem culpa maxime. Officiis pariatur ut accusantium aut vel fuga qui. Nihil vero maxime dolorem recusandae.', 0.00, 'p', 0.00, 0.00, 960.00, 5.00, 0.00, 960.00, '2024-10-01 04:31:17', '2024-10-01 04:31:17', 44, 1, 1, 1, 1),
(25, 'PO-0000025', '2024-10-01', '2024-10-01', 'Aspernatur ut sapiente quia repellendus ea. Harum odio animi laudantium autem. Asperiores ratione similique aut corporis dolore.', 0.00, 'p', 0.00, 0.00, 600.00, 5.00, 0.00, 600.00, '2024-10-01 04:31:17', '2024-10-01 04:31:17', 22, 1, 2, 1, 1),
(26, 'PO-0000026', '2024-10-01', '2024-10-01', 'Voluptatem consequatur in saepe. Sint ipsa fuga quam error et et in. Laboriosam voluptatum quisquam adipisci.', 0.00, 'p', 0.00, 0.00, 960.00, 5.00, 0.00, 960.00, '2024-10-01 04:31:17', '2024-10-01 04:31:17', 38, 1, 1, 1, 1),
(27, 'PO-0000027', '2024-10-01', '2024-10-01', 'Consequatur eos hic facilis debitis tempore eum omnis maiores. Reprehenderit rem aut ducimus ut. Et fugit molestiae ad rerum fuga et neque nulla.', 0.00, 'p', 0.00, 0.00, 240.00, 5.00, 0.00, 240.00, '2024-10-01 04:31:17', '2024-10-01 04:31:17', 28, 1, 1, 1, 1),
(28, 'PO-0000028', '2024-10-01', '2024-10-01', 'Dolorem aperiam a ipsa atque deleniti est. Accusantium sit eveniet eius est. Perspiciatis delectus quasi et ullam. Enim voluptatem hic harum neque enim.', 0.00, 'p', 0.00, 0.00, 840.00, 5.00, 0.00, 840.00, '2024-10-01 04:31:17', '2024-10-01 04:31:17', 32, 1, 1, 1, 1),
(29, 'PO-0000029', '2024-10-01', '2024-10-01', 'Numquam fugiat eaque velit. Incidunt incidunt totam suscipit animi. Cum eius quis magnam voluptas dignissimos architecto. Id accusamus rerum aliquid sit a rerum.', 0.00, 'p', 0.00, 0.00, 720.00, 5.00, 0.00, 720.00, '2024-10-01 04:31:17', '2024-10-01 04:31:17', 14, 1, 3, 1, 1),
(30, 'PO-0000030', '2024-10-01', '2024-10-01', 'Ratione cupiditate nesciunt ut quis non. Molestiae vel consequatur ea alias rerum dolorem eos. Possimus quod praesentium aliquid necessitatibus.', 0.00, 'p', 0.00, 0.00, 720.00, 5.00, 0.00, 720.00, '2024-10-01 04:31:17', '2024-10-01 04:31:17', 38, 1, 3, 1, 1),
(31, 'PO-0000031', '2024-10-01', '2024-10-01', 'Tenetur totam et impedit maxime. Nihil cum inventore nulla eligendi suscipit. Consequuntur quidem mollitia doloribus dicta officiis commodi quas fugiat. Aut iure et voluptas aperiam qui.', 0.00, 'p', 0.00, 0.00, 1200.00, 5.00, 0.00, 1200.00, '2024-10-01 04:31:17', '2024-10-01 04:31:17', 37, 1, 1, 1, 1),
(32, 'PO-0000032', '2024-10-01', '2024-10-01', 'Omnis magnam earum illum architecto. Iure eveniet molestias est. Ut ratione natus et quia voluptatem facere quis. Voluptatem incidunt distinctio hic quis quia. Magnam voluptate aperiam qui et.', 0.00, 'p', 0.00, 0.00, 120.00, 5.00, 0.00, 120.00, '2024-10-01 04:31:17', '2024-10-01 04:31:17', 39, 1, 2, 1, 1),
(33, 'PO-0000033', '2024-10-01', '2024-10-01', 'Explicabo sit hic maxime consectetur accusantium et molestias vel. Dolorem repellat quia omnis earum iusto et pariatur. Et non non eum ipsa. Molestias veniam omnis libero.', 0.00, 'p', 0.00, 0.00, 360.00, 5.00, 0.00, 360.00, '2024-10-01 04:31:17', '2024-10-01 04:31:17', 2, 1, 1, 1, 1),
(34, 'PO-0000034', '2024-10-01', '2024-10-01', 'Et temporibus iste saepe. Totam expedita et eveniet quaerat dolores nobis. Harum beatae quibusdam quos minima voluptas. Qui maiores repellat quasi aliquid repellat dolores nisi.', 0.00, 'p', 0.00, 0.00, 1080.00, 5.00, 0.00, 1080.00, '2024-10-01 04:31:17', '2024-10-01 04:31:17', 5, 1, 1, 1, 1),
(35, 'PO-0000035', '2024-10-01', '2024-10-01', 'Iusto temporibus libero dolore. Accusantium voluptatum qui itaque quod voluptatem magnam assumenda. Distinctio placeat doloremque commodi. Quos laboriosam doloribus pariatur.', 0.00, 'p', 0.00, 0.00, 720.00, 5.00, 0.00, 720.00, '2024-10-01 04:31:17', '2024-10-01 04:31:17', 13, 1, 3, 1, 1),
(36, 'PO-0000036', '2024-10-01', '2024-10-01', 'Quibusdam eaque dolorum voluptatibus excepturi impedit quisquam quos. Nemo voluptatem qui porro iure nihil aut et excepturi. Quos aut sed quas. Dolores minus recusandae dignissimos ab esse.', 0.00, 'p', 0.00, 0.00, 120.00, 5.00, 0.00, 120.00, '2024-10-01 04:31:17', '2024-10-01 04:31:17', 15, 1, 2, 1, 1),
(37, 'PO-0000037', '2024-10-01', '2024-10-01', 'Numquam quaerat quis quas eligendi ipsum nesciunt. Et voluptas sapiente et odio voluptatem officiis voluptas. Voluptatem repellendus nulla tenetur consequatur laboriosam aliquam.', 0.00, 'p', 0.00, 0.00, 480.00, 5.00, 0.00, 480.00, '2024-10-01 04:31:17', '2024-10-01 04:31:17', 15, 1, 2, 1, 1),
(38, 'PO-0000038', '2024-10-01', '2024-10-01', 'Vel hic magnam aut omnis qui sed et. Vel eos et nostrum nemo facere dolorem. Repudiandae quo ut dicta et dolores.', 0.00, 'p', 0.00, 0.00, 240.00, 5.00, 0.00, 240.00, '2024-10-01 04:31:17', '2024-10-01 04:31:17', 7, 1, 3, 1, 1),
(39, 'PO-0000039', '2024-10-01', '2024-10-01', 'Temporibus eos at vel laudantium. Aspernatur harum cupiditate qui eos aut qui doloribus. Aut ab et autem et molestias officia unde. Eveniet dicta ea odio voluptatum.', 0.00, 'p', 0.00, 0.00, 1200.00, 5.00, 0.00, 1200.00, '2024-10-01 04:31:17', '2024-10-01 04:31:17', 21, 1, 2, 1, 1),
(40, 'PO-0000040', '2024-10-01', '2024-10-01', 'Molestiae explicabo suscipit et dolor cum laudantium. A consequatur nostrum officiis earum ducimus odio corporis. Minus sit sed blanditiis dolorum ipsam aut.', 0.00, 'p', 0.00, 0.00, 720.00, 5.00, 0.00, 720.00, '2024-10-01 04:31:17', '2024-10-01 04:31:17', 18, 1, 2, 1, 1),
(41, 'PO-0000041', '2024-10-01', '2024-10-01', 'Quam et omnis rerum aut tempora veniam. Suscipit aspernatur id et repudiandae ad. Culpa sequi voluptatum corporis numquam dolorem dicta veritatis. Doloribus impedit quod delectus unde id ea qui.', 0.00, 'p', 0.00, 0.00, 360.00, 5.00, 0.00, 360.00, '2024-10-01 04:31:17', '2024-10-01 04:31:17', 1, 1, 3, 1, 1),
(42, 'PO-0000042', '2024-10-01', '2024-10-01', 'Est dignissimos nemo qui autem. Dolor sit ipsum aut error. Qui iste nulla itaque qui provident voluptates deserunt rem. Id eveniet veniam vero hic culpa non laborum. Commodi maiores tempore nulla.', 0.00, 'p', 0.00, 0.00, 720.00, 5.00, 0.00, 720.00, '2024-10-01 04:31:17', '2024-10-01 04:31:17', 50, 1, 1, 1, 1),
(43, 'PO-0000043', '2024-10-01', '2024-10-01', 'In sed iure voluptate qui ducimus autem qui. Magnam dolorem veritatis illum consequatur. Sint animi ea molestiae fuga accusamus ut quis.', 0.00, 'p', 0.00, 0.00, 1200.00, 5.00, 0.00, 1200.00, '2024-10-01 04:31:17', '2024-10-01 04:31:17', 25, 1, 1, 1, 1),
(44, 'PO-0000044', '2024-10-01', '2024-10-01', 'Inventore quidem ipsam sunt. Dolorem labore consequatur debitis aliquam. Eos aut maxime et asperiores dolores minima inventore. Et molestiae aut quisquam debitis mollitia.', 0.00, 'p', 0.00, 0.00, 1200.00, 5.00, 0.00, 1200.00, '2024-10-01 04:31:17', '2024-10-01 04:31:17', 47, 1, 3, 1, 1),
(45, 'PO-0000045', '2024-10-01', '2024-10-01', 'Repellat est vitae assumenda. Similique animi id voluptas expedita ipsum maxime. Eos molestias qui omnis reiciendis. Quas culpa voluptatem iste explicabo rem et.', 0.00, 'p', 0.00, 0.00, 960.00, 5.00, 0.00, 960.00, '2024-10-01 04:31:17', '2024-10-01 04:31:17', 19, 1, 2, 1, 1),
(46, 'PO-0000046', '2024-10-01', '2024-10-01', 'Nesciunt dolorum aut nobis. Et laboriosam non non neque velit eum. Quo sed voluptatum iste consequatur autem quo qui ut. Et tenetur delectus voluptas consequatur.', 0.00, 'p', 0.00, 0.00, 1080.00, 5.00, 0.00, 1080.00, '2024-10-01 04:31:17', '2024-10-01 04:31:17', 13, 1, 2, 1, 1),
(47, 'PO-0000047', '2024-10-01', '2024-10-01', 'Eaque cupiditate in exercitationem dolorem est. At aliquid a suscipit dolorem. Aut tempora et assumenda voluptatum nulla.', 0.00, 'p', 0.00, 0.00, 1200.00, 5.00, 0.00, 1200.00, '2024-10-01 04:31:17', '2024-10-01 04:31:17', 45, 1, 2, 1, 1),
(48, 'PO-0000048', '2024-10-01', '2024-10-01', 'Quam autem sed excepturi nihil id consequatur accusantium. Ullam voluptatibus delectus ad sit non eius est odit. Et id quia dolore ullam est.', 0.00, 'p', 0.00, 0.00, 1200.00, 5.00, 0.00, 1200.00, '2024-10-01 04:31:17', '2024-10-01 04:31:17', 49, 1, 3, 1, 1),
(49, 'PO-0000049', '2024-10-01', '2024-10-01', 'Eos accusantium repellat minus placeat voluptatum. Qui illum aut eius totam sapiente. Provident quo dolores est eaque nihil odit.', 0.00, 'p', 0.00, 0.00, 1200.00, 5.00, 0.00, 1200.00, '2024-10-01 04:31:17', '2024-10-01 04:31:17', 37, 1, 3, 1, 1),
(50, 'PO-0000050', '2024-10-01', '2024-10-01', 'Odio ut velit laborum et quidem sint voluptatum ipsam. Corporis nostrum dolorem et molestias ut. Illo mollitia quam minus sit consequatur dicta est magnam.', 0.00, 'p', 0.00, 0.00, 600.00, 5.00, 0.00, 600.00, '2024-10-01 04:31:17', '2024-10-01 04:31:17', 42, 1, 3, 1, 1),
(51, 'PO-0000051', '2024-10-01', '2024-10-01', 'Qui atque odio iure explicabo corrupti. Et qui a laborum error. Odio esse ex voluptatem ipsa et culpa est error.', 0.00, 'p', 0.00, 0.00, 120.00, 5.00, 0.00, 120.00, '2024-10-01 04:31:17', '2024-10-01 04:31:17', 15, 1, 1, 1, 1),
(52, 'PO-0000052', '2024-10-01', '2024-10-01', 'Voluptatem facilis qui ex exercitationem quia animi ut reiciendis. Repudiandae repudiandae eligendi sit ut.', 0.00, 'p', 0.00, 0.00, 840.00, 5.00, 0.00, 840.00, '2024-10-01 04:31:17', '2024-10-01 04:31:17', 37, 1, 1, 1, 1),
(53, 'PO-0000053', '2024-10-01', '2024-10-01', 'Doloribus saepe quia quia maiores sint. Quam voluptas deleniti saepe ut voluptas eligendi. Natus rem ut voluptatem quos sed et consectetur. Quibusdam fuga quae aut debitis rerum id sit quod.', 0.00, 'p', 0.00, 0.00, 960.00, 5.00, 0.00, 960.00, '2024-10-01 04:31:17', '2024-10-01 04:31:17', 33, 1, 3, 1, 1),
(54, 'PO-0000054', '2024-10-01', '2024-10-01', 'Voluptas odit sit qui et et. Perferendis cumque deserunt quidem reiciendis enim rerum distinctio. Rerum fugit rerum nisi aperiam odio.', 0.00, 'p', 0.00, 0.00, 600.00, 5.00, 0.00, 600.00, '2024-10-01 04:31:17', '2024-10-01 04:31:17', 35, 1, 1, 1, 1),
(55, 'PO-0000055', '2024-10-01', '2024-10-01', 'Aliquid ab exercitationem et at qui explicabo. Velit pariatur harum doloribus magni. Sint qui sint consequuntur amet dolor illum. Fuga labore quam qui a officia necessitatibus.', 0.00, 'p', 0.00, 0.00, 1200.00, 5.00, 0.00, 1200.00, '2024-10-01 04:31:17', '2024-10-01 04:31:17', 11, 1, 3, 1, 1),
(56, 'PO-0000056', '2024-10-01', '2024-10-01', 'Repellendus amet nam facere deserunt ut. Aut sequi reprehenderit rerum rerum est perspiciatis id ut. Assumenda at illo voluptate deleniti aperiam.', 0.00, 'p', 0.00, 0.00, 1080.00, 5.00, 0.00, 1080.00, '2024-10-01 04:31:17', '2024-10-01 04:31:17', 10, 1, 3, 1, 1),
(57, 'PO-0000057', '2024-10-01', '2024-10-01', 'Expedita distinctio ipsam ratione sit quam pariatur. Quisquam id quo eligendi enim ratione. Facilis qui sunt quia repellendus.', 0.00, 'p', 0.00, 0.00, 120.00, 5.00, 0.00, 120.00, '2024-10-01 04:31:17', '2024-10-01 04:31:17', 44, 1, 2, 1, 1),
(58, 'PO-0000058', '2024-10-01', '2024-10-01', 'Sapiente enim ea quidem non nemo dolorum. Nemo sit blanditiis distinctio voluptatem illum. Molestiae repudiandae aut nam.', 0.00, 'p', 0.00, 0.00, 840.00, 5.00, 0.00, 840.00, '2024-10-01 04:31:17', '2024-10-01 04:31:17', 48, 1, 3, 1, 1),
(59, 'PO-0000059', '2024-10-01', '2024-10-01', 'Quia nostrum id autem sint occaecati nisi animi. Repellendus qui at enim consectetur sit. Voluptas earum commodi reiciendis aut cum. Id nam ipsam placeat consequuntur.', 0.00, 'p', 0.00, 0.00, 480.00, 5.00, 0.00, 480.00, '2024-10-01 04:31:17', '2024-10-01 04:31:17', 22, 1, 2, 1, 1),
(60, 'PO-0000060', '2024-10-01', '2024-10-01', 'Doloribus quas voluptates quidem repudiandae dolorem officia ut eligendi. Soluta rem porro pariatur aut.', 0.00, 'p', 0.00, 0.00, 240.00, 5.00, 0.00, 240.00, '2024-10-01 04:31:17', '2024-10-01 04:31:17', 4, 1, 3, 1, 1),
(61, 'PO-0000061', '2024-10-01', '2024-10-01', 'Esse deleniti et maiores occaecati sed et. Sit tempore laboriosam maxime. Asperiores numquam voluptas porro quaerat molestiae ipsam.', 0.00, 'p', 0.00, 0.00, 720.00, 5.00, 0.00, 720.00, '2024-10-01 04:31:17', '2024-10-01 04:31:17', 29, 1, 2, 1, 1),
(62, 'PO-0000062', '2024-10-01', '2024-10-01', 'Explicabo sed animi officia aliquam libero iste. Dolorem tenetur voluptatem est perferendis aut. Omnis ut deserunt ut ipsam.', 0.00, 'p', 0.00, 0.00, 720.00, 5.00, 0.00, 720.00, '2024-10-01 04:31:17', '2024-10-01 04:31:17', 38, 1, 3, 1, 1),
(63, 'PO-0000063', '2024-10-01', '2024-10-01', 'Similique asperiores tempora mollitia. Non quam velit temporibus in. Dolore itaque sit aut fugiat voluptate.', 0.00, 'p', 0.00, 0.00, 480.00, 5.00, 0.00, 480.00, '2024-10-01 04:31:17', '2024-10-01 04:31:17', 17, 1, 1, 1, 1),
(64, 'PO-0000064', '2024-10-01', '2024-10-01', 'Non pariatur et quasi expedita repellendus at. Harum qui repudiandae esse voluptatum. Omnis sed ut cumque autem.', 0.00, 'p', 0.00, 0.00, 840.00, 5.00, 0.00, 840.00, '2024-10-01 04:31:17', '2024-10-01 04:31:17', 33, 1, 2, 1, 1),
(65, 'PO-0000065', '2024-10-01', '2024-10-01', 'Deserunt sunt magni iste possimus qui velit officia. Consequatur labore dolores et rem ea totam quo mollitia. Esse et et et aut incidunt esse.', 0.00, 'p', 0.00, 0.00, 240.00, 5.00, 0.00, 240.00, '2024-10-01 04:31:17', '2024-10-01 04:31:17', 31, 1, 3, 1, 1),
(66, 'PO-0000066', '2024-10-01', '2024-10-01', 'Quia veniam nihil perferendis fuga quod et officia. Voluptatem et autem sit quas ullam porro dolor. Aliquid doloremque ipsa reprehenderit.', 0.00, 'p', 0.00, 0.00, 480.00, 5.00, 0.00, 480.00, '2024-10-01 04:31:17', '2024-10-01 04:31:17', 22, 1, 2, 1, 1),
(67, 'PO-0000067', '2024-10-01', '2024-10-01', 'Incidunt nobis ea et corporis quasi doloribus. Asperiores libero alias pariatur natus. Ipsum consequatur eos minima libero magnam autem. Tempore nulla itaque culpa suscipit modi id.', 0.00, 'p', 0.00, 0.00, 120.00, 5.00, 0.00, 120.00, '2024-10-01 04:31:17', '2024-10-01 04:31:17', 49, 1, 1, 1, 1),
(68, 'PO-0000068', '2024-10-01', '2024-10-01', 'Et repellendus voluptatibus est fugiat et id quidem. Asperiores dolor eligendi qui autem ut voluptas. Neque eligendi quos saepe totam architecto soluta.', 0.00, 'p', 0.00, 0.00, 240.00, 5.00, 0.00, 240.00, '2024-10-01 04:31:17', '2024-10-01 04:31:17', 14, 1, 2, 1, 1),
(69, 'PO-0000069', '2024-10-01', '2024-10-01', 'Nulla consectetur quo molestias asperiores. Ut animi blanditiis consequatur omnis laudantium in. Rerum dolore quod eum odit quo atque tenetur adipisci.', 0.00, 'p', 0.00, 0.00, 1080.00, 5.00, 0.00, 1080.00, '2024-10-01 04:31:17', '2024-10-01 04:31:17', 5, 1, 2, 1, 1),
(70, 'PO-0000070', '2024-10-01', '2024-10-01', 'Magni praesentium vel nemo rerum. Et aut velit magnam rerum dolorum. Mollitia officiis quo et facere beatae cumque. Modi quis adipisci officiis quae.', 0.00, 'p', 0.00, 0.00, 240.00, 5.00, 0.00, 240.00, '2024-10-01 04:31:17', '2024-10-01 04:31:17', 1, 1, 2, 1, 1),
(71, 'PO-0000071', '2024-10-01', '2024-10-01', 'Nemo ea ex rerum cupiditate. Minima non aut molestiae blanditiis vero dolorum dolor. Cumque perspiciatis eos voluptates dolor et error quia. Vitae eos aut sit non ut asperiores neque.', 0.00, 'p', 0.00, 0.00, 1080.00, 5.00, 0.00, 1080.00, '2024-10-01 04:31:17', '2024-10-01 04:31:17', 15, 1, 3, 1, 1),
(72, 'PO-0000072', '2024-10-01', '2024-10-01', 'Aut non autem non est ut. Facere consequuntur molestiae dolores quam magnam quia delectus. Omnis quia porro blanditiis. Expedita maiores provident aliquid voluptatem quo dolorem consequatur.', 0.00, 'p', 0.00, 0.00, 1200.00, 5.00, 0.00, 1200.00, '2024-10-01 04:31:17', '2024-10-01 04:31:17', 35, 1, 3, 1, 1),
(73, 'PO-0000073', '2024-10-01', '2024-10-01', 'Tempore rem qui laudantium similique porro. Magnam omnis quia assumenda doloribus a repudiandae voluptatum. Voluptatem mollitia porro et velit sed. Impedit magnam aut pariatur dignissimos ab quis.', 0.00, 'p', 0.00, 0.00, 960.00, 5.00, 0.00, 960.00, '2024-10-01 04:31:17', '2024-10-01 04:31:17', 48, 1, 3, 1, 1),
(74, 'PO-0000074', '2024-10-01', '2024-10-01', 'Et et illo fugiat consectetur. Sit velit provident consectetur rerum quos saepe sint eaque. Omnis odio suscipit at.', 0.00, 'p', 0.00, 0.00, 120.00, 5.00, 0.00, 120.00, '2024-10-01 04:31:17', '2024-10-01 04:31:17', 15, 1, 1, 1, 1),
(75, 'PO-0000075', '2024-10-01', '2024-10-01', 'Exercitationem aut dolor nihil autem dicta doloribus fugit. Et architecto qui esse et nihil. Assumenda quod facilis ut at. Sunt cum cumque quia id odit est ducimus.', 0.00, 'p', 0.00, 0.00, 1080.00, 5.00, 0.00, 1080.00, '2024-10-01 04:31:17', '2024-10-01 04:31:17', 34, 1, 1, 1, 1),
(76, 'PO-0000076', '2024-10-01', '2024-10-01', 'Eligendi nisi voluptas voluptatem modi fuga dignissimos modi. Quis doloremque at veniam quia. Tenetur et quasi expedita autem id. Inventore eos ipsum architecto et ullam est.', 0.00, 'p', 0.00, 0.00, 120.00, 5.00, 0.00, 120.00, '2024-10-01 04:31:17', '2024-10-01 04:31:17', 25, 1, 3, 1, 1),
(77, 'PO-0000077', '2024-10-01', '2024-10-01', 'Aut et odit at veniam. Dolor magni in nam aut ducimus et laudantium. Voluptatem et quod suscipit voluptatibus totam id. Qui unde voluptatem aut rerum enim.', 0.00, 'p', 0.00, 0.00, 480.00, 5.00, 0.00, 480.00, '2024-10-01 04:31:17', '2024-10-01 04:31:17', 1, 1, 1, 1, 1),
(78, 'PO-0000078', '2024-10-01', '2024-10-01', 'Quo in sunt nemo quaerat architecto. Consequatur voluptas mollitia qui quam laudantium. Et id dolores nihil cum vel quisquam enim id. Sunt fuga doloremque porro.', 0.00, 'p', 0.00, 0.00, 840.00, 5.00, 0.00, 840.00, '2024-10-01 04:31:17', '2024-10-01 04:31:17', 5, 1, 2, 1, 1),
(79, 'PO-0000079', '2024-10-01', '2024-10-01', 'Quo quisquam optio est molestiae. Maiores nobis omnis beatae qui quos consectetur facilis reprehenderit.', 0.00, 'p', 0.00, 0.00, 960.00, 5.00, 0.00, 960.00, '2024-10-01 04:31:17', '2024-10-01 04:31:17', 38, 1, 1, 1, 1),
(80, 'PO-0000080', '2024-10-01', '2024-10-01', 'Facere quam sunt sunt tempore natus saepe. Voluptas voluptatibus deserunt veniam ratione. Aut quia nesciunt error excepturi. Impedit aut est odit alias sed.', 0.00, 'p', 0.00, 0.00, 1200.00, 5.00, 0.00, 1200.00, '2024-10-01 04:31:17', '2024-10-01 04:31:17', 41, 1, 3, 1, 1),
(81, 'PO-0000081', '2024-10-01', '2024-10-01', 'Aut voluptatem a aliquam dolores unde dolorem consequatur molestias. Esse quibusdam molestiae illo.', 0.00, 'p', 0.00, 0.00, 240.00, 5.00, 0.00, 240.00, '2024-10-01 04:31:17', '2024-10-01 04:31:17', 3, 1, 2, 1, 1),
(82, 'PO-0000082', '2024-10-01', '2024-10-01', 'Distinctio consectetur repudiandae ea modi quibusdam deleniti. Quisquam voluptates blanditiis pariatur corporis et. Quia vero eaque repellendus quo nemo quis.', 0.00, 'p', 0.00, 0.00, 720.00, 5.00, 0.00, 720.00, '2024-10-01 04:31:17', '2024-10-01 04:31:17', 1, 1, 1, 1, 1),
(83, 'PO-0000083', '2024-10-01', '2024-10-01', 'Commodi voluptatem assumenda tempora rerum cumque voluptatem et. Et dolores optio sunt quasi non earum. Recusandae maiores qui aut omnis ipsa adipisci.', 0.00, 'p', 0.00, 0.00, 240.00, 5.00, 0.00, 240.00, '2024-10-01 04:31:17', '2024-10-01 04:31:17', 12, 1, 3, 1, 1),
(84, 'PO-0000084', '2024-10-01', '2024-10-01', 'Laudantium facere tempora et. Quia unde deleniti voluptatem aut. Aut omnis nihil vel quis culpa quasi sunt expedita.', 0.00, 'p', 0.00, 0.00, 960.00, 5.00, 0.00, 960.00, '2024-10-01 04:31:17', '2024-10-01 04:31:17', 48, 1, 3, 1, 1),
(85, 'PO-0000085', '2024-10-01', '2024-10-01', 'Eum nemo aut totam. Ab qui id illum aut praesentium inventore rerum. Numquam aliquam blanditiis voluptatum eius. Occaecati corporis suscipit ea vel aut.', 0.00, 'p', 0.00, 0.00, 480.00, 5.00, 0.00, 480.00, '2024-10-01 04:31:17', '2024-10-01 04:31:17', 18, 1, 2, 1, 1),
(86, 'PO-0000086', '2024-10-01', '2024-10-01', 'Dolorem corporis laborum quaerat. Quas velit assumenda ducimus. Unde harum excepturi est expedita nesciunt culpa.', 0.00, 'p', 0.00, 0.00, 840.00, 5.00, 0.00, 840.00, '2024-10-01 04:31:17', '2024-10-01 04:31:17', 8, 1, 1, 1, 1),
(87, 'PO-0000087', '2024-10-01', '2024-10-01', 'Harum voluptatem placeat laborum dicta doloribus. Non voluptas accusamus autem nihil qui quia adipisci quidem. Quis laudantium soluta totam at. Officia sit qui quidem facere autem sapiente.', 0.00, 'p', 0.00, 0.00, 120.00, 5.00, 0.00, 120.00, '2024-10-01 04:31:17', '2024-10-01 04:31:17', 27, 1, 2, 1, 1),
(88, 'PO-0000088', '2024-10-01', '2024-10-01', 'Porro illo nihil veritatis vel aspernatur molestiae. Et dolore quibusdam eos qui. Voluptas a mollitia quia tempora dicta dicta odit.', 0.00, 'p', 0.00, 0.00, 240.00, 5.00, 0.00, 240.00, '2024-10-01 04:31:17', '2024-10-01 04:31:17', 18, 1, 3, 1, 1),
(89, 'PO-0000089', '2024-10-01', '2024-10-01', 'Assumenda at molestiae et asperiores explicabo dolorem quas. Ad recusandae et quis repellendus. Ab et inventore nihil nostrum earum et. Velit ab dolore iste.', 0.00, 'p', 0.00, 0.00, 120.00, 5.00, 0.00, 120.00, '2024-10-01 04:31:17', '2024-10-01 04:31:17', 19, 1, 1, 1, 1),
(90, 'PO-0000090', '2024-10-01', '2024-10-01', 'Et qui facilis veniam quasi. Repellendus et dolorum dolores ut et modi sit. Nihil sit voluptatem quo dicta odio quibusdam et. Ratione quis ut odio veritatis eos quia quia non.', 0.00, 'p', 0.00, 0.00, 720.00, 5.00, 0.00, 720.00, '2024-10-01 04:31:17', '2024-10-01 04:31:17', 39, 1, 1, 1, 1),
(91, 'PO-0000091', '2024-10-01', '2024-10-01', 'Delectus recusandae sint quod rem aperiam quo ut. Libero quia aut asperiores ullam dolor eveniet. Et ut consequuntur iste quis at cupiditate molestiae.', 0.00, 'p', 0.00, 0.00, 960.00, 5.00, 0.00, 960.00, '2024-10-01 04:31:17', '2024-10-01 04:31:17', 40, 1, 2, 1, 1),
(92, 'PO-0000092', '2024-10-01', '2024-10-01', 'Hic soluta doloribus voluptates ea nam odit. Voluptas quos quam quo debitis iure. Animi culpa sed dolor aut. Sit voluptatem iure et voluptatem quibusdam exercitationem eos.', 0.00, 'p', 0.00, 0.00, 480.00, 5.00, 0.00, 480.00, '2024-10-01 04:31:17', '2024-10-01 04:31:17', 1, 1, 1, 1, 1),
(93, 'PO-0000093', '2024-10-01', '2024-10-01', 'Voluptas eveniet officia molestiae reprehenderit atque minima. Officiis ullam aut commodi quisquam et. Odio ab sunt delectus neque.', 0.00, 'p', 0.00, 0.00, 720.00, 5.00, 0.00, 720.00, '2024-10-01 04:31:17', '2024-10-01 04:31:17', 15, 1, 3, 1, 1),
(94, 'PO-0000094', '2024-10-01', '2024-10-01', 'Dolorum fuga rerum omnis ab fugit est. Doloribus est asperiores accusantium. Libero et velit molestiae molestias neque omnis. Voluptas qui ut sunt et.', 0.00, 'p', 0.00, 0.00, 720.00, 5.00, 0.00, 720.00, '2024-10-01 04:31:17', '2024-10-01 04:31:18', 5, 1, 2, 1, 1),
(95, 'PO-0000095', '2024-10-01', '2024-10-01', 'Voluptatem optio officia fugiat quod ab voluptas. Qui ex et rerum. Eaque minima ipsa voluptatem sunt quis. Laborum et qui qui nulla ullam est molestiae magni. Odit quis aut eos.', 0.00, 'p', 0.00, 0.00, 120.00, 5.00, 0.00, 120.00, '2024-10-01 04:31:18', '2024-10-01 04:31:18', 29, 1, 2, 1, 1),
(96, 'PO-0000096', '2024-10-01', '2024-10-01', 'Architecto velit incidunt et quas. Temporibus eum assumenda et ea accusantium. Rerum officiis accusamus iste aut aut non consequatur eum.', 0.00, 'p', 0.00, 0.00, 360.00, 5.00, 0.00, 360.00, '2024-10-01 04:31:18', '2024-10-01 04:31:18', 40, 1, 1, 1, 1),
(97, 'PO-0000097', '2024-10-01', '2024-10-01', 'Aperiam quos aspernatur est quos. Reprehenderit qui aut alias consectetur. Quisquam quas nisi quasi asperiores et aut iste.', 0.00, 'p', 0.00, 0.00, 120.00, 5.00, 0.00, 120.00, '2024-10-01 04:31:18', '2024-10-01 04:31:18', 16, 1, 2, 1, 1),
(98, 'PO-0000098', '2024-10-01', '2024-10-01', 'Aut at quo dignissimos facilis doloribus molestiae iste. Consequatur rem consequuntur suscipit non. Iste exercitationem qui ea laborum reiciendis.', 0.00, 'p', 0.00, 0.00, 120.00, 5.00, 0.00, 120.00, '2024-10-01 04:31:18', '2024-10-01 04:31:18', 24, 1, 2, 1, 1),
(99, 'PO-0000099', '2024-10-01', '2024-10-01', 'Est quos quisquam et ipsum iure reiciendis quis. Ut et aperiam fuga repudiandae. Et error rem voluptatem fuga doloribus.', 0.00, 'p', 0.00, 0.00, 1080.00, 5.00, 0.00, 1080.00, '2024-10-01 04:31:18', '2024-10-01 04:31:18', 49, 1, 1, 1, 1),
(100, 'PO-0000100', '2024-10-01', '2024-10-01', 'Porro animi rerum impedit est eveniet. Accusantium ducimus totam est explicabo voluptatem. In eos minima magnam adipisci earum iste in.', 0.00, 'p', 0.00, 0.00, 120.00, 5.00, 0.00, 120.00, '2024-10-01 04:31:18', '2024-10-01 04:31:18', 10, 1, 1, 1, 1);

-- 
-- Dumping data for table purchase_invoice_items
--
INSERT INTO purchase_invoice_items VALUES
(1, 'asperiores', 'Delectus ipsam commodi ut ipsa repellendus officia laudantium est. Omnis rerum at sed accusantium tempora. Quidem facere deserunt aut eveniet. Impedit laudantium dolorem nisi non sed modi.', 120.00, 3.00, 360.00, '2024-10-01 04:31:18', '2024-10-01 04:31:18', 49, 1, 1),
(2, 'autem', 'Id dignissimos nisi sit. Repudiandae harum veniam nulla. Pariatur placeat ullam magnam est error aut sit. Dolorum eaque sequi qui magnam repellat.', 120.00, 8.00, 960.00, '2024-10-01 04:31:18', '2024-10-01 04:31:18', 6, 1, 2),
(3, 'eligendi', 'Iusto aut in omnis tempore aut. Molestiae aut illum est inventore similique inventore. Veniam fugiat eaque amet dolorem officiis consequatur non. Autem laudantium qui eaque consectetur consequuntur.', 120.00, 8.00, 960.00, '2024-10-01 04:31:18', '2024-10-01 04:31:18', 22, 1, 3),
(4, 'nihil', 'Fugit eaque repellendus libero possimus possimus. Aperiam sint ut quibusdam perspiciatis consectetur. Amet est odit blanditiis dignissimos repellendus.', 120.00, 1.00, 120.00, '2024-10-01 04:31:18', '2024-10-01 04:31:18', 87, 1, 4),
(5, 'consequatur', 'Quis nostrum maxime quia temporibus ut sint itaque. Odit est ut quia blanditiis. Voluptas quia quidem voluptatum consequatur. Distinctio fuga est recusandae nihil.', 120.00, 2.00, 240.00, '2024-10-01 04:31:18', '2024-10-01 04:31:18', 23, 1, 5),
(6, 'voluptatum', 'Nesciunt enim eos voluptas quia tenetur voluptatum qui. Ab error facere quis alias omnis sit. Quis nesciunt ratione labore ut voluptas qui.', 120.00, 9.00, 1080.00, '2024-10-01 04:31:18', '2024-10-01 04:31:18', 57, 1, 6),
(7, 'tenetur', 'Aut voluptas facilis non fuga sunt natus atque. Et qui accusamus et ea dolorem et. Unde maiores velit id dignissimos et.', 120.00, 8.00, 960.00, '2024-10-01 04:31:18', '2024-10-01 04:31:18', 11, 1, 7),
(8, 'voluptatum', 'Nesciunt enim eos voluptas quia tenetur voluptatum qui. Ab error facere quis alias omnis sit. Quis nesciunt ratione labore ut voluptas qui.', 120.00, 7.00, 840.00, '2024-10-01 04:31:18', '2024-10-01 04:31:18', 57, 1, 8),
(9, 'eligendi', 'Iusto aut in omnis tempore aut. Molestiae aut illum est inventore similique inventore. Veniam fugiat eaque amet dolorem officiis consequatur non. Autem laudantium qui eaque consectetur consequuntur.', 120.00, 4.00, 480.00, '2024-10-01 04:31:18', '2024-10-01 04:31:18', 22, 1, 9),
(10, 'molestiae', 'In recusandae et voluptate nostrum. Iusto sit dignissimos eos suscipit velit cumque. Ullam et et maxime occaecati. Quo rem adipisci autem qui.', 120.00, 9.00, 1080.00, '2024-10-01 04:31:18', '2024-10-01 04:31:18', 98, 1, 10),
(11, 'voluptatum', 'Nesciunt enim eos voluptas quia tenetur voluptatum qui. Ab error facere quis alias omnis sit. Quis nesciunt ratione labore ut voluptas qui.', 120.00, 1.00, 120.00, '2024-10-01 04:31:18', '2024-10-01 04:31:18', 57, 1, 11),
(12, 'quibusdam', 'Velit minus possimus enim minima. Quae expedita sunt ea ab ipsum. Quia quibusdam eos ab quas. Sed itaque deleniti impedit.', 120.00, 3.00, 360.00, '2024-10-01 04:31:18', '2024-10-01 04:31:18', 70, 1, 12),
(13, 'facere', 'Excepturi fugit in tempora autem ab similique. Ipsa maxime ipsam ut deleniti ad. Minima esse quia voluptatem qui dolores.', 120.00, 5.00, 600.00, '2024-10-01 04:31:18', '2024-10-01 04:31:18', 12, 1, 13),
(14, 'inventore', 'Quae error maiores aut minus perspiciatis id tempora. Beatae mollitia non nemo. Veritatis enim repudiandae odio amet. Iure nam quam id pariatur.', 120.00, 3.00, 360.00, '2024-10-01 04:31:18', '2024-10-01 04:31:18', 55, 1, 14),
(15, 'cumque', 'Odio sapiente aut expedita cum. Vel earum quia eum est qui sint velit. Quaerat iure ullam est repellendus. Sed voluptatum dolorem eveniet aspernatur.', 120.00, 1.00, 120.00, '2024-10-01 04:31:18', '2024-10-01 04:31:18', 40, 1, 15),
(16, 'eligendi', 'Iusto aut in omnis tempore aut. Molestiae aut illum est inventore similique inventore. Veniam fugiat eaque amet dolorem officiis consequatur non. Autem laudantium qui eaque consectetur consequuntur.', 120.00, 6.00, 720.00, '2024-10-01 04:31:18', '2024-10-01 04:31:18', 22, 1, 16),
(17, 'aut', 'Rem cupiditate dolores eos quidem. Debitis laudantium aspernatur minus officia omnis sed. Qui nemo non molestiae totam.', 120.00, 9.00, 1080.00, '2024-10-01 04:31:18', '2024-10-01 04:31:18', 29, 1, 17),
(18, 'cumque', 'Odio sapiente aut expedita cum. Vel earum quia eum est qui sint velit. Quaerat iure ullam est repellendus. Sed voluptatum dolorem eveniet aspernatur.', 120.00, 8.00, 960.00, '2024-10-01 04:31:18', '2024-10-01 04:31:18', 40, 1, 18),
(19, 'voluptas', 'Soluta sed eos inventore. Magnam accusantium necessitatibus laborum adipisci. Alias fugiat rerum blanditiis perspiciatis.', 120.00, 10.00, 1200.00, '2024-10-01 04:31:18', '2024-10-01 04:31:18', 60, 1, 19),
(20, 'cumque', 'Odio sapiente aut expedita cum. Vel earum quia eum est qui sint velit. Quaerat iure ullam est repellendus. Sed voluptatum dolorem eveniet aspernatur.', 120.00, 1.00, 120.00, '2024-10-01 04:31:18', '2024-10-01 04:31:18', 40, 1, 20),
(21, 'quaerat', 'At dolor et ipsam sed molestiae incidunt. Vero repellat perspiciatis qui reiciendis aut. Perferendis harum atque eum ab in.', 120.00, 8.00, 960.00, '2024-10-01 04:31:18', '2024-10-01 04:31:18', 50, 1, 21),
(22, 'tempora', 'Quo officia deleniti impedit incidunt et et et. Tempore ipsum expedita voluptatem qui voluptatem eum ut. Et aperiam ipsam fuga fugit. Maiores animi sit atque dolorem.', 120.00, 6.00, 720.00, '2024-10-01 04:31:18', '2024-10-01 04:31:18', 53, 1, 22),
(23, 'aliquid', 'Libero culpa deserunt error aut blanditiis eum inventore voluptatem. Quae et et enim aspernatur voluptatibus ab saepe. Labore excepturi sit omnis molestiae amet.', 120.00, 1.00, 120.00, '2024-10-01 04:31:18', '2024-10-01 04:31:18', 68, 1, 23),
(24, 'maiores', 'Alias unde vitae sed est dolores. Minima et commodi maiores omnis. Recusandae quam magni ipsam dolorum nam. Qui et tempora rerum illum dolorem.', 120.00, 2.00, 240.00, '2024-10-01 04:31:18', '2024-10-01 04:31:18', 46, 1, 24),
(25, 'quidem', 'Officia illum tempora tenetur quo. Odio modi labore vel maxime. Ab ex sunt omnis voluptatibus autem quis reprehenderit tempora. Nam consequatur voluptas aliquid.', 120.00, 4.00, 480.00, '2024-10-01 04:31:18', '2024-10-01 04:31:18', 74, 1, 25),
(26, 'neque', 'Quaerat at quae incidunt consequatur temporibus quis. Et omnis velit omnis necessitatibus. Voluptatem autem magnam officia ea voluptatem et. Ipsa ratione eos ad quis.', 120.00, 3.00, 360.00, '2024-10-01 04:31:18', '2024-10-01 04:31:18', 72, 1, 26),
(27, 'delectus', 'Rerum repellat quis at. Vero maiores enim at. Beatae consequuntur nihil dolorem officia omnis a dolorem alias. Vel odit minus neque provident rerum.', 120.00, 10.00, 1200.00, '2024-10-01 04:31:18', '2024-10-01 04:31:18', 30, 1, 27),
(28, 'nam', 'Consequatur nihil aspernatur iusto minima asperiores officia. Voluptatem est adipisci fuga qui voluptas nihil ut iste. Esse est voluptas asperiores et sunt sed qui.', 120.00, 4.00, 480.00, '2024-10-01 04:31:18', '2024-10-01 04:31:18', 99, 1, 28),
(29, 'tempora', 'Quo officia deleniti impedit incidunt et et et. Tempore ipsum expedita voluptatem qui voluptatem eum ut. Et aperiam ipsam fuga fugit. Maiores animi sit atque dolorem.', 120.00, 7.00, 840.00, '2024-10-01 04:31:18', '2024-10-01 04:31:18', 53, 1, 29),
(30, 'optio', 'Doloribus corporis pariatur officia quam esse. Aspernatur fuga repudiandae voluptate nemo. Consequuntur sed repudiandae perferendis voluptatum sunt ducimus.', 120.00, 4.00, 480.00, '2024-10-01 04:31:18', '2024-10-01 04:31:18', 82, 1, 30),
(31, 'mollitia', 'Blanditiis consequatur cupiditate aliquam nemo. Autem harum dolorum eveniet ut ea qui sed.', 120.00, 7.00, 840.00, '2024-10-01 04:31:18', '2024-10-01 04:31:18', 7, 1, 31),
(32, 'doloribus', 'Sit saepe neque molestiae dicta a. Numquam blanditiis ratione recusandae tempore ipsam. Ut qui pariatur deleniti tempore rerum delectus qui.', 120.00, 9.00, 1080.00, '2024-10-01 04:31:18', '2024-10-01 04:31:18', 62, 1, 32),
(33, 'tenetur', 'Aut voluptas facilis non fuga sunt natus atque. Et qui accusamus et ea dolorem et. Unde maiores velit id dignissimos et.', 120.00, 8.00, 960.00, '2024-10-01 04:31:18', '2024-10-01 04:31:18', 11, 1, 33),
(34, 'iusto', 'Voluptatem asperiores esse unde sint. Cupiditate neque quam quia non autem magni. Repudiandae deserunt et inventore eum facere facilis. Delectus molestiae omnis est vitae voluptatem.', 120.00, 9.00, 1080.00, '2024-10-01 04:31:18', '2024-10-01 04:31:18', 16, 1, 34),
(35, 'repellat', 'Repudiandae velit beatae deserunt a. Est sed similique voluptates suscipit quo. Qui velit qui ratione. Nulla et vero eos optio ipsa rerum sunt.', 120.00, 1.00, 120.00, '2024-10-01 04:31:18', '2024-10-01 04:31:18', 94, 1, 35),
(36, 'nam', 'Consequatur nihil aspernatur iusto minima asperiores officia. Voluptatem est adipisci fuga qui voluptas nihil ut iste. Esse est voluptas asperiores et sunt sed qui.', 120.00, 4.00, 480.00, '2024-10-01 04:31:18', '2024-10-01 04:31:18', 99, 1, 36),
(37, 'dolorum', 'Ut expedita sed laboriosam officiis unde accusantium. Nulla ipsam aut doloremque minus placeat laboriosam. Nemo magnam cumque quia. Expedita ut enim a excepturi.', 120.00, 1.00, 120.00, '2024-10-01 04:31:18', '2024-10-01 04:31:18', 58, 1, 37),
(38, 'pariatur', 'Voluptatum et quidem enim provident. Aut dolorem numquam quo quis fugiat illum error. Ullam exercitationem aut corrupti.', 120.00, 7.00, 840.00, '2024-10-01 04:31:18', '2024-10-01 04:31:18', 17, 1, 38),
(39, 'accusamus', 'Ex a exercitationem tempora odit. Quam eveniet aut qui iste animi ipsam. Tempora dolorem placeat eligendi accusamus velit voluptate. Officiis sed et et.', 120.00, 1.00, 120.00, '2024-10-01 04:31:18', '2024-10-01 04:31:18', 86, 1, 39),
(40, 'eos', 'Doloribus magni quidem ut. Occaecati doloremque et qui soluta. Aspernatur non hic nesciunt tempora reiciendis ipsam praesentium voluptas.', 120.00, 1.00, 120.00, '2024-10-01 04:31:18', '2024-10-01 04:31:18', 38, 1, 40),
(41, 'eligendi', 'Iusto aut in omnis tempore aut. Molestiae aut illum est inventore similique inventore. Veniam fugiat eaque amet dolorem officiis consequatur non. Autem laudantium qui eaque consectetur consequuntur.', 120.00, 6.00, 720.00, '2024-10-01 04:31:18', '2024-10-01 04:31:18', 22, 1, 41),
(42, 'dolor', 'Vel ullam dolore explicabo non. Architecto error temporibus sed inventore ullam rem cum. Voluptatem illo consequuntur eum. Ut voluptas reiciendis reprehenderit.', 120.00, 3.00, 360.00, '2024-10-01 04:31:18', '2024-10-01 04:31:18', 8, 1, 42),
(43, 'facere', 'Excepturi fugit in tempora autem ab similique. Ipsa maxime ipsam ut deleniti ad. Minima esse quia voluptatem qui dolores.', 120.00, 3.00, 360.00, '2024-10-01 04:31:18', '2024-10-01 04:31:18', 12, 1, 43),
(44, 'praesentium', 'Voluptatum voluptates optio consectetur facere debitis vero. Est ut earum omnis vitae. Tempora numquam facilis omnis mollitia quasi. Nulla rerum explicabo consequatur aut atque cum ea nisi.', 120.00, 1.00, 120.00, '2024-10-01 04:31:18', '2024-10-01 04:31:18', 32, 1, 44),
(45, 'eum', 'Eveniet et enim eum eos. Iste non totam ut saepe corrupti aut voluptatibus ut. Molestiae deserunt doloribus nisi ab soluta eum non minima. Magni quibusdam placeat voluptatem eaque.', 120.00, 5.00, 600.00, '2024-10-01 04:31:18', '2024-10-01 04:31:18', 42, 1, 45),
(46, 'asperiores', 'Delectus ipsam commodi ut ipsa repellendus officia laudantium est. Omnis rerum at sed accusantium tempora. Quidem facere deserunt aut eveniet. Impedit laudantium dolorem nisi non sed modi.', 120.00, 1.00, 120.00, '2024-10-01 04:31:18', '2024-10-01 04:31:18', 49, 1, 46),
(47, 'assumenda', 'Aut minus eius quis et enim. Reiciendis facilis qui et harum consectetur dignissimos ut dolor. Qui explicabo nulla architecto consequatur.', 120.00, 7.00, 840.00, '2024-10-01 04:31:18', '2024-10-01 04:31:18', 71, 1, 47),
(48, 'dicta', 'Vero ratione expedita ratione expedita illo. Sunt laudantium doloremque autem consequatur soluta sit aut.', 120.00, 2.00, 240.00, '2024-10-01 04:31:18', '2024-10-01 04:31:18', 89, 1, 48),
(49, 'asperiores', 'Delectus ipsam commodi ut ipsa repellendus officia laudantium est. Omnis rerum at sed accusantium tempora. Quidem facere deserunt aut eveniet. Impedit laudantium dolorem nisi non sed modi.', 120.00, 1.00, 120.00, '2024-10-01 04:31:18', '2024-10-01 04:31:18', 49, 1, 49),
(50, 'voluptatum', 'Nesciunt enim eos voluptas quia tenetur voluptatum qui. Ab error facere quis alias omnis sit. Quis nesciunt ratione labore ut voluptas qui.', 120.00, 4.00, 480.00, '2024-10-01 04:31:18', '2024-10-01 04:31:18', 57, 1, 50),
(51, 'delectus', 'Rerum repellat quis at. Vero maiores enim at. Beatae consequuntur nihil dolorem officia omnis a dolorem alias. Vel odit minus neque provident rerum.', 120.00, 1.00, 120.00, '2024-10-01 04:31:18', '2024-10-01 04:31:18', 30, 1, 51),
(52, 'deleniti', 'Perspiciatis nisi veritatis sit blanditiis. Repellat praesentium occaecati delectus quasi atque. Vel id quis nostrum iste ipsam ut pariatur. Quasi nobis id mollitia quas.', 120.00, 6.00, 720.00, '2024-10-01 04:31:18', '2024-10-01 04:31:18', 26, 1, 52),
(53, 'rem', 'Minus amet fuga optio. Quod quo necessitatibus esse et qui. Laboriosam facilis consequatur praesentium fuga quo est.', 120.00, 2.00, 240.00, '2024-10-01 04:31:18', '2024-10-01 04:31:18', 48, 1, 53),
(54, 'et', 'Quia fugiat impedit voluptates sapiente velit perspiciatis. Recusandae vitae et quisquam et rerum est. Magni occaecati cumque est rem itaque magnam.', 120.00, 3.00, 360.00, '2024-10-01 04:31:18', '2024-10-01 04:31:18', 9, 1, 54),
(55, 'illum', 'Aut dignissimos suscipit rem voluptatem officiis sed. Illo dolor impedit quia et error nesciunt. In et velit occaecati sunt eum accusamus quia corporis.', 120.00, 1.00, 120.00, '2024-10-01 04:31:18', '2024-10-01 04:31:18', 78, 1, 55),
(56, 'culpa', 'Odio temporibus illo recusandae. Autem rem quo aliquid fuga numquam a. Occaecati dolorem incidunt odio ea.', 120.00, 7.00, 840.00, '2024-10-01 04:31:18', '2024-10-01 04:31:18', 69, 1, 56),
(57, 'perspiciatis', 'Debitis fuga molestiae qui voluptatem qui. Eos autem corporis excepturi et asperiores recusandae ex. Ab minus excepturi similique sunt ut.', 120.00, 2.00, 240.00, '2024-10-01 04:31:18', '2024-10-01 04:31:18', 61, 1, 57),
(58, 'sequi', 'Molestiae placeat vel sequi quis. Voluptas delectus et facere ducimus dolores. Hic deserunt aut sunt omnis. Vel omnis voluptatem ut quos itaque fugit voluptatem.', 120.00, 9.00, 1080.00, '2024-10-01 04:31:18', '2024-10-01 04:31:18', 47, 1, 58),
(59, 'ducimus', 'Voluptates quis recusandae eum asperiores voluptatem. Ut excepturi et rerum. Quod odit vel rerum dolore sit ea. In et quidem natus.', 120.00, 8.00, 960.00, '2024-10-01 04:31:18', '2024-10-01 04:31:18', 15, 1, 59),
(60, 'delectus', 'Rerum repellat quis at. Vero maiores enim at. Beatae consequuntur nihil dolorem officia omnis a dolorem alias. Vel odit minus neque provident rerum.', 120.00, 5.00, 600.00, '2024-10-01 04:31:18', '2024-10-01 04:31:18', 30, 1, 60),
(61, 'aliquid', 'Libero culpa deserunt error aut blanditiis eum inventore voluptatem. Quae et et enim aspernatur voluptatibus ab saepe. Labore excepturi sit omnis molestiae amet.', 120.00, 7.00, 840.00, '2024-10-01 04:31:18', '2024-10-01 04:31:18', 68, 1, 61),
(62, 'unde', 'Hic magni animi distinctio. Dolor provident corporis consequatur sequi laboriosam non magni nam. Quis sit quasi mollitia magni ut. Odio incidunt quas est facilis.', 120.00, 4.00, 480.00, '2024-10-01 04:31:18', '2024-10-01 04:31:18', 84, 1, 62),
(63, 'animi', 'Amet omnis tenetur aut in exercitationem. Quos impedit ipsum fugiat culpa.', 120.00, 10.00, 1200.00, '2024-10-01 04:31:18', '2024-10-01 04:31:18', 95, 1, 63),
(64, 'ducimus', 'Voluptates quis recusandae eum asperiores voluptatem. Ut excepturi et rerum. Quod odit vel rerum dolore sit ea. In et quidem natus.', 120.00, 3.00, 360.00, '2024-10-01 04:31:18', '2024-10-01 04:31:18', 15, 1, 64),
(65, 'eveniet', 'Saepe quod et illo. Sit quis error laboriosam aperiam ut. Maiores facere veniam quasi tenetur voluptatem voluptas. Nulla est rerum veritatis.', 120.00, 4.00, 480.00, '2024-10-01 04:31:18', '2024-10-01 04:31:18', 13, 1, 65),
(66, 'qui', 'Provident aut sint optio. Et qui ut tempore quo facere sed minus debitis. Rerum asperiores perspiciatis minus voluptate.', 120.00, 3.00, 360.00, '2024-10-01 04:31:18', '2024-10-01 04:31:18', 44, 1, 66),
(67, 'delectus', 'Rerum repellat quis at. Vero maiores enim at. Beatae consequuntur nihil dolorem officia omnis a dolorem alias. Vel odit minus neque provident rerum.', 120.00, 4.00, 480.00, '2024-10-01 04:31:18', '2024-10-01 04:31:18', 30, 1, 67),
(68, 'pariatur', 'Voluptatum et quidem enim provident. Aut dolorem numquam quo quis fugiat illum error. Ullam exercitationem aut corrupti.', 120.00, 8.00, 960.00, '2024-10-01 04:31:18', '2024-10-01 04:31:18', 17, 1, 68),
(69, 'molestiae', 'In recusandae et voluptate nostrum. Iusto sit dignissimos eos suscipit velit cumque. Ullam et et maxime occaecati. Quo rem adipisci autem qui.', 120.00, 4.00, 480.00, '2024-10-01 04:31:18', '2024-10-01 04:31:18', 98, 1, 69),
(70, 'rem', 'Minus amet fuga optio. Quod quo necessitatibus esse et qui. Laboriosam facilis consequatur praesentium fuga quo est.', 120.00, 8.00, 960.00, '2024-10-01 04:31:18', '2024-10-01 04:31:18', 48, 1, 70),
(71, 'voluptas', 'Soluta sed eos inventore. Magnam accusantium necessitatibus laborum adipisci. Alias fugiat rerum blanditiis perspiciatis.', 120.00, 6.00, 720.00, '2024-10-01 04:31:18', '2024-10-01 04:31:18', 60, 1, 71),
(72, 'animi', 'Amet omnis tenetur aut in exercitationem. Quos impedit ipsum fugiat culpa.', 120.00, 1.00, 120.00, '2024-10-01 04:31:18', '2024-10-01 04:31:18', 95, 1, 72),
(73, 'nam', 'Consequatur nihil aspernatur iusto minima asperiores officia. Voluptatem est adipisci fuga qui voluptas nihil ut iste. Esse est voluptas asperiores et sunt sed qui.', 120.00, 2.00, 240.00, '2024-10-01 04:31:18', '2024-10-01 04:31:18', 99, 1, 73),
(74, 'doloribus', 'Sit saepe neque molestiae dicta a. Numquam blanditiis ratione recusandae tempore ipsam. Ut qui pariatur deleniti tempore rerum delectus qui.', 120.00, 7.00, 840.00, '2024-10-01 04:31:18', '2024-10-01 04:31:18', 62, 1, 74),
(75, 'architecto', 'Laudantium ratione quibusdam voluptatem voluptate omnis. Unde quis voluptatem enim et et distinctio distinctio. Iure a placeat recusandae.', 120.00, 2.00, 240.00, '2024-10-01 04:31:18', '2024-10-01 04:31:18', 96, 1, 75),
(76, 'animi', 'Amet omnis tenetur aut in exercitationem. Quos impedit ipsum fugiat culpa.', 120.00, 5.00, 600.00, '2024-10-01 04:31:18', '2024-10-01 04:31:18', 95, 1, 76),
(77, 'perspiciatis', 'Debitis fuga molestiae qui voluptatem qui. Eos autem corporis excepturi et asperiores recusandae ex. Ab minus excepturi similique sunt ut.', 120.00, 9.00, 1080.00, '2024-10-01 04:31:18', '2024-10-01 04:31:18', 61, 1, 77),
(78, 'sunt', 'Deserunt voluptatem et excepturi qui ut. Non consequatur iste nam consequatur. Possimus ut laboriosam aliquam distinctio et voluptate officia. Voluptatem quia ipsam vel nam.', 120.00, 5.00, 600.00, '2024-10-01 04:31:18', '2024-10-01 04:31:18', 36, 1, 78),
(79, 'quaerat', 'At dolor et ipsam sed molestiae incidunt. Vero repellat perspiciatis qui reiciendis aut. Perferendis harum atque eum ab in.', 120.00, 9.00, 1080.00, '2024-10-01 04:31:18', '2024-10-01 04:31:18', 50, 1, 79),
(80, 'aliquam', 'Sed explicabo culpa consequatur non. Et aut quis ipsam laboriosam minus. Eveniet molestiae eos voluptatem sint et optio enim. Deserunt hic magni quaerat sit ut vel.', 120.00, 3.00, 360.00, '2024-10-01 04:31:18', '2024-10-01 04:31:18', 59, 1, 80),
(81, 'corporis', 'Natus provident numquam alias facere magnam et sed. Officiis nihil maxime velit quia. Tenetur vero quas et. Animi corporis voluptas accusamus natus ratione. Recusandae dolores dolorem ut.', 120.00, 8.00, 960.00, '2024-10-01 04:31:18', '2024-10-01 04:31:18', 93, 1, 81),
(82, 'iusto', 'Voluptatem asperiores esse unde sint. Cupiditate neque quam quia non autem magni. Repudiandae deserunt et inventore eum facere facilis. Delectus molestiae omnis est vitae voluptatem.', 120.00, 7.00, 840.00, '2024-10-01 04:31:18', '2024-10-01 04:31:18', 16, 1, 82),
(83, 'architecto', 'Laudantium ratione quibusdam voluptatem voluptate omnis. Unde quis voluptatem enim et et distinctio distinctio. Iure a placeat recusandae.', 120.00, 2.00, 240.00, '2024-10-01 04:31:18', '2024-10-01 04:31:18', 96, 1, 83),
(84, 'quisquam', 'Sunt minima sunt sed quae in corporis. Quia omnis sunt voluptatum porro. Soluta iure molestiae dolor debitis.', 120.00, 4.00, 480.00, '2024-10-01 04:31:18', '2024-10-01 04:31:18', 33, 1, 84),
(85, 'quibusdam', 'Velit minus possimus enim minima. Quae expedita sunt ea ab ipsum. Quia quibusdam eos ab quas. Sed itaque deleniti impedit.', 120.00, 9.00, 1080.00, '2024-10-01 04:31:18', '2024-10-01 04:31:18', 70, 1, 85),
(86, 'rem', 'Minus amet fuga optio. Quod quo necessitatibus esse et qui. Laboriosam facilis consequatur praesentium fuga quo est.', 120.00, 7.00, 840.00, '2024-10-01 04:31:18', '2024-10-01 04:31:18', 48, 1, 86),
(87, 'voluptatem', 'Est et incidunt repellendus qui reprehenderit consectetur. Quos voluptates placeat repellendus omnis laudantium. Hic enim necessitatibus accusamus impedit minus qui quos.', 120.00, 7.00, 840.00, '2024-10-01 04:31:18', '2024-10-01 04:31:18', 1, 1, 87),
(88, 'animi', 'Amet omnis tenetur aut in exercitationem. Quos impedit ipsum fugiat culpa.', 120.00, 9.00, 1080.00, '2024-10-01 04:31:18', '2024-10-01 04:31:18', 95, 1, 88),
(89, 'perspiciatis', 'Debitis fuga molestiae qui voluptatem qui. Eos autem corporis excepturi et asperiores recusandae ex. Ab minus excepturi similique sunt ut.', 120.00, 10.00, 1200.00, '2024-10-01 04:31:18', '2024-10-01 04:31:18', 61, 1, 89),
(90, 'vero', 'Totam necessitatibus molestiae porro consequatur atque. Sunt enim harum incidunt. Eligendi et commodi dolorem quasi officia. Maxime veritatis dolor vitae vel.', 120.00, 10.00, 1200.00, '2024-10-01 04:31:18', '2024-10-01 04:31:18', 97, 1, 90),
(91, 'quisquam', 'Sunt minima sunt sed quae in corporis. Quia omnis sunt voluptatum porro. Soluta iure molestiae dolor debitis.', 120.00, 6.00, 720.00, '2024-10-01 04:31:18', '2024-10-01 04:31:18', 33, 1, 91),
(92, 'dolorum', 'Ut expedita sed laboriosam officiis unde accusantium. Nulla ipsam aut doloremque minus placeat laboriosam. Nemo magnam cumque quia. Expedita ut enim a excepturi.', 120.00, 4.00, 480.00, '2024-10-01 04:31:18', '2024-10-01 04:31:18', 58, 1, 92),
(93, 'iusto', 'Voluptatem asperiores esse unde sint. Cupiditate neque quam quia non autem magni. Repudiandae deserunt et inventore eum facere facilis. Delectus molestiae omnis est vitae voluptatem.', 120.00, 3.00, 360.00, '2024-10-01 04:31:18', '2024-10-01 04:31:18', 16, 1, 93),
(94, 'inventore', 'Quae error maiores aut minus perspiciatis id tempora. Beatae mollitia non nemo. Veritatis enim repudiandae odio amet. Iure nam quam id pariatur.', 120.00, 10.00, 1200.00, '2024-10-01 04:31:18', '2024-10-01 04:31:18', 55, 1, 94),
(95, 'praesentium', 'Voluptatum voluptates optio consectetur facere debitis vero. Est ut earum omnis vitae. Tempora numquam facilis omnis mollitia quasi. Nulla rerum explicabo consequatur aut atque cum ea nisi.', 120.00, 1.00, 120.00, '2024-10-01 04:31:18', '2024-10-01 04:31:18', 32, 1, 95),
(96, 'quaerat', 'At dolor et ipsam sed molestiae incidunt. Vero repellat perspiciatis qui reiciendis aut. Perferendis harum atque eum ab in.', 120.00, 7.00, 840.00, '2024-10-01 04:31:18', '2024-10-01 04:31:18', 50, 1, 96),
(97, 'quos', 'Est adipisci nostrum laudantium quis tempore sint. Provident et omnis ducimus cupiditate. Dolorem neque in saepe cumque et.', 120.00, 4.00, 480.00, '2024-10-01 04:31:18', '2024-10-01 04:31:18', 64, 1, 97),
(98, 'maxime', 'Nesciunt voluptatum ipsam aut eos qui et sapiente. Odio aliquid error quidem. Aliquid commodi nostrum praesentium nesciunt quo.', 120.00, 4.00, 480.00, '2024-10-01 04:31:19', '2024-10-01 04:31:19', 14, 1, 98),
(99, 'quisquam', 'Sunt minima sunt sed quae in corporis. Quia omnis sunt voluptatum porro. Soluta iure molestiae dolor debitis.', 120.00, 9.00, 1080.00, '2024-10-01 04:31:19', '2024-10-01 04:31:19', 33, 1, 99),
(100, 'aliquam', 'Sed explicabo culpa consequatur non. Et aut quis ipsam laboriosam minus. Eveniet molestiae eos voluptatem sint et optio enim. Deserunt hic magni quaerat sit ut vel.', 120.00, 6.00, 720.00, '2024-10-01 04:31:19', '2024-10-01 04:31:19', 59, 1, 100);

-- 
-- Dumping data for table purchase_invoices
--
INSERT INTO purchase_invoices VALUES
(1, 'PI-0000001', '2024-10-01', '2024-10-01', 'Ut voluptate repellat aliquam facere et voluptates nostrum reiciendis. Occaecati dicta eligendi ut. Aperiam debitis nulla sit. Autem est dolor tenetur enim illum ab.', 'p', 'Minus nostrum vel ab et laboriosam odit harum. Ullam ab ut possimus omnis sed iure nemo. Nostrum voluptatem eligendi molestiae quam aut. Alias autem dolores est.', 360.00, 0.00, 5.00, 360.00, '2024-10-01 04:31:18', '2024-10-01 04:31:18', 98, 6, 1),
(2, 'PI-0000002', '2024-10-01', '2024-10-01', 'Expedita saepe error dolor animi magnam. Mollitia facere id ut omnis similique. Tenetur doloribus adipisci aut.', 'p', 'Ab et et laboriosam quo consequatur sint dolor doloribus. Et et voluptas omnis accusantium pariatur occaecati. Minus qui quaerat cumque non est error. Sit saepe non molestias unde nihil.', 960.00, 0.00, 5.00, 960.00, '2024-10-01 04:31:18', '2024-10-01 04:31:18', 97, 29, 1),
(3, 'PI-0000003', '2024-10-01', '2024-10-01', 'Fuga fuga voluptas deleniti voluptatem enim. Similique id ea voluptatem voluptatem. Aperiam excepturi magnam repellat sint ea vitae ea eos. Exercitationem vero eum dolore et.', 'p', 'Ipsam laborum fugit et dolor velit officia. Saepe eos nam quo quae ea. Quod ut ipsum porro.', 960.00, 0.00, 5.00, 960.00, '2024-10-01 04:31:18', '2024-10-01 04:31:18', 11, 46, 1),
(4, 'PI-0000004', '2024-10-01', '2024-10-01', 'Cupiditate deleniti aut qui ut. Quam beatae reprehenderit iusto eius libero voluptate. Veniam sint officiis magnam officiis nihil laudantium. Nam perspiciatis libero voluptatem.', 'p', 'Est doloribus amet quis autem ducimus. Incidunt et et expedita voluptas. Quod corrupti illo aut distinctio et animi deleniti. Voluptas praesentium ut est atque cum in.', 120.00, 0.00, 5.00, 120.00, '2024-10-01 04:31:18', '2024-10-01 04:31:18', 38, 26, 1),
(5, 'PI-0000005', '2024-10-01', '2024-10-01', 'Dolor et aut voluptate voluptate. Officiis ad fugiat doloribus aut laboriosam quidem quae. Et tempora magni quibusdam exercitationem.', 'p', 'Animi nam corrupti quibusdam reiciendis molestiae. Consectetur quia ea ducimus natus voluptatem. Aut eveniet in fugiat et sapiente facilis velit omnis. Omnis earum nisi velit laudantium ut.', 240.00, 0.00, 5.00, 240.00, '2024-10-01 04:31:18', '2024-10-01 04:31:18', 12, 27, 1),
(6, 'PI-0000006', '2024-10-01', '2024-10-01', 'Odio reiciendis tenetur quidem est. Rerum id officia aliquid.', 'p', 'Magni aut provident sint ut. Quia maiores sit nisi illo maiores. Dolorem itaque nostrum dolorum rerum. Vel eos ex sint ut ab aut sed deserunt. Unde aliquam fugiat et vel sed.', 1080.00, 0.00, 5.00, 1080.00, '2024-10-01 04:31:18', '2024-10-01 04:31:18', 74, 36, 1),
(7, 'PI-0000007', '2024-10-01', '2024-10-01', 'Sequi non eum dolorem quasi vitae dolorum unde. Veniam et at velit optio et rerum. Vero sit quos saepe quia inventore.', 'p', 'Quia qui asperiores ut reiciendis aut soluta quam. Et mollitia tempora molestiae explicabo molestias. Quo facere molestiae eligendi architecto labore aliquam et.', 960.00, 0.00, 5.00, 960.00, '2024-10-01 04:31:18', '2024-10-01 04:31:18', 56, 42, 1),
(8, 'PI-0000008', '2024-10-01', '2024-10-01', 'Alias in autem corporis ullam ut. Autem aut et deserunt explicabo. A harum aut tempora dolorum enim qui deleniti.', 'p', 'Est ut praesentium recusandae non ullam dicta. Rerum ut est rerum perspiciatis debitis laborum illum. Minima mollitia consequatur necessitatibus. Cum ducimus nostrum ut dolores quidem.', 840.00, 0.00, 5.00, 840.00, '2024-10-01 04:31:18', '2024-10-01 04:31:18', 74, 13, 1),
(9, 'PI-0000009', '2024-10-01', '2024-10-01', 'Aut facilis ut porro voluptates qui corporis repellat. Laborum non itaque natus est. Necessitatibus sequi in aliquam est.', 'p', 'Error cum asperiores quas et optio. Et dolor nam et soluta. Voluptas deserunt sit ut sapiente natus natus enim dolor.', 480.00, 0.00, 5.00, 480.00, '2024-10-01 04:31:18', '2024-10-01 04:31:18', 34, 19, 1),
(10, 'PI-0000010', '2024-10-01', '2024-10-01', 'Incidunt nemo doloribus dignissimos qui delectus dolor. Sed accusantium ullam at explicabo veritatis ipsam facere.', 'p', 'Quia ut blanditiis dolor doloribus qui amet sapiente. Officia ad voluptas qui sequi repellat. Laboriosam aut distinctio nostrum fuga. Deleniti facere dolorem quasi illum.', 1080.00, 0.00, 5.00, 1080.00, '2024-10-01 04:31:18', '2024-10-01 04:31:18', 98, 43, 1),
(11, 'PI-0000011', '2024-10-01', '2024-10-01', 'Voluptatem aperiam quam illo inventore provident. Sint eos dolorem aut. Velit modi aut voluptas sit sint ipsam non. Magnam dolor enim odio deserunt et veniam quisquam.', 'p', 'Enim magni odit facere officiis vel. Aspernatur quos aut ex omnis. Explicabo enim iure et quia illum natus et. Labore aliquam eligendi suscipit blanditiis iste ad.', 120.00, 0.00, 5.00, 120.00, '2024-10-01 04:31:18', '2024-10-01 04:31:18', 62, 25, 1),
(12, 'PI-0000012', '2024-10-01', '2024-10-01', 'Et alias in occaecati soluta. Vero minima et earum nihil fugiat quae. Sit minima odio ad dolor ea perspiciatis rerum.', 'p', 'Nam accusantium et voluptas ut. Deleniti libero ipsum ipsa ullam est. Dolorem rem aliquam officiis ut ipsam esse consequatur.', 360.00, 0.00, 5.00, 360.00, '2024-10-01 04:31:18', '2024-10-01 04:31:18', 38, 35, 1),
(13, 'PI-0000013', '2024-10-01', '2024-10-01', 'Dolorem non totam molestiae omnis. Occaecati distinctio voluptas ea. Deleniti commodi aspernatur eum labore labore ut velit. Aliquid ex aut quae est vero. Vel dicta illum natus consequuntur.', 'p', 'Iure est necessitatibus quis ut. Veritatis amet perspiciatis itaque molestiae libero. Assumenda reprehenderit aspernatur molestiae maxime.', 600.00, 0.00, 5.00, 600.00, '2024-10-01 04:31:18', '2024-10-01 04:31:18', 56, 9, 1),
(14, 'PI-0000014', '2024-10-01', '2024-10-01', 'Est voluptatem amet aspernatur delectus fuga aliquam qui. Quis quaerat nihil possimus sit vero rerum.', 'p', 'Expedita dolorem voluptatem illo pariatur voluptatem rerum pariatur. Repudiandae excepturi sunt reiciendis voluptatem. In officia aut quae pariatur aliquam aut porro.', 360.00, 0.00, 5.00, 360.00, '2024-10-01 04:31:18', '2024-10-01 04:31:18', 84, 2, 1),
(15, 'PI-0000015', '2024-10-01', '2024-10-01', 'Quia nisi voluptas quis aperiam. Recusandae recusandae totam possimus alias minima labore eligendi dolorem.', 'p', 'Sed consequatur ab possimus et perspiciatis. Nisi fuga quidem quis voluptatem provident. Qui aut amet beatae fugiat. Quo omnis saepe ducimus fugit eveniet quisquam dignissimos.', 120.00, 0.00, 5.00, 120.00, '2024-10-01 04:31:18', '2024-10-01 04:31:18', 100, 5, 1),
(16, 'PI-0000016', '2024-10-01', '2024-10-01', 'Vero in explicabo cum occaecati omnis nam laboriosam. Nam corporis excepturi aut sit natus blanditiis facere possimus. Est quos repudiandae et fugit. Sit beatae tempore iste quia.', 'p', 'Harum rem voluptates doloribus neque voluptatem quia. Reiciendis eaque quasi dicta hic ratione ipsum. Sequi quod velit voluptatem nobis. Voluptatem quia deserunt quis necessitatibus omnis.', 720.00, 0.00, 5.00, 720.00, '2024-10-01 04:31:18', '2024-10-01 04:31:18', 75, 19, 1),
(17, 'PI-0000017', '2024-10-01', '2024-10-01', 'Qui id voluptatem qui quo et ea. Perspiciatis corporis recusandae voluptas omnis. Recusandae est qui magnam. Atque blanditiis sint nobis quae quam possimus.', 'p', 'Molestiae reprehenderit vitae a consequatur. Et eligendi et est dolorem. Ut pariatur blanditiis quas eligendi est quas necessitatibus.', 1080.00, 0.00, 5.00, 1080.00, '2024-10-01 04:31:18', '2024-10-01 04:31:18', 53, 12, 1),
(18, 'PI-0000018', '2024-10-01', '2024-10-01', 'Et cum reprehenderit dolorem voluptas neque non ratione esse. Ipsum odio magnam et et sunt ipsum. In esse reprehenderit culpa repudiandae eius eius. Omnis aspernatur rerum odio ex aut autem atque.', 'p', 'Itaque distinctio totam nulla ut et. Nulla praesentium voluptates accusamus. Maxime incidunt numquam sapiente.', 960.00, 0.00, 5.00, 960.00, '2024-10-01 04:31:18', '2024-10-01 04:31:18', 61, 25, 1),
(19, 'PI-0000019', '2024-10-01', '2024-10-01', 'Quia qui et architecto consequatur. In tempore dignissimos quaerat soluta. Dolore perspiciatis ea quis quidem placeat impedit alias. Fuga sint velit temporibus quo numquam.', 'p', 'Accusantium quibusdam repellendus laborum alias consequuntur autem dolores. Dicta autem possimus ut eos aliquid. Sed quia dignissimos quibusdam aperiam libero autem.', 1200.00, 0.00, 5.00, 1200.00, '2024-10-01 04:31:18', '2024-10-01 04:31:18', 63, 36, 1),
(20, 'PI-0000020', '2024-10-01', '2024-10-01', 'Quaerat sit dolor aut labore sunt totam consequatur. Ad non optio dolores ea ipsa. Totam sunt aperiam possimus deleniti.', 'p', 'Distinctio voluptate necessitatibus corporis blanditiis et. Sed laboriosam ut sed minus corporis dolores. Quaerat at omnis cupiditate delectus. Velit aut sequi earum mollitia id quisquam.', 120.00, 0.00, 5.00, 120.00, '2024-10-01 04:31:18', '2024-10-01 04:31:18', 93, 1, 1),
(21, 'PI-0000021', '2024-10-01', '2024-10-01', 'Fuga molestiae repellendus magnam adipisci perspiciatis et est. Eum nesciunt et id rerum. Repudiandae est nam velit assumenda aut. Voluptatem illo rem aliquid iusto et voluptatem reprehenderit illum.', 'p', 'Qui dolor corrupti modi laudantium rerum deserunt rem. Sed dolores reprehenderit omnis maiores nihil quas consequuntur ex. Dolor expedita eveniet sunt voluptatem id et.', 960.00, 0.00, 5.00, 960.00, '2024-10-01 04:31:18', '2024-10-01 04:31:18', 24, 33, 1),
(22, 'PI-0000022', '2024-10-01', '2024-10-01', 'Qui ab nam aut odio omnis. Temporibus sequi suscipit repudiandae neque inventore aliquid quia. Est ex maxime quos ipsum repellat pariatur. Soluta voluptatem nisi mollitia veniam.', 'p', 'Sunt et quisquam porro molestiae quasi aliquid facere. Autem sed ut optio in. Impedit harum aut consectetur aut enim ipsum aliquam. Totam cum consequatur non facilis non iure.', 720.00, 0.00, 5.00, 720.00, '2024-10-01 04:31:18', '2024-10-01 04:31:18', 14, 40, 1),
(23, 'PI-0000023', '2024-10-01', '2024-10-01', 'Praesentium maxime qui corrupti expedita omnis qui. Aut qui itaque rem voluptas provident vel. Beatae aperiam aut sunt iste voluptatum quae qui.', 'p', 'Ut qui quos et sit nisi repudiandae beatae. Consequatur quis ullam eos est. Veritatis molestias molestiae sed tempore praesentium. Ex molestiae quis sed et autem.', 120.00, 0.00, 5.00, 120.00, '2024-10-01 04:31:18', '2024-10-01 04:31:18', 61, 40, 1),
(24, 'PI-0000024', '2024-10-01', '2024-10-01', 'Voluptatem omnis facere et aut officiis at. Officiis eaque nihil quam dolorum deserunt reprehenderit quidem et.', 'p', 'Ut sequi ex quas blanditiis corporis. Voluptatum dolores ea doloremque alias. Esse quis libero ut quidem natus ut.', 240.00, 0.00, 5.00, 240.00, '2024-10-01 04:31:18', '2024-10-01 04:31:18', 58, 49, 1),
(25, 'PI-0000025', '2024-10-01', '2024-10-01', 'Dolor blanditiis optio unde libero vero aut sit. Blanditiis ut cupiditate magni nemo et. Inventore occaecati maxime voluptates earum quis culpa. Numquam rerum maxime maxime iure.', 'p', 'Ea voluptatem sit quaerat quod officiis. Soluta explicabo quo officia quo animi est aliquid.', 480.00, 0.00, 5.00, 480.00, '2024-10-01 04:31:18', '2024-10-01 04:31:18', 74, 46, 1),
(26, 'PI-0000026', '2024-10-01', '2024-10-01', 'Qui nesciunt sed vel aut tenetur. Commodi aut quia voluptates rerum distinctio est. Rerum dolore fugiat et neque dolorem est placeat.', 'p', 'Dignissimos suscipit et ea est occaecati minima quaerat consequatur. Autem sed voluptatum itaque ut quibusdam. Eaque est sed et voluptas quidem deleniti molestiae.', 360.00, 0.00, 5.00, 360.00, '2024-10-01 04:31:18', '2024-10-01 04:31:18', 30, 18, 1),
(27, 'PI-0000027', '2024-10-01', '2024-10-01', 'Numquam quos et corrupti harum amet eos. Molestiae repudiandae ad numquam neque ut temporibus. Animi dolorem omnis voluptas.', 'p', 'Atque odit quasi omnis possimus. Est mollitia neque illo tempore ducimus. Voluptas voluptatem enim qui quia rerum ab. Explicabo incidunt minima et.', 1200.00, 0.00, 5.00, 1200.00, '2024-10-01 04:31:18', '2024-10-01 04:31:18', 30, 41, 1),
(28, 'PI-0000028', '2024-10-01', '2024-10-01', 'Nihil magni a ab sint esse dignissimos ea. Nobis beatae nobis hic saepe dignissimos enim ut.', 'p', 'Voluptate explicabo eveniet qui est necessitatibus. Sit facere eaque ad tenetur. Id perferendis nisi est ut expedita quia. Cumque incidunt possimus aut recusandae.', 480.00, 0.00, 5.00, 480.00, '2024-10-01 04:31:18', '2024-10-01 04:31:18', 89, 43, 1),
(29, 'PI-0000029', '2024-10-01', '2024-10-01', 'Aut unde aspernatur odit possimus perferendis. Optio at et fugit quisquam est ducimus. Aut omnis alias dolorem omnis ea quae.', 'p', 'Sed ipsum vitae est voluptatem ipsam. Quia commodi et libero necessitatibus. Et dolorem excepturi cupiditate eum. Autem sint vel recusandae.', 840.00, 0.00, 5.00, 840.00, '2024-10-01 04:31:18', '2024-10-01 04:31:18', 80, 47, 1),
(30, 'PI-0000030', '2024-10-01', '2024-10-01', 'Illo est quis ex et. Quam quasi cupiditate veritatis repudiandae quidem et excepturi. Et rem nulla omnis est. Voluptas minima voluptatem et asperiores.', 'p', 'Harum dolores eveniet dolorem. Voluptatem cupiditate qui similique non. Facere nesciunt qui velit et aliquam laboriosam. Similique magnam omnis ut voluptates alias aut consequatur.', 480.00, 0.00, 5.00, 480.00, '2024-10-01 04:31:18', '2024-10-01 04:31:18', 75, 15, 1),
(31, 'PI-0000031', '2024-10-01', '2024-10-01', 'Aliquam sint tempore qui voluptas nihil. Aut quaerat inventore aut est quae. Eos enim quo asperiores totam reiciendis pariatur. Dignissimos sapiente quia ab autem rerum excepturi suscipit.', 'p', 'Ad exercitationem est omnis saepe ut dolor soluta. Aliquid enim ut sed velit voluptates. Quae debitis beatae at delectus minima molestiae occaecati. Placeat consequatur ullam et omnis.', 840.00, 0.00, 5.00, 840.00, '2024-10-01 04:31:18', '2024-10-01 04:31:18', 80, 16, 1),
(32, 'PI-0000032', '2024-10-01', '2024-10-01', 'Ducimus nostrum fuga maxime adipisci. Et a facere dolores iste ea sunt. Tenetur consequatur quod corrupti aliquam ullam.', 'p', 'Occaecati nisi nemo vel dolor saepe voluptates et. Maiores aut qui eos pariatur et quisquam ipsam. Dolor nulla voluptatem quia unde cum aut. Sit quo atque praesentium nam est dolores.', 1080.00, 0.00, 5.00, 1080.00, '2024-10-01 04:31:18', '2024-10-01 04:31:18', 72, 44, 1),
(33, 'PI-0000033', '2024-10-01', '2024-10-01', 'Ea cupiditate optio ut reprehenderit asperiores. Pariatur placeat in vero expedita explicabo error consectetur. Veritatis unde esse esse.', 'p', 'Aut autem labore est est. Nisi nam distinctio expedita enim fugit earum laboriosam.', 960.00, 0.00, 5.00, 960.00, '2024-10-01 04:31:18', '2024-10-01 04:31:18', 51, 17, 1),
(34, 'PI-0000034', '2024-10-01', '2024-10-01', 'Qui ducimus quasi sed accusamus qui maiores quia. Molestiae temporibus odit impedit et sed et. Et omnis nobis non. Eos ea rerum reprehenderit natus in architecto officiis.', 'p', 'Numquam autem provident nostrum rerum delectus. Rem qui sit quidem in enim exercitationem nobis. Voluptatem quisquam vel culpa. Veniam quo vel dolores suscipit qui aut nostrum.', 1080.00, 0.00, 5.00, 1080.00, '2024-10-01 04:31:18', '2024-10-01 04:31:18', 30, 45, 1),
(35, 'PI-0000035', '2024-10-01', '2024-10-01', 'Et ut fugit vel. Quo accusantium officiis molestiae saepe. Quo ad aut dolorem deserunt. Rerum reiciendis ducimus omnis.', 'p', 'Quo a eaque commodi dicta quasi et sunt. Quia provident eum voluptatem nisi voluptas harum. Voluptates sint laboriosam ut repellendus. Voluptatem esse cum animi aut et adipisci.', 120.00, 0.00, 5.00, 120.00, '2024-10-01 04:31:18', '2024-10-01 04:31:18', 3, 7, 1),
(36, 'PI-0000036', '2024-10-01', '2024-10-01', 'Sit sit cupiditate libero mollitia. Laboriosam laboriosam id placeat sapiente. Eum qui labore velit commodi.', 'p', 'Veniam quibusdam et enim quia et. Voluptas molestiae eligendi aut excepturi laboriosam. Dolor modi qui deleniti consequatur dicta.', 480.00, 0.00, 5.00, 480.00, '2024-10-01 04:31:18', '2024-10-01 04:31:18', 10, 21, 1),
(37, 'PI-0000037', '2024-10-01', '2024-10-01', 'Cum voluptatum possimus beatae rerum et. Et tenetur nam et deleniti maxime molestias vero. Aliquam laborum aperiam rem placeat ratione voluptas. Non dicta minima blanditiis pariatur.', 'p', 'Ut neque aut aut sint minus porro labore aut. Exercitationem voluptas sit in aspernatur dicta quia. Possimus culpa assumenda itaque voluptate quidem voluptatem doloremque.', 120.00, 0.00, 5.00, 120.00, '2024-10-01 04:31:18', '2024-10-01 04:31:18', 7, 28, 1),
(38, 'PI-0000038', '2024-10-01', '2024-10-01', 'Cupiditate facere tenetur nam consequatur totam atque. Facere autem quasi magni et unde. Beatae cupiditate sit facere. Culpa ut similique placeat minus.', 'p', 'Omnis dolore voluptas sint consequatur. Eius fuga id sed necessitatibus. Voluptatum a rerum quia natus.', 840.00, 0.00, 5.00, 840.00, '2024-10-01 04:31:18', '2024-10-01 04:31:18', 86, 27, 1),
(39, 'PI-0000039', '2024-10-01', '2024-10-01', 'Unde eligendi beatae qui reprehenderit est qui possimus. Ut a beatae ipsum enim illo. Facilis quam repellendus eveniet minima pariatur. Voluptatibus facere velit eum adipisci quia.', 'p', 'Molestias sunt id repellendus quasi consequuntur libero molestias. Hic quasi voluptatem aut. Debitis cupiditate eveniet libero necessitatibus molestias et.', 120.00, 0.00, 5.00, 120.00, '2024-10-01 04:31:18', '2024-10-01 04:31:18', 29, 31, 1),
(40, 'PI-0000040', '2024-10-01', '2024-10-01', 'Aperiam rerum tenetur sint et minus dignissimos et. Saepe quibusdam quae aut et aliquam cum blanditiis. Accusamus tenetur praesentium quae.', 'p', 'Nemo dolorum dolorum quidem et deleniti dolor. Delectus et pariatur error aliquam. Est nulla ut rerum aut sunt ea. Sunt recusandae in est consequuntur.', 120.00, 0.00, 5.00, 120.00, '2024-10-01 04:31:18', '2024-10-01 04:31:18', 98, 14, 1),
(41, 'PI-0000041', '2024-10-01', '2024-10-01', 'Harum ut voluptatem quas sit quis. Perspiciatis reprehenderit repellat et incidunt. Et eos distinctio est sit ea soluta itaque.', 'p', 'Enim amet sunt dolorem ut officiis est officia. Laboriosam ut ut possimus sed. Commodi quo enim harum omnis dolorum laboriosam porro.', 720.00, 0.00, 5.00, 720.00, '2024-10-01 04:31:18', '2024-10-01 04:31:18', 100, 26, 1),
(42, 'PI-0000042', '2024-10-01', '2024-10-01', 'Saepe dolorem non ullam exercitationem. Vitae cupiditate voluptas quia at. Incidunt ut qui architecto ipsum incidunt qui sed.', 'p', 'Impedit animi sint tempore nihil. Ut molestias dolor quia voluptas ut consequatur. Tenetur illum eum magnam consequatur. Sapiente quam exercitationem magni.', 360.00, 0.00, 5.00, 360.00, '2024-10-01 04:31:18', '2024-10-01 04:31:18', 78, 12, 1),
(43, 'PI-0000043', '2024-10-01', '2024-10-01', 'Dolorem iure voluptas tempora sint. Officia ex autem aut totam ea debitis quam labore. Saepe quaerat quia quis ut. Tenetur illo ullam officiis blanditiis.', 'p', 'Itaque ullam ut tenetur. Debitis natus non molestiae. Qui ducimus ducimus ut cupiditate.', 360.00, 0.00, 5.00, 360.00, '2024-10-01 04:31:18', '2024-10-01 04:31:18', 74, 22, 1),
(44, 'PI-0000044', '2024-10-01', '2024-10-01', 'Dicta qui debitis animi qui. Quasi perspiciatis sit voluptatem voluptatem commodi in qui. Aliquid est sapiente aut qui ut maxime. Voluptatum voluptatem nesciunt facere eos.', 'p', 'Eligendi similique deleniti porro dolorem. Quis ut recusandae et earum qui. Odit tempore id eaque cupiditate dignissimos exercitationem. Possimus ut voluptate ipsam eos voluptatem.', 120.00, 0.00, 5.00, 120.00, '2024-10-01 04:31:18', '2024-10-01 04:31:18', 69, 48, 1),
(45, 'PI-0000045', '2024-10-01', '2024-10-01', 'Omnis quibusdam ut repellat atque enim ea et. Labore est qui soluta eos. Exercitationem rerum id ducimus repellat magnam autem ipsum. Ut quo quibusdam facilis error et dolorum explicabo.', 'p', 'Et accusantium at non consequuntur. Repellendus doloribus fugiat explicabo enim. Numquam accusantium ut qui culpa quo. Odit dolor id sunt consequatur sapiente rerum quidem.', 600.00, 0.00, 5.00, 600.00, '2024-10-01 04:31:18', '2024-10-01 04:31:18', 16, 12, 1),
(46, 'PI-0000046', '2024-10-01', '2024-10-01', 'Qui quae facilis inventore omnis. Culpa est aut enim vel asperiores quisquam qui eaque. Aliquid veritatis enim nihil voluptates quibusdam qui.', 'p', 'Et qui asperiores tempora. Sunt esse dolorem et. Inventore aut laudantium assumenda culpa animi enim rem.', 120.00, 0.00, 5.00, 120.00, '2024-10-01 04:31:18', '2024-10-01 04:31:18', 50, 33, 1),
(47, 'PI-0000047', '2024-10-01', '2024-10-01', 'Delectus sequi quia sed veritatis. Enim soluta explicabo nam dolor. Suscipit quisquam aut quia.', 'p', 'Quibusdam deserunt odio iure qui enim. Consequuntur molestiae distinctio qui itaque omnis molestiae. Repellendus quos architecto in ipsam tempora numquam.', 840.00, 0.00, 5.00, 840.00, '2024-10-01 04:31:18', '2024-10-01 04:31:18', 92, 6, 1),
(48, 'PI-0000048', '2024-10-01', '2024-10-01', 'Laborum consequatur odit dolorem inventore itaque saepe. Voluptas saepe enim nam culpa suscipit qui. At id magnam voluptas itaque ea.', 'p', 'Dolores nostrum libero alias qui. Libero illo quia itaque quae rerum. Optio odio itaque dolore. Dolorum neque deserunt quia tempore. Amet ipsam animi sint magnam deleniti.', 240.00, 0.00, 5.00, 240.00, '2024-10-01 04:31:18', '2024-10-01 04:31:18', 72, 19, 1),
(49, 'PI-0000049', '2024-10-01', '2024-10-01', 'Vitae et necessitatibus suscipit quia. Molestiae odio aspernatur voluptas et. Voluptatem reiciendis voluptate pariatur labore nostrum. Laudantium aut aliquid quae veritatis possimus dolores sapiente.', 'p', 'Et quo totam nihil odio quo. Qui dicta vitae est. Reprehenderit cupiditate repellat sapiente libero. Quibusdam et non provident aut reiciendis ex.', 120.00, 0.00, 5.00, 120.00, '2024-10-01 04:31:18', '2024-10-01 04:31:18', 21, 19, 1),
(50, 'PI-0000050', '2024-10-01', '2024-10-01', 'Aut quia dicta veritatis dolore esse. Blanditiis sed cum dolorem maxime tempore sit voluptas quia. Aliquam maiores ut non voluptatum et dignissimos.', 'p', 'Ut nostrum quia mollitia dolorum fugiat vel et. Rerum nemo in minus illum voluptas quia distinctio soluta.', 480.00, 0.00, 5.00, 480.00, '2024-10-01 04:31:18', '2024-10-01 04:31:18', 73, 29, 1),
(51, 'PI-0000051', '2024-10-01', '2024-10-01', 'Et ex dolorem nulla deleniti ipsa odio. Et rerum in vel. Maiores omnis similique dolor reprehenderit.', 'p', 'Nulla magni ullam expedita aliquam. Vel est mollitia rerum dolorem temporibus. Beatae laboriosam at et ipsam.', 120.00, 0.00, 5.00, 120.00, '2024-10-01 04:31:18', '2024-10-01 04:31:18', 1, 29, 1),
(52, 'PI-0000052', '2024-10-01', '2024-10-01', 'Possimus quaerat suscipit itaque laudantium quia totam incidunt. Quae est quam sapiente est et. Corporis quo nesciunt quia voluptates aut. Quia et veritatis nisi sed enim.', 'p', 'Maxime iure eum provident aut enim sequi corrupti. Error non numquam voluptatibus. Quia debitis possimus illum est. Est impedit et est nemo.', 720.00, 0.00, 5.00, 720.00, '2024-10-01 04:31:18', '2024-10-01 04:31:18', 77, 38, 1),
(53, 'PI-0000053', '2024-10-01', '2024-10-01', 'Eum non saepe eaque id. Et neque earum id incidunt placeat perferendis. Illum et ducimus voluptatibus dolore laudantium voluptatem nisi facilis. Sed sed in error ea ut.', 'p', 'Ab quo laudantium cumque voluptatem. Autem consectetur architecto delectus voluptas quae illum doloribus. Nemo eius ut assumenda deleniti.', 240.00, 0.00, 5.00, 240.00, '2024-10-01 04:31:18', '2024-10-01 04:31:18', 89, 32, 1),
(54, 'PI-0000054', '2024-10-01', '2024-10-01', 'Praesentium molestias molestiae repudiandae adipisci repellat vel. Quae neque suscipit laudantium. Possimus distinctio amet harum quia voluptatem reprehenderit omnis labore.', 'p', 'Tenetur incidunt omnis consequuntur ex natus. Cum non veniam qui non culpa. Reiciendis soluta magni sunt dolorem maiores.', 360.00, 0.00, 5.00, 360.00, '2024-10-01 04:31:18', '2024-10-01 04:31:18', 73, 49, 1),
(55, 'PI-0000055', '2024-10-01', '2024-10-01', 'Neque vel tenetur doloribus illum facere illo quis. Laborum veniam et illo corrupti similique ut ut. Modi perferendis dolores aliquid laboriosam sed error consequuntur.', 'p', 'Nemo hic quas sed quidem. Exercitationem mollitia dolorem temporibus facere.', 120.00, 0.00, 5.00, 120.00, '2024-10-01 04:31:18', '2024-10-01 04:31:18', 30, 40, 1),
(56, 'PI-0000056', '2024-10-01', '2024-10-01', 'Ut atque ipsam harum magnam cum dolores et. Aut laboriosam enim adipisci ipsa.', 'p', 'Ut perferendis incidunt quisquam ut cumque dolores blanditiis voluptatem. Sed ea et quia debitis veniam maxime. Aut ut modi facere sed veniam.', 840.00, 0.00, 5.00, 840.00, '2024-10-01 04:31:18', '2024-10-01 04:31:18', 91, 15, 1),
(57, 'PI-0000057', '2024-10-01', '2024-10-01', 'Beatae tempora voluptas et aperiam quo. Voluptate consequatur odio beatae dolore.', 'p', 'Est consequatur aliquid aperiam nam voluptas tempora. Ea aut illo non aut aut quasi quod. Quae eos et omnis veniam illo modi repudiandae. Similique qui nihil quia.', 240.00, 0.00, 5.00, 240.00, '2024-10-01 04:31:18', '2024-10-01 04:31:18', 80, 17, 1),
(58, 'PI-0000058', '2024-10-01', '2024-10-01', 'Aut repudiandae rem odio nisi aut quaerat asperiores. Quos quaerat ut id perferendis. Et illo et consequatur vitae mollitia rerum dolor.', 'p', 'Fugit itaque corrupti eaque in. Officia sed omnis neque velit. Architecto harum itaque minus inventore voluptas et ut. Expedita id soluta laudantium totam.', 1080.00, 0.00, 5.00, 1080.00, '2024-10-01 04:31:18', '2024-10-01 04:31:18', 9, 16, 1),
(59, 'PI-0000059', '2024-10-01', '2024-10-01', 'Harum qui doloribus cum iure cum. Et eveniet occaecati modi hic. Animi enim autem labore eligendi necessitatibus animi. Magni officia et sint.', 'p', 'Tempora ab id sequi et eum et. Consectetur illum quis dolores ea et sapiente rem maiores. Quia cum aut alias adipisci voluptatem dolor.', 960.00, 0.00, 5.00, 960.00, '2024-10-01 04:31:18', '2024-10-01 04:31:18', 33, 16, 1),
(60, 'PI-0000060', '2024-10-01', '2024-10-01', 'Mollitia omnis delectus non. Aliquam similique sed amet eum asperiores culpa autem maxime. Ab ut laborum quisquam at inventore.', 'p', 'Deserunt quibusdam qui eaque consequatur facere et necessitatibus. Velit et labore laudantium recusandae. Vitae eos quaerat reiciendis fuga eum. Iusto ea voluptas libero eum et enim.', 600.00, 0.00, 5.00, 600.00, '2024-10-01 04:31:18', '2024-10-01 04:31:18', 73, 34, 1),
(61, 'PI-0000061', '2024-10-01', '2024-10-01', 'Quis ut debitis in et aut. Consequatur error rerum ab molestiae molestias natus est. Pariatur et quam officiis velit commodi qui et.', 'p', 'Delectus quidem rerum cupiditate aut natus voluptates soluta. Veniam perferendis odio mollitia velit.', 840.00, 0.00, 5.00, 840.00, '2024-10-01 04:31:18', '2024-10-01 04:31:18', 73, 31, 1),
(62, 'PI-0000062', '2024-10-01', '2024-10-01', 'Hic dicta unde et dolorum. Debitis sit provident voluptatem ex ut voluptatem. Provident qui ut rerum id.', 'p', 'Et odio quia vitae repellendus voluptates. Corrupti veniam quo quibusdam maxime odit. Rerum consequatur qui ab et. Est blanditiis repellat reiciendis quod delectus ipsum vel.', 480.00, 0.00, 5.00, 480.00, '2024-10-01 04:31:18', '2024-10-01 04:31:18', 63, 43, 1),
(63, 'PI-0000063', '2024-10-01', '2024-10-01', 'Id harum aut officia aut velit. Optio qui in aut enim non non tenetur. Alias sed excepturi eligendi perspiciatis. Id est veniam et tempore quod aut.', 'p', 'Ut vel eos quam hic veniam. Eius velit aut iste et quo. Occaecati placeat quibusdam ab itaque.', 1200.00, 0.00, 5.00, 1200.00, '2024-10-01 04:31:18', '2024-10-01 04:31:18', 54, 44, 1),
(64, 'PI-0000064', '2024-10-01', '2024-10-01', 'Eaque pariatur aliquam qui vitae eum voluptatem voluptate consequatur. Odio vitae mollitia neque placeat et impedit et. Voluptatem quis nam suscipit sed reiciendis fugit.', 'p', 'Dolor est praesentium sed ab. Tempora ea reiciendis rem consequatur et. Dolor iste ea repellat et officia est deleniti ex.', 360.00, 0.00, 5.00, 360.00, '2024-10-01 04:31:18', '2024-10-01 04:31:18', 77, 29, 1),
(65, 'PI-0000065', '2024-10-01', '2024-10-01', 'Qui ut molestiae aut nesciunt non dolorem. Repudiandae est neque labore dolor nulla. Rerum optio et reiciendis mollitia accusantium rerum. Odit reiciendis quo quis.', 'p', 'Voluptatem aut sit nesciunt eius labore est quia. Ipsum tempora error officia dolores eos. Qui quibusdam dolor quo ipsa. Et aut minus rerum quibusdam sed voluptatibus exercitationem rerum.', 480.00, 0.00, 5.00, 480.00, '2024-10-01 04:31:18', '2024-10-01 04:31:18', 66, 1, 1),
(66, 'PI-0000066', '2024-10-01', '2024-10-01', 'Corrupti facilis nulla cum porro. Quia sit aut tenetur dolor. Ullam dignissimos qui atque numquam ea voluptatem maxime. Voluptatem dolor omnis voluptatem.', 'p', 'Et eveniet qui excepturi quia. Iure nostrum ipsam dolorum cumque dolor. Unde dicta doloremque repellat impedit voluptatem architecto.', 360.00, 0.00, 5.00, 360.00, '2024-10-01 04:31:18', '2024-10-01 04:31:18', 45, 37, 1),
(67, 'PI-0000067', '2024-10-01', '2024-10-01', 'Ad vel et quia mollitia. Et rerum voluptatem sint consequatur. Quo aut sint quibusdam harum consectetur.', 'p', 'Corporis quae natus atque. Voluptatem quasi qui molestiae. Eligendi facilis necessitatibus iure eligendi alias ducimus.', 480.00, 0.00, 5.00, 480.00, '2024-10-01 04:31:18', '2024-10-01 04:31:18', 92, 28, 1),
(68, 'PI-0000068', '2024-10-01', '2024-10-01', 'Earum amet sed illum. Id odit aspernatur et cupiditate natus. Possimus quis provident quidem facere fugit.', 'p', 'Id non omnis optio aut quia vero delectus. Quisquam aliquam et sequi cum. Vitae et odit sunt quaerat est.', 960.00, 0.00, 5.00, 960.00, '2024-10-01 04:31:18', '2024-10-01 04:31:18', 2, 28, 1),
(69, 'PI-0000069', '2024-10-01', '2024-10-01', 'Temporibus dolorem harum unde ab et laborum porro. Natus non consequatur quia ex ut. Molestias et quos esse fugit est.', 'p', 'Quasi reprehenderit laborum non sit quia nam. Explicabo tenetur dolor est eos nam saepe at. Aperiam maxime voluptate unde doloribus sed tempore optio. Ullam sed nobis sunt enim.', 480.00, 0.00, 5.00, 480.00, '2024-10-01 04:31:18', '2024-10-01 04:31:18', 60, 42, 1),
(70, 'PI-0000070', '2024-10-01', '2024-10-01', 'Laboriosam ex dolores eligendi sit error dolorum voluptatum ea. Debitis sit aut molestias harum.', 'p', 'Ullam et voluptatem id quisquam. Ea deserunt voluptas inventore odio sint. Veritatis dolor illo dolorem fugit. Fugit est autem voluptatem quo voluptatibus quia.', 960.00, 0.00, 5.00, 960.00, '2024-10-01 04:31:18', '2024-10-01 04:31:18', 9, 21, 1),
(71, 'PI-0000071', '2024-10-01', '2024-10-01', 'Praesentium impedit enim voluptas quasi nesciunt quisquam. Maiores aut et optio minima. Amet unde ullam quibusdam et voluptates in. Eaque sint sunt architecto aut.', 'p', 'Enim iusto autem consequuntur porro quia. Voluptas ut officiis similique minima maxime nulla dicta. Nesciunt reiciendis modi ut et. Cupiditate sed nobis saepe autem eveniet.', 720.00, 0.00, 5.00, 720.00, '2024-10-01 04:31:18', '2024-10-01 04:31:18', 61, 43, 1),
(72, 'PI-0000072', '2024-10-01', '2024-10-01', 'Quisquam vitae ut enim rerum. Quibusdam molestiae temporibus consequatur consequatur. Itaque non neque consequatur ut assumenda.', 'p', 'Modi mollitia quisquam sunt eos tempore numquam earum. Tempora quo velit repellendus aut eos delectus. Ut nemo unde fugit autem minus eius amet. Molestiae et quam aspernatur dolorem.', 120.00, 0.00, 5.00, 120.00, '2024-10-01 04:31:18', '2024-10-01 04:31:18', 86, 38, 1),
(73, 'PI-0000073', '2024-10-01', '2024-10-01', 'Voluptate commodi aperiam pariatur quos nesciunt. Qui dolores quas est veniam aut doloremque. Ut aperiam ut error culpa fugiat qui quos. Unde itaque molestiae aut.', 'p', 'Modi sed error praesentium aut. Voluptas odit est dolorem nobis et odio. Perspiciatis labore rem est eius. Quaerat quae beatae tempore inventore.', 240.00, 0.00, 5.00, 240.00, '2024-10-01 04:31:18', '2024-10-01 04:31:18', 91, 20, 1),
(74, 'PI-0000074', '2024-10-01', '2024-10-01', 'Numquam non et adipisci qui fugit. Voluptatem culpa aut aliquid aut. Accusantium laudantium similique dicta suscipit qui suscipit incidunt fugiat.', 'p', 'Sit non ab in corporis. Impedit ut iure nostrum error voluptatum voluptatem iste. Deleniti fuga dolore unde sed at et.', 840.00, 0.00, 5.00, 840.00, '2024-10-01 04:31:18', '2024-10-01 04:31:18', 39, 46, 1),
(75, 'PI-0000075', '2024-10-01', '2024-10-01', 'Doloribus nesciunt quasi quis et necessitatibus dolorum. Ducimus officiis et illum architecto. Maxime consequatur nemo quo.', 'p', 'Ut nobis consequatur voluptatem sit dolores inventore repudiandae. Nemo nisi ad officia quo. Aliquid veniam et aspernatur modi possimus mollitia fugiat numquam.', 240.00, 0.00, 5.00, 240.00, '2024-10-01 04:31:18', '2024-10-01 04:31:18', 17, 15, 1),
(76, 'PI-0000076', '2024-10-01', '2024-10-01', 'Sequi aliquam sit commodi voluptas. Est est quos accusamus iure id. Impedit praesentium eius vel voluptas necessitatibus enim doloremque.', 'p', 'Et quibusdam dolores odio ut enim repellendus. Beatae eos natus sed doloremque animi maxime dolores.', 600.00, 0.00, 5.00, 600.00, '2024-10-01 04:31:18', '2024-10-01 04:31:18', 32, 28, 1),
(77, 'PI-0000077', '2024-10-01', '2024-10-01', 'Quia ullam aut reprehenderit rem amet aut. Consequatur eius minima et sed. Repellat velit non voluptatem magnam mollitia soluta. Eum aut blanditiis qui id itaque eos.', 'p', 'Reprehenderit qui velit possimus dolor architecto possimus sed incidunt. Ad est consequatur reprehenderit et neque non vitae. Non fugiat quis ratione et libero.', 1080.00, 0.00, 5.00, 1080.00, '2024-10-01 04:31:18', '2024-10-01 04:31:18', 59, 12, 1),
(78, 'PI-0000078', '2024-10-01', '2024-10-01', 'Alias quisquam sunt illum quam. Sapiente facilis dignissimos tempora tenetur. Aperiam expedita alias incidunt consectetur ex. Est voluptatem assumenda et eligendi magni.', 'p', 'Repellendus sed molestiae enim exercitationem non est error. Quasi quia placeat quae hic incidunt. A vel dignissimos pariatur eos quo doloremque.', 600.00, 0.00, 5.00, 600.00, '2024-10-01 04:31:18', '2024-10-01 04:31:18', 70, 44, 1),
(79, 'PI-0000079', '2024-10-01', '2024-10-01', 'Ratione qui sint animi eum. Et sapiente et molestias architecto. Vel aut modi error consequatur. Labore quod sed voluptas.', 'p', 'Est aperiam ut iste nobis. Eos et iusto voluptatum optio. Unde dolor odit repellat dolorum et. Cumque ea nulla assumenda voluptas et.', 1080.00, 0.00, 5.00, 1080.00, '2024-10-01 04:31:18', '2024-10-01 04:31:18', 69, 29, 1),
(80, 'PI-0000080', '2024-10-01', '2024-10-01', 'Reprehenderit ex porro dolorem ipsam id. Perferendis officiis repellat odit sit ullam. Distinctio illo in atque. Quidem nulla assumenda non.', 'p', 'Ipsa ex possimus sunt sit sunt. Est facere quo laudantium. Consequatur voluptas inventore iste ratione. Incidunt aspernatur id laudantium laborum. Rerum qui sit odit illo sequi voluptas.', 360.00, 0.00, 5.00, 360.00, '2024-10-01 04:31:18', '2024-10-01 04:31:18', 37, 44, 1),
(81, 'PI-0000081', '2024-10-01', '2024-10-01', 'Distinctio deserunt omnis et consequatur odio molestiae. Repellendus cum sequi nobis. Voluptatem id laboriosam dolorum. Rerum nobis vel aut corrupti minima minus.', 'p', 'Magni necessitatibus excepturi eligendi nobis dicta modi ducimus odit. Repellendus occaecati enim beatae illo ducimus. Ducimus voluptatibus accusamus maxime est consequatur.', 960.00, 0.00, 5.00, 960.00, '2024-10-01 04:31:18', '2024-10-01 04:31:18', 85, 47, 1),
(82, 'PI-0000082', '2024-10-01', '2024-10-01', 'Eaque nesciunt sed omnis ut. Ex sapiente quo sapiente molestias explicabo. Esse commodi itaque nesciunt vel voluptas quibusdam et.', 'p', 'Sit temporibus voluptatem debitis rerum eveniet. Non quos dolorem distinctio quia aliquid ducimus.', 840.00, 0.00, 5.00, 840.00, '2024-10-01 04:31:18', '2024-10-01 04:31:18', 11, 45, 1),
(83, 'PI-0000083', '2024-10-01', '2024-10-01', 'Autem reprehenderit sint aut dolorem facilis in perspiciatis. Quam libero sit autem et optio enim non ut. Repellendus quam repudiandae ex sapiente ex neque. Non dolorem earum eum laborum facere ad.', 'p', 'Voluptatibus quis cum nostrum quidem facilis quaerat error. Molestiae nobis ut fuga necessitatibus perferendis aut assumenda repudiandae. Voluptatem tenetur voluptatibus libero magni.', 240.00, 0.00, 5.00, 240.00, '2024-10-01 04:31:18', '2024-10-01 04:31:18', 67, 16, 1),
(84, 'PI-0000084', '2024-10-01', '2024-10-01', 'Et eius quia dolores autem atque. Magnam iste quaerat adipisci voluptate.', 'p', 'Explicabo repudiandae voluptatibus sed similique. Blanditiis consequatur quam quas. Blanditiis est vel sint est aliquid fuga et. Quo repellendus porro molestiae libero ab ullam.', 480.00, 0.00, 5.00, 480.00, '2024-10-01 04:31:18', '2024-10-01 04:31:18', 65, 16, 1),
(85, 'PI-0000085', '2024-10-01', '2024-10-01', 'Aliquid in laudantium laborum enim deserunt deserunt aliquid. Reiciendis reprehenderit quam alias et dolore quia. Quisquam vitae iusto ad beatae ratione.', 'p', 'Quia voluptatibus quia inventore suscipit distinctio modi. Illum qui et placeat. Et consectetur non officiis. Pariatur cumque qui illum optio.', 1080.00, 0.00, 5.00, 1080.00, '2024-10-01 04:31:18', '2024-10-01 04:31:18', 19, 39, 1),
(86, 'PI-0000086', '2024-10-01', '2024-10-01', 'Doloremque vel asperiores eius qui repudiandae. Qui libero aut animi cum. Sequi aspernatur laboriosam consequatur nemo omnis velit magni.', 'p', 'Tenetur in laboriosam distinctio eveniet natus ea. Eligendi quis expedita voluptatem sit. Eaque eveniet dolores facilis veritatis.', 840.00, 0.00, 5.00, 840.00, '2024-10-01 04:31:18', '2024-10-01 04:31:18', 41, 11, 1),
(87, 'PI-0000087', '2024-10-01', '2024-10-01', 'At quod voluptatem asperiores assumenda at est. Aut ut magni nisi reiciendis vitae non nam. Sunt ut atque optio sit veritatis.', 'p', 'Numquam nobis neque fugit nihil. Nulla distinctio ullam voluptate nesciunt delectus. Quo sint rem et animi quidem ut.', 840.00, 0.00, 5.00, 840.00, '2024-10-01 04:31:18', '2024-10-01 04:31:18', 87, 5, 1),
(88, 'PI-0000088', '2024-10-01', '2024-10-01', 'Aliquam quas est et non qui. Quasi reiciendis et accusamus aut et. Blanditiis vel dolores corrupti impedit neque ipsam facilis sed.', 'p', 'Qui corrupti aut dolor officiis. Laborum culpa rem est omnis minima aliquam. Doloremque id quasi natus aspernatur quia.', 1080.00, 0.00, 5.00, 1080.00, '2024-10-01 04:31:18', '2024-10-01 04:31:18', 69, 1, 1),
(89, 'PI-0000089', '2024-10-01', '2024-10-01', 'Eos error atque aut nihil et voluptas. Sint ab autem veritatis laborum. Nostrum repellendus facere maiores autem eum eum ea. Occaecati nostrum fugit vero sunt porro provident.', 'p', 'Quidem qui earum incidunt voluptatibus iure. Et a non fugiat dolores. Laboriosam quia enim dolorem amet consequatur consequatur consequatur qui.', 1200.00, 0.00, 5.00, 1200.00, '2024-10-01 04:31:18', '2024-10-01 04:31:18', 31, 1, 1),
(90, 'PI-0000090', '2024-10-01', '2024-10-01', 'Aut iusto necessitatibus velit unde. Id animi facilis quod est inventore et. Aut ut id at blanditiis et quam doloremque dicta.', 'p', 'Ut possimus impedit quia ea eos qui. Illo magnam facilis voluptate aut quis. Illo totam eaque similique at eos sunt nisi.', 1200.00, 0.00, 5.00, 1200.00, '2024-10-01 04:31:18', '2024-10-01 04:31:18', 40, 41, 1),
(91, 'PI-0000091', '2024-10-01', '2024-10-01', 'Ut id nam sint iste aut molestiae quia. Qui sit neque eius placeat. Aut omnis veniam ducimus saepe natus.', 'p', 'Est animi impedit est et suscipit. Neque voluptate qui ut totam quibusdam. Ut harum magnam quae ab qui nobis. Accusantium tenetur eum commodi.', 720.00, 0.00, 5.00, 720.00, '2024-10-01 04:31:18', '2024-10-01 04:31:18', 2, 8, 1),
(92, 'PI-0000092', '2024-10-01', '2024-10-01', 'Minus nemo facilis rerum animi blanditiis. Quos eveniet reiciendis corporis quaerat atque quae excepturi. Ea esse ab aut ad laboriosam qui non quia. Id rerum inventore nesciunt sint.', 'p', 'Delectus non excepturi consectetur odit. Nihil maxime maiores explicabo et velit. Nemo ullam dolorem et veritatis temporibus est qui. Facilis temporibus quae nam eveniet numquam voluptatum excepturi.', 480.00, 0.00, 5.00, 480.00, '2024-10-01 04:31:18', '2024-10-01 04:31:18', 57, 47, 1),
(93, 'PI-0000093', '2024-10-01', '2024-10-01', 'Sapiente eum qui qui aperiam. Totam facilis dolores natus est at. Eum eum aut veniam. Facere non officiis qui ipsam dolores. Dicta at perspiciatis temporibus vel repellendus facilis ut.', 'p', 'Sequi dolor molestiae corrupti. Facere illo quasi aspernatur et tempore dolorum maxime. Sed deserunt sunt autem non dolores maiores libero. Et voluptatibus voluptate et.', 360.00, 0.00, 5.00, 360.00, '2024-10-01 04:31:18', '2024-10-01 04:31:18', 41, 1, 1),
(94, 'PI-0000094', '2024-10-01', '2024-10-01', 'Sint incidunt sed dolor facere. Vel praesentium in assumenda cum qui at sed. Odit similique qui et sed optio beatae. Id deserunt dolore aut et ipsam ut voluptas.', 'p', 'Autem enim nihil molestiae nesciunt dolore aliquam. Omnis adipisci facilis aperiam sit quaerat voluptate. Et rem eligendi necessitatibus nostrum aut et veniam rerum.', 1200.00, 0.00, 5.00, 1200.00, '2024-10-01 04:31:18', '2024-10-01 04:31:18', 49, 32, 1),
(95, 'PI-0000095', '2024-10-01', '2024-10-01', 'Et quaerat consequatur et autem. Et officia sint ut autem repellat repudiandae omnis. Officia quos eligendi aut delectus. Dignissimos voluptatum ut inventore hic natus consectetur et.', 'p', 'Quas ratione esse sequi ullam sequi temporibus. Quam reiciendis inventore eveniet officia. At harum est quidem adipisci voluptas molestias ipsa.', 120.00, 0.00, 5.00, 120.00, '2024-10-01 04:31:18', '2024-10-01 04:31:18', 99, 38, 1),
(96, 'PI-0000096', '2024-10-01', '2024-10-01', 'Maiores quasi atque facere doloremque. Repudiandae voluptatem dolorem impedit sunt sapiente libero eveniet. Repellat ab autem minima ea architecto id assumenda.', 'p', 'Est eos quod est autem sunt nihil. Ut ex modi fugit sit ipsam quasi. Libero nihil modi minima et illum. In dolor earum ad. Non quo provident voluptas et dignissimos. Ullam nihil facere placeat eaque.', 840.00, 0.00, 5.00, 840.00, '2024-10-01 04:31:18', '2024-10-01 04:31:18', 80, 21, 1),
(97, 'PI-0000097', '2024-10-01', '2024-10-01', 'Perspiciatis qui nobis quisquam et. Ducimus fugit et occaecati laboriosam eos et cum. Et est quaerat corporis modi molestias quos labore.', 'p', 'Quia qui ut ea mollitia rerum et. Modi velit distinctio debitis in delectus.', 480.00, 0.00, 5.00, 480.00, '2024-10-01 04:31:18', '2024-10-01 04:31:18', 60, 18, 1),
(98, 'PI-0000098', '2024-10-01', '2024-10-01', 'Dolorum atque voluptatum excepturi debitis repudiandae et. Maxime alias rerum animi architecto aut iure. Praesentium ab est voluptatem. Neque quis non veritatis quaerat.', 'p', 'Minus nobis adipisci qui eius atque. Dicta laboriosam culpa et. Rerum voluptatem libero esse. Perspiciatis quia qui molestias fugiat non perferendis.', 480.00, 0.00, 5.00, 480.00, '2024-10-01 04:31:18', '2024-10-01 04:31:19', 78, 5, 1),
(99, 'PI-0000099', '2024-10-01', '2024-10-01', 'Nihil soluta aliquam earum cupiditate alias iusto ut. Quasi qui est reprehenderit tempora odit qui autem tempora. Doloribus inventore rem vel error enim. Libero voluptas nisi in voluptates ut.', 'p', 'Inventore mollitia ratione cum. Esse est aut molestiae aliquid eius voluptatum dolores.', 1080.00, 0.00, 5.00, 1080.00, '2024-10-01 04:31:19', '2024-10-01 04:31:19', 43, 21, 1),
(100, 'PI-0000100', '2024-10-01', '2024-10-01', 'Id quia eveniet incidunt voluptatibus quos quisquam velit. Iure sit labore eveniet enim. Adipisci corporis nemo eligendi sit eveniet.', 'p', 'Tempore ad et doloribus sit quia dolor ea aliquid. Fuga iste sit fugiat tenetur. Et blanditiis ut fugit dolorum ipsa. Aperiam laudantium assumenda earum. Libero perferendis voluptatem repellendus.', 720.00, 0.00, 5.00, 720.00, '2024-10-01 04:31:19', '2024-10-01 04:31:19', 59, 1, 1);

-- Table mega_sign_rental_2024_db.product_stocks does not contain any data (it is empty)

-- 
-- Dumping data for table product_prices
--
INSERT INTO product_prices VALUES
(1, 100.00000, 120.00000, 110.00000, '2024-10-01 04:31:16', '2024-10-01 04:31:16', 1, 1),
(2, 100.00000, 120.00000, 110.00000, '2024-10-01 04:31:16', '2024-10-01 04:31:16', 2, 1),
(3, 100.00000, 120.00000, 110.00000, '2024-10-01 04:31:16', '2024-10-01 04:31:16', 3, 1),
(4, 100.00000, 120.00000, 110.00000, '2024-10-01 04:31:16', '2024-10-01 04:31:16', 4, 1),
(5, 100.00000, 120.00000, 110.00000, '2024-10-01 04:31:16', '2024-10-01 04:31:16', 5, 1),
(6, 100.00000, 120.00000, 110.00000, '2024-10-01 04:31:16', '2024-10-01 04:31:16', 6, 1),
(7, 100.00000, 120.00000, 110.00000, '2024-10-01 04:31:16', '2024-10-01 04:31:16', 7, 1),
(8, 100.00000, 120.00000, 110.00000, '2024-10-01 04:31:16', '2024-10-01 04:31:16', 8, 1),
(9, 100.00000, 120.00000, 110.00000, '2024-10-01 04:31:16', '2024-10-01 04:31:16', 9, 1),
(10, 100.00000, 120.00000, 110.00000, '2024-10-01 04:31:16', '2024-10-01 04:31:16', 10, 1),
(11, 100.00000, 120.00000, 110.00000, '2024-10-01 04:31:16', '2024-10-01 04:31:16', 11, 1),
(12, 100.00000, 120.00000, 110.00000, '2024-10-01 04:31:16', '2024-10-01 04:31:16', 12, 1),
(13, 100.00000, 120.00000, 110.00000, '2024-10-01 04:31:16', '2024-10-01 04:31:16', 13, 1),
(14, 100.00000, 120.00000, 110.00000, '2024-10-01 04:31:16', '2024-10-01 04:31:16', 14, 1),
(15, 100.00000, 120.00000, 110.00000, '2024-10-01 04:31:16', '2024-10-01 04:31:16', 15, 1),
(16, 100.00000, 120.00000, 110.00000, '2024-10-01 04:31:16', '2024-10-01 04:31:16', 16, 1),
(17, 100.00000, 120.00000, 110.00000, '2024-10-01 04:31:16', '2024-10-01 04:31:16', 17, 1),
(18, 100.00000, 120.00000, 110.00000, '2024-10-01 04:31:16', '2024-10-01 04:31:16', 18, 1),
(19, 100.00000, 120.00000, 110.00000, '2024-10-01 04:31:16', '2024-10-01 04:31:16', 19, 1),
(20, 100.00000, 120.00000, 110.00000, '2024-10-01 04:31:16', '2024-10-01 04:31:16', 20, 1),
(21, 100.00000, 120.00000, 110.00000, '2024-10-01 04:31:16', '2024-10-01 04:31:16', 21, 1),
(22, 100.00000, 120.00000, 110.00000, '2024-10-01 04:31:16', '2024-10-01 04:31:16', 22, 1),
(23, 100.00000, 120.00000, 110.00000, '2024-10-01 04:31:16', '2024-10-01 04:31:16', 23, 1),
(24, 100.00000, 120.00000, 110.00000, '2024-10-01 04:31:16', '2024-10-01 04:31:16', 24, 1),
(25, 100.00000, 120.00000, 110.00000, '2024-10-01 04:31:16', '2024-10-01 04:31:16', 25, 1),
(26, 100.00000, 120.00000, 110.00000, '2024-10-01 04:31:16', '2024-10-01 04:31:16', 26, 1),
(27, 100.00000, 120.00000, 110.00000, '2024-10-01 04:31:16', '2024-10-01 04:31:16', 27, 1),
(28, 100.00000, 120.00000, 110.00000, '2024-10-01 04:31:16', '2024-10-01 04:31:16', 28, 1),
(29, 100.00000, 120.00000, 110.00000, '2024-10-01 04:31:16', '2024-10-01 04:31:16', 29, 1),
(30, 100.00000, 120.00000, 110.00000, '2024-10-01 04:31:16', '2024-10-01 04:31:16', 30, 1),
(31, 100.00000, 120.00000, 110.00000, '2024-10-01 04:31:16', '2024-10-01 04:31:16', 31, 1),
(32, 100.00000, 120.00000, 110.00000, '2024-10-01 04:31:16', '2024-10-01 04:31:16', 32, 1),
(33, 100.00000, 120.00000, 110.00000, '2024-10-01 04:31:16', '2024-10-01 04:31:16', 33, 1),
(34, 100.00000, 120.00000, 110.00000, '2024-10-01 04:31:16', '2024-10-01 04:31:16', 34, 1),
(35, 100.00000, 120.00000, 110.00000, '2024-10-01 04:31:16', '2024-10-01 04:31:16', 35, 1),
(36, 100.00000, 120.00000, 110.00000, '2024-10-01 04:31:16', '2024-10-01 04:31:16', 36, 1),
(37, 100.00000, 120.00000, 110.00000, '2024-10-01 04:31:16', '2024-10-01 04:31:16', 37, 1),
(38, 100.00000, 120.00000, 110.00000, '2024-10-01 04:31:16', '2024-10-01 04:31:16', 38, 1),
(39, 100.00000, 120.00000, 110.00000, '2024-10-01 04:31:16', '2024-10-01 04:31:16', 39, 1),
(40, 100.00000, 120.00000, 110.00000, '2024-10-01 04:31:16', '2024-10-01 04:31:16', 40, 1),
(41, 100.00000, 120.00000, 110.00000, '2024-10-01 04:31:16', '2024-10-01 04:31:16', 41, 1),
(42, 100.00000, 120.00000, 110.00000, '2024-10-01 04:31:16', '2024-10-01 04:31:16', 42, 1),
(43, 100.00000, 120.00000, 110.00000, '2024-10-01 04:31:16', '2024-10-01 04:31:16', 43, 1),
(44, 100.00000, 120.00000, 110.00000, '2024-10-01 04:31:16', '2024-10-01 04:31:16', 44, 1),
(45, 100.00000, 120.00000, 110.00000, '2024-10-01 04:31:16', '2024-10-01 04:31:16', 45, 1),
(46, 100.00000, 120.00000, 110.00000, '2024-10-01 04:31:16', '2024-10-01 04:31:16', 46, 1),
(47, 100.00000, 120.00000, 110.00000, '2024-10-01 04:31:16', '2024-10-01 04:31:16', 47, 1),
(48, 100.00000, 120.00000, 110.00000, '2024-10-01 04:31:16', '2024-10-01 04:31:16', 48, 1),
(49, 100.00000, 120.00000, 110.00000, '2024-10-01 04:31:16', '2024-10-01 04:31:16', 49, 1),
(50, 100.00000, 120.00000, 110.00000, '2024-10-01 04:31:16', '2024-10-01 04:31:16', 50, 1),
(51, 100.00000, 120.00000, 110.00000, '2024-10-01 04:31:16', '2024-10-01 04:31:16', 51, 1),
(52, 100.00000, 120.00000, 110.00000, '2024-10-01 04:31:16', '2024-10-01 04:31:16', 52, 1),
(53, 100.00000, 120.00000, 110.00000, '2024-10-01 04:31:16', '2024-10-01 04:31:16', 53, 1),
(54, 100.00000, 120.00000, 110.00000, '2024-10-01 04:31:16', '2024-10-01 04:31:16', 54, 1),
(55, 100.00000, 120.00000, 110.00000, '2024-10-01 04:31:16', '2024-10-01 04:31:16', 55, 1),
(56, 100.00000, 120.00000, 110.00000, '2024-10-01 04:31:16', '2024-10-01 04:31:16', 56, 1),
(57, 100.00000, 120.00000, 110.00000, '2024-10-01 04:31:16', '2024-10-01 04:31:16', 57, 1),
(58, 100.00000, 120.00000, 110.00000, '2024-10-01 04:31:16', '2024-10-01 04:31:16', 58, 1),
(59, 100.00000, 120.00000, 110.00000, '2024-10-01 04:31:16', '2024-10-01 04:31:16', 59, 1),
(60, 100.00000, 120.00000, 110.00000, '2024-10-01 04:31:16', '2024-10-01 04:31:16', 60, 1),
(61, 100.00000, 120.00000, 110.00000, '2024-10-01 04:31:16', '2024-10-01 04:31:16', 61, 1),
(62, 100.00000, 120.00000, 110.00000, '2024-10-01 04:31:16', '2024-10-01 04:31:16', 62, 1),
(63, 100.00000, 120.00000, 110.00000, '2024-10-01 04:31:16', '2024-10-01 04:31:16', 63, 1),
(64, 100.00000, 120.00000, 110.00000, '2024-10-01 04:31:16', '2024-10-01 04:31:16', 64, 1),
(65, 100.00000, 120.00000, 110.00000, '2024-10-01 04:31:16', '2024-10-01 04:31:16', 65, 1),
(66, 100.00000, 120.00000, 110.00000, '2024-10-01 04:31:16', '2024-10-01 04:31:16', 66, 1),
(67, 100.00000, 120.00000, 110.00000, '2024-10-01 04:31:16', '2024-10-01 04:31:16', 67, 1),
(68, 100.00000, 120.00000, 110.00000, '2024-10-01 04:31:16', '2024-10-01 04:31:16', 68, 1),
(69, 100.00000, 120.00000, 110.00000, '2024-10-01 04:31:16', '2024-10-01 04:31:16', 69, 1),
(70, 100.00000, 120.00000, 110.00000, '2024-10-01 04:31:16', '2024-10-01 04:31:16', 70, 1),
(71, 100.00000, 120.00000, 110.00000, '2024-10-01 04:31:16', '2024-10-01 04:31:16', 71, 1),
(72, 100.00000, 120.00000, 110.00000, '2024-10-01 04:31:16', '2024-10-01 04:31:16', 72, 1),
(73, 100.00000, 120.00000, 110.00000, '2024-10-01 04:31:16', '2024-10-01 04:31:16', 73, 1),
(74, 100.00000, 120.00000, 110.00000, '2024-10-01 04:31:16', '2024-10-01 04:31:16', 74, 1),
(75, 100.00000, 120.00000, 110.00000, '2024-10-01 04:31:16', '2024-10-01 04:31:16', 75, 1),
(76, 100.00000, 120.00000, 110.00000, '2024-10-01 04:31:16', '2024-10-01 04:31:16', 76, 1),
(77, 100.00000, 120.00000, 110.00000, '2024-10-01 04:31:16', '2024-10-01 04:31:16', 77, 1),
(78, 100.00000, 120.00000, 110.00000, '2024-10-01 04:31:16', '2024-10-01 04:31:16', 78, 1),
(79, 100.00000, 120.00000, 110.00000, '2024-10-01 04:31:16', '2024-10-01 04:31:16', 79, 1),
(80, 100.00000, 120.00000, 110.00000, '2024-10-01 04:31:16', '2024-10-01 04:31:16', 80, 1),
(81, 100.00000, 120.00000, 110.00000, '2024-10-01 04:31:16', '2024-10-01 04:31:16', 81, 1),
(82, 100.00000, 120.00000, 110.00000, '2024-10-01 04:31:16', '2024-10-01 04:31:16', 82, 1),
(83, 100.00000, 120.00000, 110.00000, '2024-10-01 04:31:16', '2024-10-01 04:31:16', 83, 1),
(84, 100.00000, 120.00000, 110.00000, '2024-10-01 04:31:16', '2024-10-01 04:31:16', 84, 1),
(85, 100.00000, 120.00000, 110.00000, '2024-10-01 04:31:16', '2024-10-01 04:31:16', 85, 1),
(86, 100.00000, 120.00000, 110.00000, '2024-10-01 04:31:16', '2024-10-01 04:31:16', 86, 1),
(87, 100.00000, 120.00000, 110.00000, '2024-10-01 04:31:16', '2024-10-01 04:31:16', 87, 1),
(88, 100.00000, 120.00000, 110.00000, '2024-10-01 04:31:16', '2024-10-01 04:31:16', 88, 1),
(89, 100.00000, 120.00000, 110.00000, '2024-10-01 04:31:16', '2024-10-01 04:31:16', 89, 1),
(90, 100.00000, 120.00000, 110.00000, '2024-10-01 04:31:16', '2024-10-01 04:31:16', 90, 1),
(91, 100.00000, 120.00000, 110.00000, '2024-10-01 04:31:16', '2024-10-01 04:31:16', 91, 1),
(92, 100.00000, 120.00000, 110.00000, '2024-10-01 04:31:16', '2024-10-01 04:31:16', 92, 1),
(93, 100.00000, 120.00000, 110.00000, '2024-10-01 04:31:16', '2024-10-01 04:31:16', 93, 1),
(94, 100.00000, 120.00000, 110.00000, '2024-10-01 04:31:16', '2024-10-01 04:31:16', 94, 1),
(95, 100.00000, 120.00000, 110.00000, '2024-10-01 04:31:17', '2024-10-01 04:31:17', 95, 1),
(96, 100.00000, 120.00000, 110.00000, '2024-10-01 04:31:17', '2024-10-01 04:31:17', 96, 1),
(97, 100.00000, 120.00000, 110.00000, '2024-10-01 04:31:17', '2024-10-01 04:31:17', 97, 1),
(98, 100.00000, 120.00000, 110.00000, '2024-10-01 04:31:17', '2024-10-01 04:31:17', 98, 1),
(99, 100.00000, 120.00000, 110.00000, '2024-10-01 04:31:17', '2024-10-01 04:31:17', 99, 1),
(100, 100.00000, 120.00000, 110.00000, '2024-10-01 04:31:17', '2024-10-01 04:31:17', 100, 1);

-- 
-- Dumping data for table product_inventories
--
INSERT INTO product_inventories VALUES
(1, NULL, 'opening', '2024-10-01', 10.00000, 100, 1000.00000, '2024-10-01 04:31:16', '2024-10-01 04:31:16', 1, 1, NULL, 1, 1, 1),
(2, NULL, 'opening', '2024-10-01', 10.00000, 100, 1000.00000, '2024-10-01 04:31:16', '2024-10-01 04:31:16', 2, 1, NULL, 1, 1, 1),
(3, NULL, 'opening', '2024-10-01', 10.00000, 100, 1000.00000, '2024-10-01 04:31:16', '2024-10-01 04:31:16', 3, 1, NULL, 1, 1, 1),
(4, NULL, 'opening', '2024-10-01', 10.00000, 100, 1000.00000, '2024-10-01 04:31:16', '2024-10-01 04:31:16', 4, 1, NULL, 1, 1, 1),
(5, NULL, 'opening', '2024-10-01', 10.00000, 100, 1000.00000, '2024-10-01 04:31:16', '2024-10-01 04:31:16', 5, 1, NULL, 1, 1, 1),
(6, NULL, 'opening', '2024-10-01', 10.00000, 100, 1000.00000, '2024-10-01 04:31:16', '2024-10-01 04:31:16', 6, 1, NULL, 1, 1, 1),
(7, NULL, 'opening', '2024-10-01', 10.00000, 100, 1000.00000, '2024-10-01 04:31:16', '2024-10-01 04:31:16', 7, 1, NULL, 1, 1, 1),
(8, NULL, 'opening', '2024-10-01', 10.00000, 100, 1000.00000, '2024-10-01 04:31:16', '2024-10-01 04:31:16', 8, 1, NULL, 1, 1, 1),
(9, NULL, 'opening', '2024-10-01', 10.00000, 100, 1000.00000, '2024-10-01 04:31:16', '2024-10-01 04:31:16', 9, 1, NULL, 1, 1, 1),
(10, NULL, 'opening', '2024-10-01', 10.00000, 100, 1000.00000, '2024-10-01 04:31:16', '2024-10-01 04:31:16', 10, 1, NULL, 1, 1, 1),
(11, NULL, 'opening', '2024-10-01', 10.00000, 100, 1000.00000, '2024-10-01 04:31:16', '2024-10-01 04:31:16', 11, 1, NULL, 1, 1, 1),
(12, NULL, 'opening', '2024-10-01', 10.00000, 100, 1000.00000, '2024-10-01 04:31:16', '2024-10-01 04:31:16', 12, 1, NULL, 1, 1, 1),
(13, NULL, 'opening', '2024-10-01', 10.00000, 100, 1000.00000, '2024-10-01 04:31:16', '2024-10-01 04:31:16', 13, 1, NULL, 1, 1, 1),
(14, NULL, 'opening', '2024-10-01', 10.00000, 100, 1000.00000, '2024-10-01 04:31:16', '2024-10-01 04:31:16', 14, 1, NULL, 1, 1, 1),
(15, NULL, 'opening', '2024-10-01', 10.00000, 100, 1000.00000, '2024-10-01 04:31:16', '2024-10-01 04:31:16', 15, 1, NULL, 1, 1, 1),
(16, NULL, 'opening', '2024-10-01', 10.00000, 100, 1000.00000, '2024-10-01 04:31:16', '2024-10-01 04:31:16', 16, 1, NULL, 1, 1, 1),
(17, NULL, 'opening', '2024-10-01', 10.00000, 100, 1000.00000, '2024-10-01 04:31:16', '2024-10-01 04:31:16', 17, 1, NULL, 1, 1, 1),
(18, NULL, 'opening', '2024-10-01', 10.00000, 100, 1000.00000, '2024-10-01 04:31:16', '2024-10-01 04:31:16', 18, 1, NULL, 1, 1, 1),
(19, NULL, 'opening', '2024-10-01', 10.00000, 100, 1000.00000, '2024-10-01 04:31:16', '2024-10-01 04:31:16', 19, 1, NULL, 1, 1, 1),
(20, NULL, 'opening', '2024-10-01', 10.00000, 100, 1000.00000, '2024-10-01 04:31:16', '2024-10-01 04:31:16', 20, 1, NULL, 1, 1, 1),
(21, NULL, 'opening', '2024-10-01', 10.00000, 100, 1000.00000, '2024-10-01 04:31:16', '2024-10-01 04:31:16', 21, 1, NULL, 1, 1, 1),
(22, NULL, 'opening', '2024-10-01', 10.00000, 100, 1000.00000, '2024-10-01 04:31:16', '2024-10-01 04:31:16', 22, 1, NULL, 1, 1, 1),
(23, NULL, 'opening', '2024-10-01', 10.00000, 100, 1000.00000, '2024-10-01 04:31:16', '2024-10-01 04:31:16', 23, 1, NULL, 1, 1, 1),
(24, NULL, 'opening', '2024-10-01', 10.00000, 100, 1000.00000, '2024-10-01 04:31:16', '2024-10-01 04:31:16', 24, 1, NULL, 1, 1, 1),
(25, NULL, 'opening', '2024-10-01', 10.00000, 100, 1000.00000, '2024-10-01 04:31:16', '2024-10-01 04:31:16', 25, 1, NULL, 1, 1, 1),
(26, NULL, 'opening', '2024-10-01', 10.00000, 100, 1000.00000, '2024-10-01 04:31:16', '2024-10-01 04:31:16', 26, 1, NULL, 1, 1, 1),
(27, NULL, 'opening', '2024-10-01', 10.00000, 100, 1000.00000, '2024-10-01 04:31:16', '2024-10-01 04:31:16', 27, 1, NULL, 1, 1, 1),
(28, NULL, 'opening', '2024-10-01', 10.00000, 100, 1000.00000, '2024-10-01 04:31:16', '2024-10-01 04:31:16', 28, 1, NULL, 1, 1, 1),
(29, NULL, 'opening', '2024-10-01', 10.00000, 100, 1000.00000, '2024-10-01 04:31:16', '2024-10-01 04:31:16', 29, 1, NULL, 1, 1, 1),
(30, NULL, 'opening', '2024-10-01', 10.00000, 100, 1000.00000, '2024-10-01 04:31:16', '2024-10-01 04:31:16', 30, 1, NULL, 1, 1, 1),
(31, NULL, 'opening', '2024-10-01', 10.00000, 100, 1000.00000, '2024-10-01 04:31:16', '2024-10-01 04:31:16', 31, 1, NULL, 1, 1, 1),
(32, NULL, 'opening', '2024-10-01', 10.00000, 100, 1000.00000, '2024-10-01 04:31:16', '2024-10-01 04:31:16', 32, 1, NULL, 1, 1, 1),
(33, NULL, 'opening', '2024-10-01', 10.00000, 100, 1000.00000, '2024-10-01 04:31:16', '2024-10-01 04:31:16', 33, 1, NULL, 1, 1, 1),
(34, NULL, 'opening', '2024-10-01', 10.00000, 100, 1000.00000, '2024-10-01 04:31:16', '2024-10-01 04:31:16', 34, 1, NULL, 1, 1, 1),
(35, NULL, 'opening', '2024-10-01', 10.00000, 100, 1000.00000, '2024-10-01 04:31:16', '2024-10-01 04:31:16', 35, 1, NULL, 1, 1, 1),
(36, NULL, 'opening', '2024-10-01', 10.00000, 100, 1000.00000, '2024-10-01 04:31:16', '2024-10-01 04:31:16', 36, 1, NULL, 1, 1, 1),
(37, NULL, 'opening', '2024-10-01', 10.00000, 100, 1000.00000, '2024-10-01 04:31:16', '2024-10-01 04:31:16', 37, 1, NULL, 1, 1, 1),
(38, NULL, 'opening', '2024-10-01', 10.00000, 100, 1000.00000, '2024-10-01 04:31:16', '2024-10-01 04:31:16', 38, 1, NULL, 1, 1, 1),
(39, NULL, 'opening', '2024-10-01', 10.00000, 100, 1000.00000, '2024-10-01 04:31:16', '2024-10-01 04:31:16', 39, 1, NULL, 1, 1, 1),
(40, NULL, 'opening', '2024-10-01', 10.00000, 100, 1000.00000, '2024-10-01 04:31:16', '2024-10-01 04:31:16', 40, 1, NULL, 1, 1, 1),
(41, NULL, 'opening', '2024-10-01', 10.00000, 100, 1000.00000, '2024-10-01 04:31:16', '2024-10-01 04:31:16', 41, 1, NULL, 1, 1, 1),
(42, NULL, 'opening', '2024-10-01', 10.00000, 100, 1000.00000, '2024-10-01 04:31:16', '2024-10-01 04:31:16', 42, 1, NULL, 1, 1, 1),
(43, NULL, 'opening', '2024-10-01', 10.00000, 100, 1000.00000, '2024-10-01 04:31:16', '2024-10-01 04:31:16', 43, 1, NULL, 1, 1, 1),
(44, NULL, 'opening', '2024-10-01', 10.00000, 100, 1000.00000, '2024-10-01 04:31:16', '2024-10-01 04:31:16', 44, 1, NULL, 1, 1, 1),
(45, NULL, 'opening', '2024-10-01', 10.00000, 100, 1000.00000, '2024-10-01 04:31:16', '2024-10-01 04:31:16', 45, 1, NULL, 1, 1, 1),
(46, NULL, 'opening', '2024-10-01', 10.00000, 100, 1000.00000, '2024-10-01 04:31:16', '2024-10-01 04:31:16', 46, 1, NULL, 1, 1, 1),
(47, NULL, 'opening', '2024-10-01', 10.00000, 100, 1000.00000, '2024-10-01 04:31:16', '2024-10-01 04:31:16', 47, 1, NULL, 1, 1, 1),
(48, NULL, 'opening', '2024-10-01', 10.00000, 100, 1000.00000, '2024-10-01 04:31:16', '2024-10-01 04:31:16', 48, 1, NULL, 1, 1, 1),
(49, NULL, 'opening', '2024-10-01', 10.00000, 100, 1000.00000, '2024-10-01 04:31:16', '2024-10-01 04:31:16', 49, 1, NULL, 1, 1, 1),
(50, NULL, 'opening', '2024-10-01', 10.00000, 100, 1000.00000, '2024-10-01 04:31:16', '2024-10-01 04:31:16', 50, 1, NULL, 1, 1, 1),
(51, NULL, 'opening', '2024-10-01', 10.00000, 100, 1000.00000, '2024-10-01 04:31:16', '2024-10-01 04:31:16', 51, 1, NULL, 1, 1, 1),
(52, NULL, 'opening', '2024-10-01', 10.00000, 100, 1000.00000, '2024-10-01 04:31:16', '2024-10-01 04:31:16', 52, 1, NULL, 1, 1, 1),
(53, NULL, 'opening', '2024-10-01', 10.00000, 100, 1000.00000, '2024-10-01 04:31:16', '2024-10-01 04:31:16', 53, 1, NULL, 1, 1, 1),
(54, NULL, 'opening', '2024-10-01', 10.00000, 100, 1000.00000, '2024-10-01 04:31:16', '2024-10-01 04:31:16', 54, 1, NULL, 1, 1, 1),
(55, NULL, 'opening', '2024-10-01', 10.00000, 100, 1000.00000, '2024-10-01 04:31:16', '2024-10-01 04:31:16', 55, 1, NULL, 1, 1, 1),
(56, NULL, 'opening', '2024-10-01', 10.00000, 100, 1000.00000, '2024-10-01 04:31:16', '2024-10-01 04:31:16', 56, 1, NULL, 1, 1, 1),
(57, NULL, 'opening', '2024-10-01', 10.00000, 100, 1000.00000, '2024-10-01 04:31:16', '2024-10-01 04:31:16', 57, 1, NULL, 1, 1, 1),
(58, NULL, 'opening', '2024-10-01', 10.00000, 100, 1000.00000, '2024-10-01 04:31:16', '2024-10-01 04:31:16', 58, 1, NULL, 1, 1, 1),
(59, NULL, 'opening', '2024-10-01', 10.00000, 100, 1000.00000, '2024-10-01 04:31:16', '2024-10-01 04:31:16', 59, 1, NULL, 1, 1, 1),
(60, NULL, 'opening', '2024-10-01', 10.00000, 100, 1000.00000, '2024-10-01 04:31:16', '2024-10-01 04:31:16', 60, 1, NULL, 1, 1, 1),
(61, NULL, 'opening', '2024-10-01', 10.00000, 100, 1000.00000, '2024-10-01 04:31:16', '2024-10-01 04:31:16', 61, 1, NULL, 1, 1, 1),
(62, NULL, 'opening', '2024-10-01', 10.00000, 100, 1000.00000, '2024-10-01 04:31:16', '2024-10-01 04:31:16', 62, 1, NULL, 1, 1, 1),
(63, NULL, 'opening', '2024-10-01', 10.00000, 100, 1000.00000, '2024-10-01 04:31:16', '2024-10-01 04:31:16', 63, 1, NULL, 1, 1, 1),
(64, NULL, 'opening', '2024-10-01', 10.00000, 100, 1000.00000, '2024-10-01 04:31:16', '2024-10-01 04:31:16', 64, 1, NULL, 1, 1, 1),
(65, NULL, 'opening', '2024-10-01', 10.00000, 100, 1000.00000, '2024-10-01 04:31:16', '2024-10-01 04:31:16', 65, 1, NULL, 1, 1, 1),
(66, NULL, 'opening', '2024-10-01', 10.00000, 100, 1000.00000, '2024-10-01 04:31:16', '2024-10-01 04:31:16', 66, 1, NULL, 1, 1, 1),
(67, NULL, 'opening', '2024-10-01', 10.00000, 100, 1000.00000, '2024-10-01 04:31:16', '2024-10-01 04:31:16', 67, 1, NULL, 1, 1, 1),
(68, NULL, 'opening', '2024-10-01', 10.00000, 100, 1000.00000, '2024-10-01 04:31:16', '2024-10-01 04:31:16', 68, 1, NULL, 1, 1, 1),
(69, NULL, 'opening', '2024-10-01', 10.00000, 100, 1000.00000, '2024-10-01 04:31:16', '2024-10-01 04:31:16', 69, 1, NULL, 1, 1, 1),
(70, NULL, 'opening', '2024-10-01', 10.00000, 100, 1000.00000, '2024-10-01 04:31:16', '2024-10-01 04:31:16', 70, 1, NULL, 1, 1, 1),
(71, NULL, 'opening', '2024-10-01', 10.00000, 100, 1000.00000, '2024-10-01 04:31:16', '2024-10-01 04:31:16', 71, 1, NULL, 1, 1, 1),
(72, NULL, 'opening', '2024-10-01', 10.00000, 100, 1000.00000, '2024-10-01 04:31:16', '2024-10-01 04:31:16', 72, 1, NULL, 1, 1, 1),
(73, NULL, 'opening', '2024-10-01', 10.00000, 100, 1000.00000, '2024-10-01 04:31:16', '2024-10-01 04:31:16', 73, 1, NULL, 1, 1, 1),
(74, NULL, 'opening', '2024-10-01', 10.00000, 100, 1000.00000, '2024-10-01 04:31:16', '2024-10-01 04:31:16', 74, 1, NULL, 1, 1, 1),
(75, NULL, 'opening', '2024-10-01', 10.00000, 100, 1000.00000, '2024-10-01 04:31:16', '2024-10-01 04:31:16', 75, 1, NULL, 1, 1, 1),
(76, NULL, 'opening', '2024-10-01', 10.00000, 100, 1000.00000, '2024-10-01 04:31:16', '2024-10-01 04:31:16', 76, 1, NULL, 1, 1, 1),
(77, NULL, 'opening', '2024-10-01', 10.00000, 100, 1000.00000, '2024-10-01 04:31:16', '2024-10-01 04:31:16', 77, 1, NULL, 1, 1, 1),
(78, NULL, 'opening', '2024-10-01', 10.00000, 100, 1000.00000, '2024-10-01 04:31:16', '2024-10-01 04:31:16', 78, 1, NULL, 1, 1, 1),
(79, NULL, 'opening', '2024-10-01', 10.00000, 100, 1000.00000, '2024-10-01 04:31:16', '2024-10-01 04:31:16', 79, 1, NULL, 1, 1, 1),
(80, NULL, 'opening', '2024-10-01', 10.00000, 100, 1000.00000, '2024-10-01 04:31:16', '2024-10-01 04:31:16', 80, 1, NULL, 1, 1, 1),
(81, NULL, 'opening', '2024-10-01', 10.00000, 100, 1000.00000, '2024-10-01 04:31:16', '2024-10-01 04:31:16', 81, 1, NULL, 1, 1, 1),
(82, NULL, 'opening', '2024-10-01', 10.00000, 100, 1000.00000, '2024-10-01 04:31:16', '2024-10-01 04:31:16', 82, 1, NULL, 1, 1, 1),
(83, NULL, 'opening', '2024-10-01', 10.00000, 100, 1000.00000, '2024-10-01 04:31:16', '2024-10-01 04:31:16', 83, 1, NULL, 1, 1, 1),
(84, NULL, 'opening', '2024-10-01', 10.00000, 100, 1000.00000, '2024-10-01 04:31:16', '2024-10-01 04:31:16', 84, 1, NULL, 1, 1, 1),
(85, NULL, 'opening', '2024-10-01', 10.00000, 100, 1000.00000, '2024-10-01 04:31:16', '2024-10-01 04:31:16', 85, 1, NULL, 1, 1, 1),
(86, NULL, 'opening', '2024-10-01', 10.00000, 100, 1000.00000, '2024-10-01 04:31:16', '2024-10-01 04:31:16', 86, 1, NULL, 1, 1, 1),
(87, NULL, 'opening', '2024-10-01', 10.00000, 100, 1000.00000, '2024-10-01 04:31:16', '2024-10-01 04:31:16', 87, 1, NULL, 1, 1, 1),
(88, NULL, 'opening', '2024-10-01', 10.00000, 100, 1000.00000, '2024-10-01 04:31:16', '2024-10-01 04:31:16', 88, 1, NULL, 1, 1, 1),
(89, NULL, 'opening', '2024-10-01', 10.00000, 100, 1000.00000, '2024-10-01 04:31:16', '2024-10-01 04:31:16', 89, 1, NULL, 1, 1, 1),
(90, NULL, 'opening', '2024-10-01', 10.00000, 100, 1000.00000, '2024-10-01 04:31:16', '2024-10-01 04:31:16', 90, 1, NULL, 1, 1, 1),
(91, NULL, 'opening', '2024-10-01', 10.00000, 100, 1000.00000, '2024-10-01 04:31:16', '2024-10-01 04:31:16', 91, 1, NULL, 1, 1, 1),
(92, NULL, 'opening', '2024-10-01', 10.00000, 100, 1000.00000, '2024-10-01 04:31:16', '2024-10-01 04:31:16', 92, 1, NULL, 1, 1, 1),
(93, NULL, 'opening', '2024-10-01', 10.00000, 100, 1000.00000, '2024-10-01 04:31:16', '2024-10-01 04:31:16', 93, 1, NULL, 1, 1, 1),
(94, NULL, 'opening', '2024-10-01', 10.00000, 100, 1000.00000, '2024-10-01 04:31:16', '2024-10-01 04:31:16', 94, 1, NULL, 1, 1, 1),
(95, NULL, 'opening', '2024-10-01', 10.00000, 100, 1000.00000, '2024-10-01 04:31:17', '2024-10-01 04:31:17', 95, 1, NULL, 1, 1, 1),
(96, NULL, 'opening', '2024-10-01', 10.00000, 100, 1000.00000, '2024-10-01 04:31:17', '2024-10-01 04:31:17', 96, 1, NULL, 1, 1, 1),
(97, NULL, 'opening', '2024-10-01', 10.00000, 100, 1000.00000, '2024-10-01 04:31:17', '2024-10-01 04:31:17', 97, 1, NULL, 1, 1, 1),
(98, NULL, 'opening', '2024-10-01', 10.00000, 100, 1000.00000, '2024-10-01 04:31:17', '2024-10-01 04:31:17', 98, 1, NULL, 1, 1, 1),
(99, NULL, 'opening', '2024-10-01', 10.00000, 100, 1000.00000, '2024-10-01 04:31:17', '2024-10-01 04:31:17', 99, 1, NULL, 1, 1, 1),
(100, NULL, 'opening', '2024-10-01', 10.00000, 100, 1000.00000, '2024-10-01 04:31:17', '2024-10-01 04:31:17', 100, 1, NULL, 1, 1, 1);

-- Table mega_sign_rental_2024_db.product_features does not contain any data (it is empty)

-- Table mega_sign_rental_2024_db.product_batches does not contain any data (it is empty)

-- 
-- Dumping data for table products
--
INSERT INTO products VALUES
(1, 'INV-000001', 'Latitude.', 'voluptatem', 'Est et incidunt repellendus qui reprehenderit consectetur. Quos voluptates placeat repellendus omnis laudantium. Hic enim necessitatibus accusamus impedit minus qui quos.', 1, 'Ratke and Sons', 1, '2024-10-01 04:31:16', '2024-10-01 04:31:16', 3, 24, 1, 1, 1),
(2, 'INV-000002', 'She went.', 'enim', 'Non molestiae eum aut adipisci molestiae quaerat. Qui fugit cum recusandae aperiam fugiat rerum. Molestias corporis quo laboriosam sint illo eius aut.', 1, 'Toy, Marquardt and McKenzie', 1, '2024-10-01 04:31:16', '2024-10-01 04:31:16', 2, 10, 1, 1, 1),
(3, 'INV-000003', 'On which.', 'perferendis', 'Velit eligendi unde at adipisci. Est labore iure fuga. Vitae aut est labore doloribus incidunt. Molestiae temporibus sed sit rem.', 1, 'Kuhn, Gislason and Bashirian', 1, '2024-10-01 04:31:16', '2024-10-01 04:31:16', 2, 22, 1, 1, 1),
(4, 'INV-000004', 'King. On.', 'ut', 'Tenetur vel vitae quam molestias. Ut fuga et ut velit modi praesentium. Consectetur voluptas hic ea eveniet quasi.', 1, 'Kertzmann-Langworth', 1, '2024-10-01 04:31:16', '2024-10-01 04:31:16', 4, 11, 1, 1, 1),
(5, 'INV-000005', 'She soon.', 'non', 'Porro facilis ut quos sit debitis quasi. Porro quia et dolorem aut possimus. Quasi et eaque placeat autem officia.', 1, 'Herman, Jerde and Hettinger', 1, '2024-10-01 04:31:16', '2024-10-01 04:31:16', 7, 2, 1, 1, 1),
(6, 'INV-000006', 'She felt.', 'autem', 'Id dignissimos nisi sit. Repudiandae harum veniam nulla. Pariatur placeat ullam magnam est error aut sit. Dolorum eaque sequi qui magnam repellat.', 1, 'Hintz PLC', 1, '2024-10-01 04:31:16', '2024-10-01 04:31:16', 2, 20, 1, 1, 1),
(7, 'INV-000007', 'She felt.', 'mollitia', 'Blanditiis consequatur cupiditate aliquam nemo. Autem harum dolorum eveniet ut ea qui sed.', 1, 'Krajcik, Nitzsche and Bauch', 1, '2024-10-01 04:31:16', '2024-10-01 04:31:16', 4, 41, 1, 1, 1),
(8, 'INV-000008', 'Alice to.', 'dolor', 'Vel ullam dolore explicabo non. Architecto error temporibus sed inventore ullam rem cum. Voluptatem illo consequuntur eum. Ut voluptas reiciendis reprehenderit.', 1, 'Yost and Sons', 1, '2024-10-01 04:31:16', '2024-10-01 04:31:16', 7, 5, 1, 1, 1),
(9, 'INV-000009', 'Dormouse.', 'et', 'Quia fugiat impedit voluptates sapiente velit perspiciatis. Recusandae vitae et quisquam et rerum est. Magni occaecati cumque est rem itaque magnam.', 1, 'Johnson-Smith', 1, '2024-10-01 04:31:16', '2024-10-01 04:31:16', 6, 29, 1, 1, 1),
(10, 'INV-000010', 'VOICE OF.', 'hic', 'Tempore non aperiam sed non ut minima. Repellat sint qui et sed. Laboriosam sit officia repudiandae et impedit nesciunt veritatis repellat. Alias aliquam magni vero reiciendis.', 1, 'Ankunding, McKenzie and Oberbrunner', 1, '2024-10-01 04:31:16', '2024-10-01 04:31:16', 6, 39, 1, 1, 1),
(11, 'INV-000011', 'Cat, ''or.', 'tenetur', 'Aut voluptas facilis non fuga sunt natus atque. Et qui accusamus et ea dolorem et. Unde maiores velit id dignissimos et.', 1, 'Hickle, Keebler and Russel', 1, '2024-10-01 04:31:16', '2024-10-01 04:31:16', 1, 24, 1, 1, 1),
(12, 'INV-000012', 'Latitude.', 'facere', 'Excepturi fugit in tempora autem ab similique. Ipsa maxime ipsam ut deleniti ad. Minima esse quia voluptatem qui dolores.', 1, 'Nitzsche, Stoltenberg and Beatty', 1, '2024-10-01 04:31:16', '2024-10-01 04:31:16', 3, 11, 1, 1, 1),
(13, 'INV-000013', 'She went.', 'eveniet', 'Saepe quod et illo. Sit quis error laboriosam aperiam ut. Maiores facere veniam quasi tenetur voluptatem voluptas. Nulla est rerum veritatis.', 1, 'Fay Inc', 1, '2024-10-01 04:31:16', '2024-10-01 04:31:16', 2, 17, 1, 1, 1),
(14, 'INV-000014', 'I wish I.', 'maxime', 'Nesciunt voluptatum ipsam aut eos qui et sapiente. Odio aliquid error quidem. Aliquid commodi nostrum praesentium nesciunt quo.', 1, 'Wyman-D''Amore', 1, '2024-10-01 04:31:16', '2024-10-01 04:31:16', 3, 19, 1, 1, 1),
(15, 'INV-000015', 'A little.', 'ducimus', 'Voluptates quis recusandae eum asperiores voluptatem. Ut excepturi et rerum. Quod odit vel rerum dolore sit ea. In et quidem natus.', 1, 'Stroman-Blick', 1, '2024-10-01 04:31:16', '2024-10-01 04:31:16', 3, 13, 1, 1, 1),
(16, 'INV-000016', 'Bill had.', 'iusto', 'Voluptatem asperiores esse unde sint. Cupiditate neque quam quia non autem magni. Repudiandae deserunt et inventore eum facere facilis. Delectus molestiae omnis est vitae voluptatem.', 1, 'Becker Ltd', 1, '2024-10-01 04:31:16', '2024-10-01 04:31:16', 6, 49, 1, 1, 1),
(17, 'INV-000017', 'She took.', 'pariatur', 'Voluptatum et quidem enim provident. Aut dolorem numquam quo quis fugiat illum error. Ullam exercitationem aut corrupti.', 1, 'Reilly and Sons', 1, '2024-10-01 04:31:16', '2024-10-01 04:31:16', 2, 5, 1, 1, 1),
(18, 'INV-000018', 'I to get.', 'reprehenderit', 'Quo qui earum perferendis quae quod. Eum nostrum velit dolorem. Nemo officiis id accusamus accusantium. Cumque eaque enim rerum et dolorum.', 1, 'Erdman-Medhurst', 1, '2024-10-01 04:31:16', '2024-10-01 04:31:16', 4, 28, 1, 1, 1),
(19, 'INV-000019', 'Queen in.', 'temporibus', 'In veniam eum rem rem inventore. Praesentium sed qui quis voluptates. Inventore aut doloribus eaque harum ipsam nobis. Ad saepe dolores accusantium illo dolor.', 1, 'Schamberger Group', 1, '2024-10-01 04:31:16', '2024-10-01 04:31:16', 3, 12, 1, 1, 1),
(20, 'INV-000020', 'Cat, and.', 'est', 'Quis eum aut cumque. Vel qui eaque aperiam autem. Quidem doloremque deserunt aliquid sunt.', 1, 'Sawayn, Jones and Rosenbaum', 1, '2024-10-01 04:31:16', '2024-10-01 04:31:16', 5, 9, 1, 1, 1),
(21, 'INV-000021', 'YOU like.', 'repellendus', 'Enim perspiciatis autem a quam deleniti. Unde non ipsam rerum. Eveniet repellat qui molestiae.', 1, 'Botsford-Kris', 1, '2024-10-01 04:31:16', '2024-10-01 04:31:16', 5, 12, 1, 1, 1),
(22, 'INV-000022', 'Hatter''s.', 'eligendi', 'Iusto aut in omnis tempore aut. Molestiae aut illum est inventore similique inventore. Veniam fugiat eaque amet dolorem officiis consequatur non. Autem laudantium qui eaque consectetur consequuntur.', 1, 'Wunsch and Sons', 1, '2024-10-01 04:31:16', '2024-10-01 04:31:16', 6, 34, 1, 1, 1),
(23, 'INV-000023', 'Cat; and.', 'consequatur', 'Quis nostrum maxime quia temporibus ut sint itaque. Odit est ut quia blanditiis. Voluptas quia quidem voluptatum consequatur. Distinctio fuga est recusandae nihil.', 1, 'Murphy LLC', 1, '2024-10-01 04:31:16', '2024-10-01 04:31:16', 7, 48, 1, 1, 1),
(24, 'INV-000024', 'So Alice.', 'labore', 'Sit quod ducimus fugiat ut a. Animi commodi unde voluptates minus rem. Sit nesciunt non quasi id accusantium voluptate.', 1, 'Shanahan Ltd', 1, '2024-10-01 04:31:16', '2024-10-01 04:31:16', 2, 44, 1, 1, 1),
(25, 'INV-000025', 'I can go.', 'officia', 'Autem et est fuga laborum molestiae eveniet. Qui expedita dolorem deserunt similique. Nesciunt neque omnis impedit ut est libero.', 1, 'Reilly, Hoeger and Cormier', 1, '2024-10-01 04:31:16', '2024-10-01 04:31:16', 6, 42, 1, 1, 1),
(26, 'INV-000026', 'Cheshire.', 'deleniti', 'Perspiciatis nisi veritatis sit blanditiis. Repellat praesentium occaecati delectus quasi atque. Vel id quis nostrum iste ipsam ut pariatur. Quasi nobis id mollitia quas.', 1, 'Pouros Ltd', 1, '2024-10-01 04:31:16', '2024-10-01 04:31:16', 3, 31, 1, 1, 1),
(27, 'INV-000027', 'Alice to.', 'provident', 'Aut numquam numquam nulla tempore possimus eius natus. Dolores iure deleniti delectus quis. Aut minus et eos tempora et. Perspiciatis voluptas sunt quia cupiditate suscipit error.', 1, 'Gleichner, Dietrich and Raynor', 1, '2024-10-01 04:31:16', '2024-10-01 04:31:16', 3, 16, 1, 1, 1),
(28, 'INV-000028', 'Alice in.', 'blanditiis', 'Ab odio similique atque aut quod laborum. Excepturi rem minima vero dolorum. Voluptatem quis corporis quia doloremque repellendus et et. Soluta velit sint deserunt sit rerum tempore.', 1, 'White, Beier and Moen', 1, '2024-10-01 04:31:16', '2024-10-01 04:31:16', 7, 21, 1, 1, 1),
(29, 'INV-000029', 'Oh dear!.', 'aut', 'Rem cupiditate dolores eos quidem. Debitis laudantium aspernatur minus officia omnis sed. Qui nemo non molestiae totam.', 1, 'Orn Group', 1, '2024-10-01 04:31:16', '2024-10-01 04:31:16', 8, 17, 1, 1, 1),
(30, 'INV-000030', 'King had.', 'delectus', 'Rerum repellat quis at. Vero maiores enim at. Beatae consequuntur nihil dolorem officia omnis a dolorem alias. Vel odit minus neque provident rerum.', 1, 'Harber-Yost', 1, '2024-10-01 04:31:16', '2024-10-01 04:31:16', 8, 47, 1, 1, 1),
(31, 'INV-000031', 'Said the.', 'commodi', 'Voluptatem distinctio qui soluta totam. Ratione aut similique officiis omnis exercitationem. In perferendis in voluptas iusto delectus.', 1, 'Marks, Price and Satterfield', 1, '2024-10-01 04:31:16', '2024-10-01 04:31:16', 4, 37, 1, 1, 1),
(32, 'INV-000032', 'Dinah my.', 'praesentium', 'Voluptatum voluptates optio consectetur facere debitis vero. Est ut earum omnis vitae. Tempora numquam facilis omnis mollitia quasi. Nulla rerum explicabo consequatur aut atque cum ea nisi.', 1, 'Casper, Osinski and Frami', 1, '2024-10-01 04:31:16', '2024-10-01 04:31:16', 3, 47, 1, 1, 1),
(33, 'INV-000033', 'SOMEBODY.', 'quisquam', 'Sunt minima sunt sed quae in corporis. Quia omnis sunt voluptatum porro. Soluta iure molestiae dolor debitis.', 1, 'Walker Inc', 1, '2024-10-01 04:31:16', '2024-10-01 04:31:16', 1, 3, 1, 1, 1),
(34, 'INV-000034', 'They had.', 'earum', 'Eos non consequatur id vel voluptas tenetur. Laborum quae at qui ipsam. Quis ut voluptas aut rerum temporibus rerum nobis recusandae. Ipsa sit officiis officiis sit qui quia.', 1, 'Bins-Hyatt', 1, '2024-10-01 04:31:16', '2024-10-01 04:31:16', 5, 33, 1, 1, 1),
(35, 'INV-000035', 'I hadn''t.', 'adipisci', 'Dolore et mollitia tempore nulla sapiente. Similique provident enim animi. Rerum ducimus rerum dolores omnis ut.', 1, 'Hauck, Willms and Zboncak', 1, '2024-10-01 04:31:16', '2024-10-01 04:31:16', 2, 46, 1, 1, 1),
(36, 'INV-000036', 'I''ll set.', 'sunt', 'Deserunt voluptatem et excepturi qui ut. Non consequatur iste nam consequatur. Possimus ut laboriosam aliquam distinctio et voluptate officia. Voluptatem quia ipsam vel nam.', 1, 'Schneider-Emard', 1, '2024-10-01 04:31:16', '2024-10-01 04:31:16', 1, 25, 1, 1, 1),
(37, 'INV-000037', 'WHAT are.', 'laboriosam', 'Aut sequi ipsa maxime aliquid. Ipsam natus eos praesentium culpa. Quia eum dolorem consequatur est quia. Quasi adipisci vitae culpa error.', 1, 'Swift PLC', 1, '2024-10-01 04:31:16', '2024-10-01 04:31:16', 8, 5, 1, 1, 1),
(38, 'INV-000038', 'I''ll set.', 'eos', 'Doloribus magni quidem ut. Occaecati doloremque et qui soluta. Aspernatur non hic nesciunt tempora reiciendis ipsam praesentium voluptas.', 1, 'Marquardt-Gerlach', 1, '2024-10-01 04:31:16', '2024-10-01 04:31:16', 2, 2, 1, 1, 1),
(39, 'INV-000039', 'HAVE you.', 'alias', 'Commodi libero voluptas minima consequatur esse. Aut libero ut fuga totam qui rerum excepturi.', 1, 'Koch-Kihn', 1, '2024-10-01 04:31:16', '2024-10-01 04:31:16', 6, 28, 1, 1, 1),
(40, 'INV-000040', 'The poor.', 'cumque', 'Odio sapiente aut expedita cum. Vel earum quia eum est qui sint velit. Quaerat iure ullam est repellendus. Sed voluptatum dolorem eveniet aspernatur.', 1, 'Langworth, Kemmer and Torphy', 1, '2024-10-01 04:31:16', '2024-10-01 04:31:16', 6, 11, 1, 1, 1),
(41, 'INV-000041', 'Cat: now.', 'dolorem', 'Repellat facilis qui veniam et voluptatum quod. Dolorem non est est sed similique. Recusandae expedita ipsum ut quis ullam doloribus.', 1, 'Bergnaum, Dicki and Treutel', 1, '2024-10-01 04:31:16', '2024-10-01 04:31:16', 7, 41, 1, 1, 1),
(42, 'INV-000042', 'Cat, and.', 'eum', 'Eveniet et enim eum eos. Iste non totam ut saepe corrupti aut voluptatibus ut. Molestiae deserunt doloribus nisi ab soluta eum non minima. Magni quibusdam placeat voluptatem eaque.', 1, 'Herzog-Mante', 1, '2024-10-01 04:31:16', '2024-10-01 04:31:16', 2, 26, 1, 1, 1),
(43, 'INV-000043', 'Alice in.', 'rerum', 'Omnis delectus similique ut dolor saepe. Consequatur rem amet deleniti similique vitae pariatur deleniti. Non sit id est maxime. Temporibus quam similique a omnis.', 1, 'Stark, Stoltenberg and Lueilwitz', 1, '2024-10-01 04:31:16', '2024-10-01 04:31:16', 1, 45, 1, 1, 1),
(44, 'INV-000044', 'HIS time.', 'qui', 'Provident aut sint optio. Et qui ut tempore quo facere sed minus debitis. Rerum asperiores perspiciatis minus voluptate.', 1, 'Huels and Sons', 1, '2024-10-01 04:31:16', '2024-10-01 04:31:16', 5, 20, 1, 1, 1),
(45, 'INV-000045', 'For, you.', 'expedita', 'Sit nobis commodi fuga et. Vitae rerum veritatis cum et in quia ipsam nihil. Non est rerum sunt quis accusamus laborum porro.', 1, 'Hintz and Sons', 1, '2024-10-01 04:31:16', '2024-10-01 04:31:16', 5, 2, 1, 1, 1),
(46, 'INV-000046', 'The only.', 'maiores', 'Alias unde vitae sed est dolores. Minima et commodi maiores omnis. Recusandae quam magni ipsam dolorum nam. Qui et tempora rerum illum dolorem.', 1, 'Stanton, Ledner and Sipes', 1, '2024-10-01 04:31:16', '2024-10-01 04:31:16', 5, 33, 1, 1, 1),
(47, 'INV-000047', 'I was, I.', 'sequi', 'Molestiae placeat vel sequi quis. Voluptas delectus et facere ducimus dolores. Hic deserunt aut sunt omnis. Vel omnis voluptatem ut quos itaque fugit voluptatem.', 1, 'Christiansen LLC', 1, '2024-10-01 04:31:16', '2024-10-01 04:31:16', 5, 20, 1, 1, 1),
(48, 'INV-000048', 'DOES THE.', 'rem', 'Minus amet fuga optio. Quod quo necessitatibus esse et qui. Laboriosam facilis consequatur praesentium fuga quo est.', 1, 'Mills, Cremin and Jast', 1, '2024-10-01 04:31:16', '2024-10-01 04:31:16', 1, 37, 1, 1, 1),
(49, 'INV-000049', 'Lizard''s.', 'asperiores', 'Delectus ipsam commodi ut ipsa repellendus officia laudantium est. Omnis rerum at sed accusantium tempora. Quidem facere deserunt aut eveniet. Impedit laudantium dolorem nisi non sed modi.', 1, 'Lemke Inc', 1, '2024-10-01 04:31:16', '2024-10-01 04:31:16', 3, 27, 1, 1, 1),
(50, 'INV-000050', 'I shan''t.', 'quaerat', 'At dolor et ipsam sed molestiae incidunt. Vero repellat perspiciatis qui reiciendis aut. Perferendis harum atque eum ab in.', 1, 'Barrows-Mills', 1, '2024-10-01 04:31:16', '2024-10-01 04:31:16', 3, 1, 1, 1, 1),
(51, 'INV-000051', 'I''m sure.', 'sint', 'Velit delectus numquam est nisi. Voluptatem aut similique facere sed quibusdam consequatur ea. Qui molestiae in perferendis aspernatur ut similique blanditiis. Nesciunt officiis quaerat suscipit aut.', 1, 'Stanton, Bogan and Howell', 1, '2024-10-01 04:31:16', '2024-10-01 04:31:16', 7, 8, 1, 1, 1),
(52, 'INV-000052', 'They all.', 'numquam', 'Nam eveniet et deleniti fugit ipsum magni. Mollitia numquam rerum sit ut quisquam ut. Minima assumenda alias laborum aut dolorum.', 1, 'Muller-Wisozk', 1, '2024-10-01 04:31:16', '2024-10-01 04:31:16', 5, 25, 1, 1, 1),
(53, 'INV-000053', 'I should.', 'tempora', 'Quo officia deleniti impedit incidunt et et et. Tempore ipsum expedita voluptatem qui voluptatem eum ut. Et aperiam ipsam fuga fugit. Maiores animi sit atque dolorem.', 1, 'Jakubowski-Lebsack', 1, '2024-10-01 04:31:16', '2024-10-01 04:31:16', 5, 25, 1, 1, 1),
(54, 'INV-000054', 'Dodo had.', 'voluptates', 'Fugit sed ad facere. Nam cumque est omnis in error. Modi quas id cupiditate omnis. Quo dolorem veniam neque non omnis at est.', 1, 'Fritsch and Sons', 1, '2024-10-01 04:31:16', '2024-10-01 04:31:16', 6, 18, 1, 1, 1),
(55, 'INV-000055', 'Dormouse.', 'inventore', 'Quae error maiores aut minus perspiciatis id tempora. Beatae mollitia non nemo. Veritatis enim repudiandae odio amet. Iure nam quam id pariatur.', 1, 'Will, Howe and O''Kon', 1, '2024-10-01 04:31:16', '2024-10-01 04:31:16', 2, 43, 1, 1, 1),
(56, 'INV-000056', 'HAVE you.', 'odio', 'Sed culpa enim quasi et ut nihil laudantium. Iste illo molestias similique animi. Quia debitis aliquam autem corrupti eius molestiae.', 1, 'Ward, Bartell and Considine', 1, '2024-10-01 04:31:16', '2024-10-01 04:31:16', 2, 38, 1, 1, 1),
(57, 'INV-000057', 'The only.', 'voluptatum', 'Nesciunt enim eos voluptas quia tenetur voluptatum qui. Ab error facere quis alias omnis sit. Quis nesciunt ratione labore ut voluptas qui.', 1, 'Boyer-Fay', 1, '2024-10-01 04:31:16', '2024-10-01 04:31:16', 1, 29, 1, 1, 1),
(58, 'INV-000058', 'Alice to.', 'dolorum', 'Ut expedita sed laboriosam officiis unde accusantium. Nulla ipsam aut doloremque minus placeat laboriosam. Nemo magnam cumque quia. Expedita ut enim a excepturi.', 1, 'Kautzer, Baumbach and Lueilwitz', 1, '2024-10-01 04:31:16', '2024-10-01 04:31:16', 1, 25, 1, 1, 1),
(59, 'INV-000059', 'I''ll get.', 'aliquam', 'Sed explicabo culpa consequatur non. Et aut quis ipsam laboriosam minus. Eveniet molestiae eos voluptatem sint et optio enim. Deserunt hic magni quaerat sit ut vel.', 1, 'Cremin-Gislason', 1, '2024-10-01 04:31:16', '2024-10-01 04:31:16', 2, 36, 1, 1, 1),
(60, 'INV-000060', 'I''m sure.', 'voluptas', 'Soluta sed eos inventore. Magnam accusantium necessitatibus laborum adipisci. Alias fugiat rerum blanditiis perspiciatis.', 1, 'Graham and Sons', 1, '2024-10-01 04:31:16', '2024-10-01 04:31:16', 7, 33, 1, 1, 1),
(61, 'INV-000061', 'I wonder.', 'perspiciatis', 'Debitis fuga molestiae qui voluptatem qui. Eos autem corporis excepturi et asperiores recusandae ex. Ab minus excepturi similique sunt ut.', 1, 'Dach Ltd', 1, '2024-10-01 04:31:16', '2024-10-01 04:31:16', 3, 14, 1, 1, 1),
(62, 'INV-000062', 'Cheshire.', 'doloribus', 'Sit saepe neque molestiae dicta a. Numquam blanditiis ratione recusandae tempore ipsam. Ut qui pariatur deleniti tempore rerum delectus qui.', 1, 'White, Ferry and Macejkovic', 1, '2024-10-01 04:31:16', '2024-10-01 04:31:16', 1, 42, 1, 1, 1),
(63, 'INV-000063', 'Queen of.', 'nesciunt', 'Ut qui ex sunt sint. Amet magnam dolorum nulla consequatur maxime fugiat. Nisi repellat laborum dolor sapiente dolor ullam. Porro ipsum adipisci laudantium quasi aut rerum aperiam quia.', 1, 'Roob-Nikolaus', 1, '2024-10-01 04:31:16', '2024-10-01 04:31:16', 2, 42, 1, 1, 1),
(64, 'INV-000064', 'When the.', 'quos', 'Est adipisci nostrum laudantium quis tempore sint. Provident et omnis ducimus cupiditate. Dolorem neque in saepe cumque et.', 1, 'Herzog Ltd', 1, '2024-10-01 04:31:16', '2024-10-01 04:31:16', 6, 23, 1, 1, 1),
(65, 'INV-000065', 'Tortoise.', 'similique', 'Sint excepturi commodi nihil in omnis rerum. Nam qui ut at architecto ipsa labore. Eveniet fuga nihil occaecati quae quia ut. Corrupti et et neque. Sit et ullam autem ut et rerum iusto.', 1, 'Grimes-Aufderhar', 1, '2024-10-01 04:31:16', '2024-10-01 04:31:16', 2, 21, 1, 1, 1),
(66, 'INV-000066', 'Knave of.', 'quia', 'Consequatur velit consequatur omnis accusamus ut quasi. Molestiae aut reiciendis rerum dolor. Error sed vel et est ut.', 1, 'Rath Inc', 1, '2024-10-01 04:31:16', '2024-10-01 04:31:16', 4, 46, 1, 1, 1),
(67, 'INV-000067', 'I''m sure.', 'quam', 'Aliquid distinctio dicta consectetur qui vel neque blanditiis. Officia illo incidunt quam sit modi. In voluptas hic necessitatibus. Quidem eum est excepturi in recusandae.', 1, 'Baumbach-Waelchi', 1, '2024-10-01 04:31:16', '2024-10-01 04:31:16', 8, 27, 1, 1, 1),
(68, 'INV-000068', 'WOULD go.', 'aliquid', 'Libero culpa deserunt error aut blanditiis eum inventore voluptatem. Quae et et enim aspernatur voluptatibus ab saepe. Labore excepturi sit omnis molestiae amet.', 1, 'Grimes-Pacocha', 1, '2024-10-01 04:31:16', '2024-10-01 04:31:16', 3, 26, 1, 1, 1),
(69, 'INV-000069', 'I''m sure.', 'culpa', 'Odio temporibus illo recusandae. Autem rem quo aliquid fuga numquam a. Occaecati dolorem incidunt odio ea.', 1, 'Gottlieb LLC', 1, '2024-10-01 04:31:16', '2024-10-01 04:31:16', 8, 15, 1, 1, 1),
(70, 'INV-000070', 'I hadn''t.', 'quibusdam', 'Velit minus possimus enim minima. Quae expedita sunt ea ab ipsum. Quia quibusdam eos ab quas. Sed itaque deleniti impedit.', 1, 'Kub, Aufderhar and Frami', 1, '2024-10-01 04:31:16', '2024-10-01 04:31:16', 7, 47, 1, 1, 1),
(71, 'INV-000071', 'And will.', 'assumenda', 'Aut minus eius quis et enim. Reiciendis facilis qui et harum consectetur dignissimos ut dolor. Qui explicabo nulla architecto consequatur.', 1, 'Hayes, Brekke and Hilpert', 1, '2024-10-01 04:31:16', '2024-10-01 04:31:16', 1, 6, 1, 1, 1),
(72, 'INV-000072', 'They had.', 'neque', 'Quaerat at quae incidunt consequatur temporibus quis. Et omnis velit omnis necessitatibus. Voluptatem autem magnam officia ea voluptatem et. Ipsa ratione eos ad quis.', 1, 'Kub-Goyette', 1, '2024-10-01 04:31:16', '2024-10-01 04:31:16', 2, 9, 1, 1, 1),
(73, 'INV-000073', 'This did.', 'illo', 'Blanditiis maxime dolor et tempora minus. Consequatur eaque commodi distinctio accusantium. Necessitatibus porro odio ipsam voluptates architecto ut.', 1, 'Baumbach Inc', 1, '2024-10-01 04:31:16', '2024-10-01 04:31:16', 4, 21, 1, 1, 1),
(74, 'INV-000074', 'She soon.', 'quidem', 'Officia illum tempora tenetur quo. Odio modi labore vel maxime. Ab ex sunt omnis voluptatibus autem quis reprehenderit tempora. Nam consequatur voluptas aliquid.', 1, 'Tillman, Daugherty and Grimes', 1, '2024-10-01 04:31:16', '2024-10-01 04:31:16', 2, 12, 1, 1, 1),
(75, 'INV-000075', 'YOU like.', 'omnis', 'Dolor eos magnam enim ipsam pariatur accusamus. Et veniam ut fugiat iusto. Eligendi iste possimus ut itaque qui veniam. Vero ipsa voluptatum quae nemo nobis molestiae distinctio fuga.', 1, 'Zulauf LLC', 1, '2024-10-01 04:31:16', '2024-10-01 04:31:16', 4, 27, 1, 1, 1),
(76, 'INV-000076', 'ONE with.', 'aperiam', 'In at qui consequatur tempore quaerat porro voluptates. Nihil consectetur laboriosam laborum nobis et. Ea et tempore sed quia.', 1, 'Auer Inc', 1, '2024-10-01 04:31:16', '2024-10-01 04:31:16', 5, 49, 1, 1, 1),
(77, 'INV-000077', 'I''d only.', 'dignissimos', 'Quia alias quis officiis nobis et ea. Sapiente quia quo quia non consequuntur facilis perspiciatis. Rerum rem quam et dolor et facere.', 1, 'Kuhlman Group', 1, '2024-10-01 04:31:16', '2024-10-01 04:31:16', 5, 20, 1, 1, 1),
(78, 'INV-000078', 'Who ever.', 'illum', 'Aut dignissimos suscipit rem voluptatem officiis sed. Illo dolor impedit quia et error nesciunt. In et velit occaecati sunt eum accusamus quia corporis.', 1, 'Denesik-Swift', 1, '2024-10-01 04:31:16', '2024-10-01 04:31:16', 1, 42, 1, 1, 1),
(79, 'INV-000079', 'Dormouse.', 'ea', 'Magnam et quia aut ratione officia. Dolores molestiae dolores rerum eveniet. Temporibus velit necessitatibus aspernatur velit ipsa est. Eius odit neque hic aliquam blanditiis quo.', 1, 'Nolan-Kshlerin', 1, '2024-10-01 04:31:16', '2024-10-01 04:31:16', 6, 6, 1, 1, 1),
(80, 'INV-000080', 'Dormouse.', 'fugiat', 'Perferendis qui corrupti aut voluptatem voluptatem in tenetur. Aut non beatae vitae voluptatum. Non vel ipsum qui ratione. Ut modi suscipit deleniti.', 1, 'Greenfelder and Sons', 1, '2024-10-01 04:31:16', '2024-10-01 04:31:16', 2, 38, 1, 1, 1),
(81, 'INV-000081', 'King say.', 'corrupti', 'Modi sunt sint autem facilis. Sit eos ipsum omnis minima iure illum eaque. Adipisci debitis sequi et et ea ea. In voluptatum quia molestias perspiciatis nulla dolor.', 1, 'Homenick-Bruen', 1, '2024-10-01 04:31:16', '2024-10-01 04:31:16', 6, 18, 1, 1, 1),
(82, 'INV-000082', 'Dormouse.', 'optio', 'Doloribus corporis pariatur officia quam esse. Aspernatur fuga repudiandae voluptate nemo. Consequuntur sed repudiandae perferendis voluptatum sunt ducimus.', 1, 'Corwin LLC', 1, '2024-10-01 04:31:16', '2024-10-01 04:31:16', 5, 11, 1, 1, 1),
(83, 'INV-000083', 'Cheshire.', 'soluta', 'Rerum ut nihil mollitia aspernatur ducimus consequatur animi. Provident rerum quasi autem architecto nesciunt quidem. Sit veritatis aut dolorum vel ullam earum.', 1, 'Zulauf Group', 1, '2024-10-01 04:31:16', '2024-10-01 04:31:16', 1, 45, 1, 1, 1),
(84, 'INV-000084', 'I didn''t.', 'unde', 'Hic magni animi distinctio. Dolor provident corporis consequatur sequi laboriosam non magni nam. Quis sit quasi mollitia magni ut. Odio incidunt quas est facilis.', 1, 'Hansen, Schmitt and Kunde', 1, '2024-10-01 04:31:16', '2024-10-01 04:31:16', 8, 4, 1, 1, 1),
(85, 'INV-000085', 'Alice as.', 'placeat', 'Quia quis quod consequuntur. Qui porro et deleniti corporis. Excepturi blanditiis quis et nostrum.', 1, 'Kuvalis Group', 1, '2024-10-01 04:31:16', '2024-10-01 04:31:16', 1, 44, 1, 1, 1),
(86, 'INV-000086', 'They all.', 'accusamus', 'Ex a exercitationem tempora odit. Quam eveniet aut qui iste animi ipsam. Tempora dolorem placeat eligendi accusamus velit voluptate. Officiis sed et et.', 1, 'Powlowski LLC', 1, '2024-10-01 04:31:16', '2024-10-01 04:31:16', 7, 23, 1, 1, 1),
(87, 'INV-000087', 'King was.', 'nihil', 'Fugit eaque repellendus libero possimus possimus. Aperiam sint ut quibusdam perspiciatis consectetur. Amet est odit blanditiis dignissimos repellendus.', 1, 'Connelly Inc', 1, '2024-10-01 04:31:16', '2024-10-01 04:31:16', 8, 12, 1, 1, 1),
(88, 'INV-000088', 'IT. It''s.', 'deserunt', 'Ducimus saepe sed architecto voluptatum distinctio. Earum est qui debitis tempora qui quia fugiat. Ipsum quia voluptatibus qui nesciunt sunt ipsa ut. Eligendi sed excepturi nulla perspiciatis earum.', 1, 'Watsica, Schiller and Carroll', 1, '2024-10-01 04:31:16', '2024-10-01 04:31:16', 1, 32, 1, 1, 1),
(89, 'INV-000089', 'Prizes!''.', 'dicta', 'Vero ratione expedita ratione expedita illo. Sunt laudantium doloremque autem consequatur soluta sit aut.', 1, 'D''Amore-Kilback', 1, '2024-10-01 04:31:16', '2024-10-01 04:31:16', 1, 12, 1, 1, 1),
(90, 'INV-000090', 'They all.', 'iste', 'Dolorem consequuntur voluptas explicabo magnam provident est. Quaerat omnis dolores numquam quia saepe. Quis rerum aperiam aspernatur ad non.', 1, 'Parisian-Schuster', 1, '2024-10-01 04:31:16', '2024-10-01 04:31:16', 6, 11, 1, 1, 1),
(91, 'INV-000091', 'ONE with.', 'nulla', 'Fuga illo fugit culpa ducimus. Sed quod in facere ipsum quas repellat. Ratione atque qui provident accusantium sit voluptatem modi.', 1, 'Lubowitz, Bernhard and Considine', 1, '2024-10-01 04:31:16', '2024-10-01 04:31:16', 5, 38, 1, 1, 1),
(92, 'INV-000092', 'Queen of.', 'in', 'Sint velit tempore atque minima assumenda et dolores. Maxime ex molestiae id necessitatibus voluptas ratione. Minima est fuga voluptatem. Dignissimos nostrum quidem illum possimus dolorem.', 1, 'DuBuque, Turcotte and Kuhic', 1, '2024-10-01 04:31:16', '2024-10-01 04:31:16', 6, 47, 1, 1, 1),
(93, 'INV-000093', 'I''ll try.', 'corporis', 'Natus provident numquam alias facere magnam et sed. Officiis nihil maxime velit quia. Tenetur vero quas et. Animi corporis voluptas accusamus natus ratione. Recusandae dolores dolorem ut.', 1, 'Turcotte, Homenick and O''Reilly', 1, '2024-10-01 04:31:16', '2024-10-01 04:31:16', 5, 27, 1, 1, 1),
(94, 'INV-000094', 'I''ll set.', 'repellat', 'Repudiandae velit beatae deserunt a. Est sed similique voluptates suscipit quo. Qui velit qui ratione. Nulla et vero eos optio ipsa rerum sunt.', 1, 'Heaney-Nikolaus', 1, '2024-10-01 04:31:16', '2024-10-01 04:31:16', 2, 13, 1, 1, 1),
(95, 'INV-000095', 'He moved.', 'animi', 'Amet omnis tenetur aut in exercitationem. Quos impedit ipsum fugiat culpa.', 1, 'Keeling PLC', 1, '2024-10-01 04:31:17', '2024-10-01 04:31:17', 7, 16, 1, 1, 1),
(96, 'INV-000096', 'Alice in.', 'architecto', 'Laudantium ratione quibusdam voluptatem voluptate omnis. Unde quis voluptatem enim et et distinctio distinctio. Iure a placeat recusandae.', 1, 'Satterfield, Champlin and Cruickshank', 1, '2024-10-01 04:31:17', '2024-10-01 04:31:17', 1, 20, 1, 1, 1),
(97, 'INV-000097', 'Bill had.', 'vero', 'Totam necessitatibus molestiae porro consequatur atque. Sunt enim harum incidunt. Eligendi et commodi dolorem quasi officia. Maxime veritatis dolor vitae vel.', 1, 'Fisher-Pouros', 1, '2024-10-01 04:31:17', '2024-10-01 04:31:17', 6, 20, 1, 1, 1),
(98, 'INV-000098', 'I''ll get.', 'molestiae', 'In recusandae et voluptate nostrum. Iusto sit dignissimos eos suscipit velit cumque. Ullam et et maxime occaecati. Quo rem adipisci autem qui.', 1, 'Lind, Monahan and Kassulke', 1, '2024-10-01 04:31:17', '2024-10-01 04:31:17', 6, 24, 1, 1, 1),
(99, 'INV-000099', 'Turtle.''.', 'nam', 'Consequatur nihil aspernatur iusto minima asperiores officia. Voluptatem est adipisci fuga qui voluptas nihil ut iste. Esse est voluptas asperiores et sunt sed qui.', 1, 'Hartmann, Mraz and Roberts', 1, '2024-10-01 04:31:17', '2024-10-01 04:31:17', 6, 47, 1, 1, 1),
(100, 'INV-000100', 'Dormouse.', 'ex', 'Consequatur velit qui exercitationem fugiat. Neque nobis consequatur voluptate error id maiores explicabo saepe. Deleniti quos molestiae consequatur facere temporibus et quas.', 1, 'Price-Nader', 1, '2024-10-01 04:31:17', '2024-10-01 04:31:17', 8, 23, 1, 1, 1);

-- Table mega_sign_rental_2024_db.personal_access_tokens does not contain any data (it is empty)

-- 
-- Dumping data for table permission_role
--
INSERT INTO permission_role VALUES
(1, 1),
(1, 2),
(1, 3),
(1, 4),
(1, 5),
(1, 6),
(1, 7),
(1, 8),
(1, 9),
(1, 10),
(1, 11),
(1, 12),
(1, 13),
(1, 14),
(1, 15),
(1, 16),
(1, 17),
(1, 18),
(1, 19),
(1, 20),
(1, 21),
(1, 22),
(1, 23),
(1, 24),
(1, 25),
(1, 26),
(1, 27),
(1, 28),
(1, 29),
(1, 30),
(1, 31),
(1, 32),
(1, 33),
(1, 34),
(1, 35),
(1, 36),
(1, 37),
(1, 38),
(1, 39),
(1, 40),
(1, 41),
(1, 42),
(1, 43),
(1, 44),
(1, 45),
(1, 46),
(1, 47),
(1, 48),
(1, 49),
(1, 50),
(1, 51),
(1, 52),
(1, 53),
(1, 54),
(1, 55),
(1, 56),
(1, 57),
(1, 58),
(1, 59),
(1, 60),
(1, 61),
(1, 62),
(1, 63),
(1, 64),
(1, 65),
(1, 66),
(1, 67),
(1, 68),
(1, 69),
(1, 70),
(1, 71),
(1, 72),
(1, 73),
(1, 74),
(1, 75),
(1, 76),
(1, 77),
(1, 78),
(1, 79),
(1, 80),
(1, 81),
(1, 82),
(1, 83),
(1, 84),
(1, 85),
(1, 86),
(1, 87),
(1, 88),
(1, 89),
(1, 90),
(1, 91),
(1, 92),
(1, 93),
(1, 94),
(1, 95),
(1, 96),
(1, 97),
(1, 98),
(1, 99),
(1, 100),
(1, 101),
(1, 102),
(1, 103),
(1, 104),
(1, 105),
(1, 106),
(1, 107),
(1, 108),
(1, 109),
(1, 110),
(1, 111),
(1, 112),
(1, 113),
(1, 114),
(1, 115),
(1, 116),
(1, 117),
(1, 118),
(1, 119),
(1, 120),
(1, 121),
(1, 122),
(1, 123),
(1, 124),
(1, 125),
(1, 126),
(1, 127),
(1, 128),
(1, 129),
(1, 130),
(1, 131),
(1, 132),
(1, 133),
(1, 134),
(1, 135),
(1, 136),
(1, 137),
(1, 138),
(1, 139),
(1, 140),
(1, 141),
(1, 142),
(1, 143),
(1, 144),
(1, 145),
(1, 146),
(1, 147),
(1, 148),
(1, 149),
(1, 150),
(1, 151),
(1, 152),
(1, 153),
(1, 154),
(1, 155),
(1, 156),
(1, 157),
(1, 158),
(1, 159),
(1, 160),
(1, 161),
(1, 162),
(1, 163),
(1, 164),
(1, 165),
(1, 166),
(1, 167),
(1, 168),
(1, 169),
(1, 170),
(1, 171),
(1, 172),
(1, 173),
(1, 174),
(1, 175),
(1, 176),
(1, 177),
(1, 178),
(1, 179),
(1, 180),
(1, 181),
(1, 182),
(1, 183),
(1, 184),
(1, 185),
(1, 186),
(2, 1),
(2, 3),
(2, 4),
(2, 5),
(2, 6),
(2, 7),
(2, 28),
(2, 29),
(2, 30),
(2, 31),
(2, 32),
(2, 33),
(2, 34),
(2, 35),
(2, 36),
(2, 37),
(2, 38),
(2, 39),
(2, 40),
(2, 41),
(2, 42),
(2, 43),
(2, 44),
(2, 45),
(2, 46),
(2, 47),
(2, 48),
(2, 49),
(2, 50),
(2, 51),
(2, 52),
(2, 53),
(2, 54),
(2, 55),
(2, 56),
(2, 57),
(2, 58),
(2, 59),
(2, 60),
(2, 61),
(2, 62),
(2, 63),
(2, 64),
(2, 65),
(2, 66),
(2, 67),
(2, 68),
(2, 69),
(2, 70),
(2, 71),
(2, 72),
(2, 73),
(2, 74),
(2, 75),
(2, 76),
(2, 77),
(2, 78),
(2, 79),
(2, 80),
(2, 81),
(2, 82),
(2, 83),
(2, 84),
(2, 85),
(2, 86),
(2, 87),
(2, 88),
(2, 89),
(2, 90),
(2, 91),
(2, 92),
(2, 93),
(2, 94),
(2, 95),
(2, 96),
(2, 97),
(2, 98),
(2, 99),
(2, 100),
(2, 101),
(2, 102),
(2, 103),
(2, 104),
(2, 105),
(2, 106),
(2, 107),
(2, 108),
(2, 109),
(2, 110),
(2, 111),
(2, 112),
(2, 113),
(2, 114),
(2, 115),
(2, 116),
(2, 117),
(2, 118),
(2, 119),
(2, 120),
(2, 121),
(2, 122),
(2, 123),
(2, 124),
(2, 125),
(2, 126),
(2, 127),
(2, 128),
(2, 129),
(2, 130),
(2, 131),
(2, 132),
(2, 133),
(2, 134),
(2, 135),
(2, 136),
(2, 137),
(2, 138),
(2, 139),
(2, 140),
(2, 141),
(2, 142),
(2, 143),
(2, 144),
(2, 145),
(2, 146),
(2, 147),
(2, 148),
(2, 149),
(2, 150),
(2, 151),
(2, 152),
(2, 153),
(2, 154),
(2, 155),
(2, 156),
(2, 157),
(2, 158),
(2, 159),
(2, 160),
(2, 161),
(2, 162),
(2, 163),
(2, 164),
(2, 165),
(2, 166),
(2, 167),
(2, 168),
(2, 169),
(2, 170),
(2, 171),
(2, 172),
(2, 173),
(2, 174),
(2, 175),
(2, 176),
(2, 177),
(2, 178),
(2, 179),
(2, 180),
(2, 181),
(2, 182),
(2, 183),
(2, 184),
(2, 185),
(2, 186);

-- 
-- Dumping data for table permission_groups
--
INSERT INTO permission_groups VALUES
(1, 'General', '2024-10-01 04:31:14', '2024-10-01 04:31:14'),
(2, 'Inventory', '2024-10-01 04:31:14', '2024-10-01 04:31:14'),
(3, 'Contact', '2024-10-01 04:31:14', '2024-10-01 04:31:14'),
(4, 'Purchases', '2024-10-01 04:31:14', '2024-10-01 04:31:14'),
(5, 'Sales', '2024-10-01 04:31:14', '2024-10-01 04:31:14');

-- 
-- Dumping data for table permissions
--
INSERT INTO permissions VALUES
(1, 'dashboard', '2024-10-01 04:31:14', '2024-10-01 04:31:14', NULL, 1),
(2, 'user_menu_access', '2024-10-01 04:31:14', '2024-10-01 04:31:14', NULL, 1),
(3, 'module_menu_access', '2024-10-01 04:31:14', '2024-10-01 04:31:14', NULL, 1),
(4, 'inventory_menu_access', '2024-10-01 04:31:14', '2024-10-01 04:31:14', NULL, 2),
(5, 'contact_menu_access', '2024-10-01 04:31:14', '2024-10-01 04:31:14', NULL, 3),
(6, 'purchase_menu_access', '2024-10-01 04:31:14', '2024-10-01 04:31:14', NULL, 4),
(7, 'sales_menu_access', '2024-10-01 04:31:14', '2024-10-01 04:31:14', NULL, 5),
(8, 'permission_group_create', '2024-10-01 04:31:14', '2024-10-01 04:31:14', NULL, 1),
(9, 'permission_group_edit', '2024-10-01 04:31:14', '2024-10-01 04:31:14', NULL, 1),
(10, 'permission_group_show', '2024-10-01 04:31:14', '2024-10-01 04:31:14', NULL, 1),
(11, 'permission_group_delete', '2024-10-01 04:31:14', '2024-10-01 04:31:14', NULL, 1),
(12, 'permission_group_access', '2024-10-01 04:31:14', '2024-10-01 04:31:14', NULL, 1),
(13, 'permission_create', '2024-10-01 04:31:14', '2024-10-01 04:31:14', NULL, 1),
(14, 'permission_edit', '2024-10-01 04:31:14', '2024-10-01 04:31:14', NULL, 1),
(15, 'permission_show', '2024-10-01 04:31:14', '2024-10-01 04:31:14', NULL, 1),
(16, 'permission_delete', '2024-10-01 04:31:14', '2024-10-01 04:31:14', NULL, 1),
(17, 'permission_access', '2024-10-01 04:31:14', '2024-10-01 04:31:14', NULL, 1),
(18, 'role_create', '2024-10-01 04:31:14', '2024-10-01 04:31:14', NULL, 1),
(19, 'role_edit', '2024-10-01 04:31:14', '2024-10-01 04:31:14', NULL, 1),
(20, 'role_show', '2024-10-01 04:31:14', '2024-10-01 04:31:14', NULL, 1),
(21, 'role_delete', '2024-10-01 04:31:14', '2024-10-01 04:31:14', NULL, 1),
(22, 'role_access', '2024-10-01 04:31:14', '2024-10-01 04:31:14', NULL, 1),
(23, 'user_create', '2024-10-01 04:31:14', '2024-10-01 04:31:14', NULL, 1),
(24, 'user_edit', '2024-10-01 04:31:14', '2024-10-01 04:31:14', NULL, 1),
(25, 'user_show', '2024-10-01 04:31:14', '2024-10-01 04:31:14', NULL, 1),
(26, 'user_delete', '2024-10-01 04:31:14', '2024-10-01 04:31:14', NULL, 1),
(27, 'user_access', '2024-10-01 04:31:14', '2024-10-01 04:31:14', NULL, 1),
(28, 'language_create', '2024-10-01 04:31:14', '2024-10-01 04:31:14', NULL, 1),
(29, 'language_edit', '2024-10-01 04:31:14', '2024-10-01 04:31:14', NULL, 1),
(30, 'language_show', '2024-10-01 04:31:14', '2024-10-01 04:31:14', NULL, 1),
(31, 'language_delete', '2024-10-01 04:31:14', '2024-10-01 04:31:14', NULL, 1),
(32, 'language_access', '2024-10-01 04:31:14', '2024-10-01 04:31:14', NULL, 1),
(33, 'language_term_create', '2024-10-01 04:31:14', '2024-10-01 04:31:14', NULL, 1),
(34, 'language_term_edit', '2024-10-01 04:31:14', '2024-10-01 04:31:14', NULL, 1),
(35, 'language_term_show', '2024-10-01 04:31:14', '2024-10-01 04:31:14', NULL, 1),
(36, 'language_term_delete', '2024-10-01 04:31:14', '2024-10-01 04:31:14', NULL, 1),
(37, 'language_term_access', '2024-10-01 04:31:14', '2024-10-01 04:31:14', NULL, 1),
(38, 'translation_create', '2024-10-01 04:31:14', '2024-10-01 04:31:14', NULL, 1),
(39, 'translation_edit', '2024-10-01 04:31:14', '2024-10-01 04:31:14', NULL, 1),
(40, 'translation_show', '2024-10-01 04:31:14', '2024-10-01 04:31:14', NULL, 1),
(41, 'translation_delete', '2024-10-01 04:31:14', '2024-10-01 04:31:14', NULL, 1),
(42, 'translation_access', '2024-10-01 04:31:14', '2024-10-01 04:31:14', NULL, 1),
(43, 'language_term_group_create', '2024-10-01 04:31:14', '2024-10-01 04:31:14', NULL, 1),
(44, 'language_term_group_edit', '2024-10-01 04:31:14', '2024-10-01 04:31:14', NULL, 1),
(45, 'language_term_group_show', '2024-10-01 04:31:14', '2024-10-01 04:31:14', NULL, 1),
(46, 'language_term_group_delete', '2024-10-01 04:31:14', '2024-10-01 04:31:14', NULL, 1),
(47, 'language_term_group_access', '2024-10-01 04:31:14', '2024-10-01 04:31:14', NULL, 1),
(48, 'country_create', '2024-10-01 04:31:14', '2024-10-01 04:31:14', NULL, 1),
(49, 'country_edit', '2024-10-01 04:31:14', '2024-10-01 04:31:14', NULL, 1),
(50, 'country_show', '2024-10-01 04:31:14', '2024-10-01 04:31:14', NULL, 1),
(51, 'country_delete', '2024-10-01 04:31:14', '2024-10-01 04:31:14', NULL, 1),
(52, 'country_access', '2024-10-01 04:31:14', '2024-10-01 04:31:14', NULL, 1),
(53, 'state_create', '2024-10-01 04:31:14', '2024-10-01 04:31:14', NULL, 1),
(54, 'state_edit', '2024-10-01 04:31:14', '2024-10-01 04:31:14', NULL, 1),
(55, 'state_show', '2024-10-01 04:31:14', '2024-10-01 04:31:14', NULL, 1),
(56, 'state_delete', '2024-10-01 04:31:14', '2024-10-01 04:31:14', NULL, 1),
(57, 'state_access', '2024-10-01 04:31:14', '2024-10-01 04:31:14', NULL, 1),
(58, 'city_create', '2024-10-01 04:31:14', '2024-10-01 04:31:14', NULL, 1),
(59, 'city_edit', '2024-10-01 04:31:14', '2024-10-01 04:31:14', NULL, 1),
(60, 'city_show', '2024-10-01 04:31:14', '2024-10-01 04:31:14', NULL, 1),
(61, 'city_delete', '2024-10-01 04:31:14', '2024-10-01 04:31:14', NULL, 1),
(62, 'city_access', '2024-10-01 04:31:14', '2024-10-01 04:31:14', NULL, 1),
(63, 'unit_create', '2024-10-01 04:31:14', '2024-10-01 04:31:14', NULL, 1),
(64, 'unit_edit', '2024-10-01 04:31:14', '2024-10-01 04:31:14', NULL, 1),
(65, 'unit_show', '2024-10-01 04:31:14', '2024-10-01 04:31:14', NULL, 1),
(66, 'unit_delete', '2024-10-01 04:31:14', '2024-10-01 04:31:14', NULL, 1),
(67, 'unit_access', '2024-10-01 04:31:14', '2024-10-01 04:31:14', NULL, 1),
(68, 'warehouse_create', '2024-10-01 04:31:14', '2024-10-01 04:31:14', NULL, 1),
(69, 'warehouse_edit', '2024-10-01 04:31:14', '2024-10-01 04:31:14', NULL, 1),
(70, 'warehouse_show', '2024-10-01 04:31:14', '2024-10-01 04:31:14', NULL, 1),
(71, 'warehouse_delete', '2024-10-01 04:31:14', '2024-10-01 04:31:14', NULL, 1),
(72, 'warehouse_access', '2024-10-01 04:31:14', '2024-10-01 04:31:14', NULL, 1),
(73, 'shelf_create', '2024-10-01 04:31:14', '2024-10-01 04:31:14', NULL, 1),
(74, 'shelf_edit', '2024-10-01 04:31:14', '2024-10-01 04:31:14', NULL, 1),
(75, 'shelf_show', '2024-10-01 04:31:14', '2024-10-01 04:31:14', NULL, 1),
(76, 'shelf_delete', '2024-10-01 04:31:14', '2024-10-01 04:31:14', NULL, 1),
(77, 'shelf_access', '2024-10-01 04:31:14', '2024-10-01 04:31:14', NULL, 1),
(78, 'buyer_create', '2024-10-01 04:31:14', '2024-10-01 04:31:14', NULL, 1),
(79, 'buyer_edit', '2024-10-01 04:31:14', '2024-10-01 04:31:14', NULL, 1),
(80, 'buyer_show', '2024-10-01 04:31:14', '2024-10-01 04:31:14', NULL, 1),
(81, 'buyer_delete', '2024-10-01 04:31:14', '2024-10-01 04:31:14', NULL, 1),
(82, 'buyer_access', '2024-10-01 04:31:14', '2024-10-01 04:31:14', NULL, 1),
(83, 'supplier_create', '2024-10-01 04:31:14', '2024-10-01 04:31:14', NULL, 1),
(84, 'supplier_edit', '2024-10-01 04:31:14', '2024-10-01 04:31:14', NULL, 1),
(85, 'supplier_show', '2024-10-01 04:31:14', '2024-10-01 04:31:14', NULL, 1),
(86, 'supplier_delete', '2024-10-01 04:31:14', '2024-10-01 04:31:14', NULL, 1),
(87, 'supplier_access', '2024-10-01 04:31:14', '2024-10-01 04:31:14', NULL, 1),
(88, 'currency_create', '2024-10-01 04:31:14', '2024-10-01 04:31:14', NULL, 1),
(89, 'currency_edit', '2024-10-01 04:31:14', '2024-10-01 04:31:14', NULL, 1),
(90, 'currency_show', '2024-10-01 04:31:14', '2024-10-01 04:31:14', NULL, 1),
(91, 'currency_delete', '2024-10-01 04:31:14', '2024-10-01 04:31:14', NULL, 1),
(92, 'currency_access', '2024-10-01 04:31:14', '2024-10-01 04:31:14', NULL, 1),
(93, 'payment_term_create', '2024-10-01 04:31:14', '2024-10-01 04:31:14', NULL, 1),
(94, 'payment_term_edit', '2024-10-01 04:31:14', '2024-10-01 04:31:14', NULL, 1),
(95, 'payment_term_show', '2024-10-01 04:31:14', '2024-10-01 04:31:14', NULL, 1),
(96, 'payment_term_delete', '2024-10-01 04:31:14', '2024-10-01 04:31:14', NULL, 1),
(97, 'payment_term_access', '2024-10-01 04:31:14', '2024-10-01 04:31:14', NULL, 1),
(98, 'category_create', '2024-10-01 04:31:14', '2024-10-01 04:31:14', NULL, 2),
(99, 'category_edit', '2024-10-01 04:31:14', '2024-10-01 04:31:14', NULL, 2),
(100, 'category_show', '2024-10-01 04:31:14', '2024-10-01 04:31:14', NULL, 2),
(101, 'category_delete', '2024-10-01 04:31:14', '2024-10-01 04:31:14', NULL, 2),
(102, 'category_access', '2024-10-01 04:31:14', '2024-10-01 04:31:14', NULL, 2),
(103, 'product_create', '2024-10-01 04:31:14', '2024-10-01 04:31:14', NULL, 2),
(104, 'product_edit', '2024-10-01 04:31:14', '2024-10-01 04:31:14', NULL, 2),
(105, 'product_show', '2024-10-01 04:31:14', '2024-10-01 04:31:14', NULL, 2),
(106, 'product_delete', '2024-10-01 04:31:14', '2024-10-01 04:31:14', NULL, 2),
(107, 'product_access', '2024-10-01 04:31:14', '2024-10-01 04:31:14', NULL, 2),
(108, 'feature_create', '2024-10-01 04:31:14', '2024-10-01 04:31:14', NULL, 1),
(109, 'feature_edit', '2024-10-01 04:31:14', '2024-10-01 04:31:14', NULL, 1),
(110, 'feature_show', '2024-10-01 04:31:14', '2024-10-01 04:31:14', NULL, 1),
(111, 'feature_delete', '2024-10-01 04:31:14', '2024-10-01 04:31:14', NULL, 1),
(112, 'feature_access', '2024-10-01 04:31:14', '2024-10-01 04:31:14', NULL, 1),
(113, 'purchase_order_create', '2024-10-01 04:31:14', '2024-10-01 04:31:14', NULL, 4),
(114, 'purchase_order_edit', '2024-10-01 04:31:14', '2024-10-01 04:31:14', NULL, 4),
(115, 'purchase_order_show', '2024-10-01 04:31:14', '2024-10-01 04:31:14', NULL, 4),
(116, 'purchase_order_delete', '2024-10-01 04:31:14', '2024-10-01 04:31:14', NULL, 4),
(117, 'purchase_order_access', '2024-10-01 04:31:14', '2024-10-01 04:31:14', NULL, 4),
(118, 'purchase_invoice_create', '2024-10-01 04:31:14', '2024-10-01 04:31:14', NULL, 4),
(119, 'purchase_invoice_edit', '2024-10-01 04:31:14', '2024-10-01 04:31:14', NULL, 4),
(120, 'purchase_invoice_show', '2024-10-01 04:31:14', '2024-10-01 04:31:14', NULL, 4),
(121, 'purchase_invoice_delete', '2024-10-01 04:31:14', '2024-10-01 04:31:14', NULL, 4),
(122, 'purchase_invoice_access', '2024-10-01 04:31:14', '2024-10-01 04:31:14', NULL, 4),
(123, 'sales_order_create', '2024-10-01 04:31:14', '2024-10-01 04:31:14', NULL, 5),
(124, 'sales_order_edit', '2024-10-01 04:31:14', '2024-10-01 04:31:14', NULL, 5),
(125, 'sales_order_show', '2024-10-01 04:31:14', '2024-10-01 04:31:14', NULL, 5),
(126, 'sales_order_delete', '2024-10-01 04:31:14', '2024-10-01 04:31:14', NULL, 5),
(127, 'sales_order_access', '2024-10-01 04:31:14', '2024-10-01 04:31:14', NULL, 5),
(128, 'sales_order_clone', '2024-10-01 04:31:14', '2024-10-01 04:31:14', NULL, 5),
(129, 'sales_order_convert_si', '2024-10-01 04:31:14', '2024-10-01 04:31:14', NULL, 5),
(130, 'sales_order_download', '2024-10-01 04:31:14', '2024-10-01 04:31:14', NULL, 5),
(131, 'sales_invoice_create', '2024-10-01 04:31:14', '2024-10-01 04:31:14', NULL, 5),
(132, 'sales_invoice_edit', '2024-10-01 04:31:14', '2024-10-01 04:31:14', NULL, 5),
(133, 'sales_invoice_show', '2024-10-01 04:31:14', '2024-10-01 04:31:14', NULL, 5),
(134, 'sales_invoice_delete', '2024-10-01 04:31:14', '2024-10-01 04:31:14', NULL, 5),
(135, 'sales_invoice_access', '2024-10-01 04:31:14', '2024-10-01 04:31:14', NULL, 5),
(136, 'sales_invoice_clone', '2024-10-01 04:31:14', '2024-10-01 04:31:14', NULL, 5),
(137, 'sales_invoice_convert_si', '2024-10-01 04:31:14', '2024-10-01 04:31:14', NULL, 5),
(138, 'sales_invoice_download', '2024-10-01 04:31:14', '2024-10-01 04:31:14', NULL, 5),
(139, 'sales_return_create', '2024-10-01 04:31:14', '2024-10-01 04:31:14', NULL, 5),
(140, 'sales_return_edit', '2024-10-01 04:31:14', '2024-10-01 04:31:14', NULL, 5),
(141, 'sales_return_show', '2024-10-01 04:31:14', '2024-10-01 04:31:14', NULL, 5),
(142, 'sales_return_delete', '2024-10-01 04:31:14', '2024-10-01 04:31:14', NULL, 5),
(143, 'sales_return_access', '2024-10-01 04:31:14', '2024-10-01 04:31:14', NULL, 5),
(144, 'sales_return_clone', '2024-10-01 04:31:14', '2024-10-01 04:31:14', NULL, 5),
(145, 'sales_return_convert_si', '2024-10-01 04:31:14', '2024-10-01 04:31:14', NULL, 5),
(146, 'sales_return_download', '2024-10-01 04:31:14', '2024-10-01 04:31:14', NULL, 5),
(147, 'package_create', '2024-10-01 04:31:14', '2024-10-01 04:31:14', NULL, 5),
(148, 'package_edit', '2024-10-01 04:31:14', '2024-10-01 04:31:14', NULL, 5),
(149, 'package_show', '2024-10-01 04:31:14', '2024-10-01 04:31:14', NULL, 5),
(150, 'package_delete', '2024-10-01 04:31:14', '2024-10-01 04:31:14', NULL, 5),
(151, 'package_access', '2024-10-01 04:31:14', '2024-10-01 04:31:14', NULL, 5),
(152, 'package_clone', '2024-10-01 04:31:14', '2024-10-01 04:31:14', NULL, 5),
(153, 'package_convert_si', '2024-10-01 04:31:14', '2024-10-01 04:31:14', NULL, 5),
(154, 'package_download', '2024-10-01 04:31:14', '2024-10-01 04:31:14', NULL, 5),
(155, 'shipment_create', '2024-10-01 04:31:14', '2024-10-01 04:31:14', NULL, 5),
(156, 'shipment_edit', '2024-10-01 04:31:14', '2024-10-01 04:31:14', NULL, 5),
(157, 'shipment_show', '2024-10-01 04:31:14', '2024-10-01 04:31:14', NULL, 5),
(158, 'shipment_delete', '2024-10-01 04:31:14', '2024-10-01 04:31:14', NULL, 5),
(159, 'shipment_access', '2024-10-01 04:31:14', '2024-10-01 04:31:14', NULL, 5),
(160, 'shipment_clone', '2024-10-01 04:31:14', '2024-10-01 04:31:14', NULL, 5),
(161, 'shipment_convert_si', '2024-10-01 04:31:14', '2024-10-01 04:31:14', NULL, 5),
(162, 'shipment_download', '2024-10-01 04:31:14', '2024-10-01 04:31:14', NULL, 5),
(163, 'payment_create', '2024-10-01 04:31:14', '2024-10-01 04:31:14', NULL, 5),
(164, 'payment_edit', '2024-10-01 04:31:14', '2024-10-01 04:31:14', NULL, 5),
(165, 'payment_show', '2024-10-01 04:31:14', '2024-10-01 04:31:14', NULL, 5),
(166, 'payment_delete', '2024-10-01 04:31:14', '2024-10-01 04:31:14', NULL, 5),
(167, 'payment_access', '2024-10-01 04:31:14', '2024-10-01 04:31:14', NULL, 5),
(168, 'payment_clone', '2024-10-01 04:31:14', '2024-10-01 04:31:14', NULL, 5),
(169, 'payment_convert_si', '2024-10-01 04:31:14', '2024-10-01 04:31:14', NULL, 5),
(170, 'payment_download', '2024-10-01 04:31:14', '2024-10-01 04:31:14', NULL, 5),
(171, 'packing_type_create', '2024-10-01 04:31:14', '2024-10-01 04:31:14', NULL, 1),
(172, 'packing_type_edit', '2024-10-01 04:31:14', '2024-10-01 04:31:14', NULL, 1),
(173, 'packing_type_show', '2024-10-01 04:31:14', '2024-10-01 04:31:14', NULL, 1),
(174, 'packing_type_delete', '2024-10-01 04:31:14', '2024-10-01 04:31:14', NULL, 1),
(175, 'packing_type_access', '2024-10-01 04:31:14', '2024-10-01 04:31:14', NULL, 1),
(176, 'packing_type_clone', '2024-10-01 04:31:14', '2024-10-01 04:31:14', NULL, 1),
(177, 'packing_type_convert_si', '2024-10-01 04:31:14', '2024-10-01 04:31:14', NULL, 1),
(178, 'packing_type_download', '2024-10-01 04:31:14', '2024-10-01 04:31:14', NULL, 1),
(179, 'shipment_mode_create', '2024-10-01 04:31:14', '2024-10-01 04:31:14', NULL, 1),
(180, 'shipment_mode_edit', '2024-10-01 04:31:14', '2024-10-01 04:31:14', NULL, 1),
(181, 'shipment_mode_show', '2024-10-01 04:31:14', '2024-10-01 04:31:14', NULL, 1),
(182, 'shipment_mode_delete', '2024-10-01 04:31:14', '2024-10-01 04:31:14', NULL, 1),
(183, 'shipment_mode_access', '2024-10-01 04:31:14', '2024-10-01 04:31:14', NULL, 1),
(184, 'shipment_mode_clone', '2024-10-01 04:31:14', '2024-10-01 04:31:14', NULL, 1),
(185, 'shipment_mode_convert_si', '2024-10-01 04:31:14', '2024-10-01 04:31:14', NULL, 1),
(186, 'shipment_mode_download', '2024-10-01 04:31:14', '2024-10-01 04:31:14', NULL, 1);

-- 
-- Dumping data for table payment_terms
--
INSERT INTO payment_terms VALUES
(1, '21 Days', 21, '2024-10-01 04:31:15', '2024-10-01 04:31:15');

-- 
-- Dumping data for table payment_modes
--
INSERT INTO payment_modes VALUES
(1, 'Cash', 1, '2024-10-01 04:31:20', '2024-10-01 04:31:20'),
(2, 'Cheque', 1, '2024-10-01 04:31:20', '2024-10-01 04:31:20');

-- Table mega_sign_rental_2024_db.payments does not contain any data (it is empty)

-- Table mega_sign_rental_2024_db.password_resets does not contain any data (it is empty)

-- Table mega_sign_rental_2024_db.parent_categories does not contain any data (it is empty)

-- Table mega_sign_rental_2024_db.packing_types does not contain any data (it is empty)

-- Table mega_sign_rental_2024_db.package_items does not contain any data (it is empty)

-- Table mega_sign_rental_2024_db.packages does not contain any data (it is empty)

-- 
-- Dumping data for table migrations
--
INSERT INTO migrations VALUES
(1, '2014_10_12_100000_create_password_resets_table', 1),
(2, '2019_12_14_000001_create_personal_access_tokens_table', 1),
(3, '2024_09_27_000001_create_permissions_table', 1),
(4, '2024_09_27_000002_create_roles_table', 1),
(5, '2024_09_27_000003_create_users_table', 1),
(6, '2024_09_27_000004_create_permission_groups_table', 1),
(7, '2024_09_27_000005_create_languages_table', 1),
(8, '2024_09_27_000006_create_language_term_groups_table', 1),
(9, '2024_09_27_000007_create_language_terms_table', 1),
(10, '2024_09_27_000008_create_translations_table', 1),
(11, '2024_09_27_000009_create_countries_table', 1),
(12, '2024_09_27_000010_create_states_table', 1),
(13, '2024_09_27_000011_create_cities_table', 1),
(14, '2024_09_27_000012_create_units_table', 1),
(15, '2024_09_27_000013_create_payment_modes_table', 1),
(16, '2024_09_27_000014_create_shipment_modes_table', 1),
(17, '2024_09_27_000015_create_packing_types_table', 1),
(18, '2024_09_27_000016_create_currencies_table', 1),
(19, '2024_09_27_000017_create_payment_terms_table', 1),
(20, '2024_09_27_000018_create_contact_addresses_table', 1),
(21, '2024_09_27_000019_create_suppliers_table', 1),
(22, '2024_09_27_000020_create_buyers_table', 1),
(23, '2024_09_27_000021_create_categories_table', 1),
(24, '2024_09_27_000022_create_products_table', 1),
(25, '2024_09_27_000023_create_features_table', 1),
(26, '2024_09_27_000024_create_product_features_table', 1),
(27, '2024_09_27_000025_create_product_prices_table', 1),
(28, '2024_09_27_000026_create_warehouses_table', 1),
(29, '2024_09_27_000027_create_shelves_table', 1),
(30, '2024_09_27_000028_create_product_batches_table', 1),
(31, '2024_09_27_000029_create_product_inventories_table', 1),
(32, '2024_09_27_000030_create_parent_categories_table', 1),
(33, '2024_09_27_000031_create_product_stocks_table', 1),
(34, '2024_09_27_000032_create_purchase_orders_table', 1),
(35, '2024_09_27_000033_create_purchase_order_items_table', 1),
(36, '2024_09_27_000034_create_sales_orders_table', 1),
(37, '2024_09_27_000035_create_sales_order_items_table', 1),
(38, '2024_09_27_000036_create_estimates_table', 1),
(39, '2024_09_27_000037_create_estimate_items_table', 1),
(40, '2024_09_27_000038_create_sales_invoices_table', 1),
(41, '2024_09_27_000039_create_sales_invoice_items_table', 1),
(42, '2024_09_27_000040_create_sales_order_activities_table', 1),
(43, '2024_09_27_000041_create_sales_invoice_activities_table', 1),
(44, '2024_09_27_000042_create_estimate_activities_table', 1),
(45, '2024_09_27_000043_create_purchase_invoices_table', 1),
(46, '2024_09_27_000044_create_purchase_invoice_items_table', 1),
(47, '2024_09_27_000045_create_packages_table', 1),
(48, '2024_09_27_000046_create_package_items_table', 1),
(49, '2024_09_27_000047_create_shipments_table', 1),
(50, '2024_09_27_000048_create_purchase_receives_table', 1),
(51, '2024_09_27_000049_create_purchase_receive_items_table', 1),
(52, '2024_09_27_000050_create_payments_table', 1),
(53, '2024_09_27_000051_create_permission_role_pivot_table', 1),
(54, '2024_09_27_000052_create_role_user_pivot_table', 1),
(55, '2024_09_27_000053_add_relationship_fields_to_permissions_table', 1),
(56, '2024_09_27_000054_add_relationship_fields_to_users_table', 1),
(57, '2024_09_27_000055_add_relationship_fields_to_language_terms_table', 1),
(58, '2024_09_27_000056_add_relationship_fields_to_translations_table', 1),
(59, '2024_09_27_000057_add_relationship_fields_to_states_table', 1),
(60, '2024_09_27_000058_add_relationship_fields_to_cities_table', 1),
(61, '2024_09_27_000059_add_relationship_fields_to_contact_addresses_table', 1),
(62, '2024_09_27_000060_add_relationship_fields_to_suppliers_table', 1),
(63, '2024_09_27_000061_add_relationship_fields_to_buyers_table', 1),
(64, '2024_09_27_000062_add_relationship_fields_to_categories_table', 1),
(65, '2024_09_27_000063_add_relationship_fields_to_products_table', 1),
(66, '2024_09_27_000064_add_relationship_fields_to_product_features_table', 1),
(67, '2024_09_27_000065_add_relationship_fields_to_product_prices_table', 1),
(68, '2024_09_27_000066_add_relationship_fields_to_warehouses_table', 1),
(69, '2024_09_27_000067_add_relationship_fields_to_shelves_table', 1),
(70, '2024_09_27_000068_add_relationship_fields_to_product_batches_table', 1),
(71, '2024_09_27_000069_add_relationship_fields_to_product_inventories_table', 1),
(72, '2024_09_27_000070_add_relationship_fields_to_product_stocks_table', 1),
(73, '2024_09_27_000071_add_relationship_fields_to_purchase_orders_table', 1),
(74, '2024_09_27_000072_add_relationship_fields_to_purchase_order_items_table', 1),
(75, '2024_09_27_000073_add_relationship_fields_to_sales_orders_table', 1),
(76, '2024_09_27_000074_add_relationship_fields_to_sales_order_items_table', 1),
(77, '2024_09_27_000075_add_relationship_fields_to_estimates_table', 1),
(78, '2024_09_27_000076_add_relationship_fields_to_estimate_items_table', 1),
(79, '2024_09_27_000077_add_relationship_fields_to_sales_invoices_table', 1),
(80, '2024_09_27_000078_add_relationship_fields_to_sales_invoice_items_table', 1),
(81, '2024_09_27_000079_add_relationship_fields_to_sales_order_activities_table', 1),
(82, '2024_09_27_000080_add_relationship_fields_to_sales_invoice_activities_table', 1),
(83, '2024_09_27_000081_add_relationship_fields_to_estimate_activities_table', 1),
(84, '2024_09_27_000082_add_relationship_fields_to_purchase_invoices_table', 1),
(85, '2024_09_27_000083_add_relationship_fields_to_purchase_invoice_items_table', 1),
(86, '2024_09_27_000084_add_relationship_fields_to_packages_table', 1),
(87, '2024_09_27_000085_add_relationship_fields_to_package_items_table', 1),
(88, '2024_09_27_000086_add_relationship_fields_to_shipments_table', 1),
(89, '2024_09_27_000087_add_relationship_fields_to_purchase_receives_table', 1),
(90, '2024_09_27_000088_add_relationship_fields_to_purchase_receive_items_table', 1),
(91, '2024_09_27_000089_add_relationship_fields_to_payments_table', 1);

-- 
-- Dumping data for table language_term_groups
--
INSERT INTO language_term_groups VALUES
(1, 'general', 0, '2024-10-01 04:31:14', '2024-10-01 04:31:14'),
(2, 'userManagement', 0, '2024-10-01 04:31:14', '2024-10-01 04:31:14'),
(3, 'permission', 0, '2024-10-01 04:31:14', '2024-10-01 04:31:14'),
(4, 'role', 0, '2024-10-01 04:31:14', '2024-10-01 04:31:14'),
(5, 'user', 0, '2024-10-01 04:31:14', '2024-10-01 04:31:14'),
(6, 'permissionGroup', 0, '2024-10-01 04:31:14', '2024-10-01 04:31:14'),
(7, 'localization', 0, '2024-10-01 04:31:14', '2024-10-01 04:31:14'),
(8, 'language', 0, '2024-10-01 04:31:14', '2024-10-01 04:31:14'),
(9, 'languageTerm', 0, '2024-10-01 04:31:14', '2024-10-01 04:31:14'),
(10, 'translation', 0, '2024-10-01 04:31:14', '2024-10-01 04:31:14'),
(11, 'languageTermGroup', 0, '2024-10-01 04:31:14', '2024-10-01 04:31:14'),
(12, 'country', 0, '2024-10-01 04:31:14', '2024-10-01 04:31:14'),
(13, 'state', 0, '2024-10-01 04:31:14', '2024-10-01 04:31:14'),
(14, 'city', 0, '2024-10-01 04:31:14', '2024-10-01 04:31:14'),
(15, 'master', 0, '2024-10-01 04:31:14', '2024-10-01 04:31:14'),
(16, 'unit', 0, '2024-10-01 04:31:14', '2024-10-01 04:31:14'),
(17, 'paymentMode', 0, '2024-10-01 04:31:14', '2024-10-01 04:31:14'),
(18, 'shipmentMode', 0, '2024-10-01 04:31:14', '2024-10-01 04:31:14'),
(19, 'packingType', 0, '2024-10-01 04:31:14', '2024-10-01 04:31:14'),
(20, 'currency', 0, '2024-10-01 04:31:14', '2024-10-01 04:31:14'),
(21, 'paymentTerm', 0, '2024-10-01 04:31:14', '2024-10-01 04:31:14'),
(22, 'mnuContact', 0, '2024-10-01 04:31:14', '2024-10-01 04:31:14'),
(23, 'extra', 0, '2024-10-01 04:31:14', '2024-10-01 04:31:14'),
(24, 'contactAddress', 0, '2024-10-01 04:31:14', '2024-10-01 04:31:14'),
(25, 'supplier', 0, '2024-10-01 04:31:14', '2024-10-01 04:31:14'),
(26, 'buyer', 0, '2024-10-01 04:31:14', '2024-10-01 04:31:14'),
(27, 'inventory', 0, '2024-10-01 04:31:14', '2024-10-01 04:31:14'),
(28, 'category', 0, '2024-10-01 04:31:14', '2024-10-01 04:31:14'),
(29, 'product', 0, '2024-10-01 04:31:14', '2024-10-01 04:31:14'),
(30, 'feature', 0, '2024-10-01 04:31:14', '2024-10-01 04:31:14'),
(31, 'productFeature', 0, '2024-10-01 04:31:14', '2024-10-01 04:31:14'),
(32, 'productPrice', 0, '2024-10-01 04:31:14', '2024-10-01 04:31:14'),
(33, 'warehouse', 0, '2024-10-01 04:31:14', '2024-10-01 04:31:14'),
(34, 'shelf', 0, '2024-10-01 04:31:14', '2024-10-01 04:31:14'),
(35, 'productBatch', 0, '2024-10-01 04:31:14', '2024-10-01 04:31:14'),
(36, 'productInventory', 0, '2024-10-01 04:31:14', '2024-10-01 04:31:14'),
(37, 'parentCategory', 0, '2024-10-01 04:31:14', '2024-10-01 04:31:14'),
(38, 'mnuPurchase', 0, '2024-10-01 04:31:14', '2024-10-01 04:31:14'),
(39, 'purchaseOrder', 0, '2024-10-01 04:31:14', '2024-10-01 04:31:14'),
(40, 'purchaseOrderItem', 0, '2024-10-01 04:31:14', '2024-10-01 04:31:14'),
(41, 'mnuSale', 0, '2024-10-01 04:31:14', '2024-10-01 04:31:14'),
(42, 'salesOrder', 0, '2024-10-01 04:31:14', '2024-10-01 04:31:14'),
(43, 'salesOrderItem', 0, '2024-10-01 04:31:14', '2024-10-01 04:31:14'),
(44, 'estimate', 0, '2024-10-01 04:31:14', '2024-10-01 04:31:14'),
(45, 'estimateItem', 0, '2024-10-01 04:31:14', '2024-10-01 04:31:14'),
(46, 'salesInvoice', 0, '2024-10-01 04:31:14', '2024-10-01 04:31:14'),
(47, 'salesInvoiceItem', 0, '2024-10-01 04:31:14', '2024-10-01 04:31:14'),
(48, 'salesOrderActivity', 0, '2024-10-01 04:31:14', '2024-10-01 04:31:14'),
(49, 'salesInvoiceActivity', 0, '2024-10-01 04:31:14', '2024-10-01 04:31:14'),
(50, 'estimateActivity', 0, '2024-10-01 04:31:14', '2024-10-01 04:31:14'),
(51, 'purchaseInvoice', 0, '2024-10-01 04:31:14', '2024-10-01 04:31:14'),
(52, 'purchaseInvoiceItem', 0, '2024-10-01 04:31:14', '2024-10-01 04:31:14'),
(53, 'package', 0, '2024-10-01 04:31:14', '2024-10-01 04:31:14'),
(54, 'packageItem', 0, '2024-10-01 04:31:14', '2024-10-01 04:31:14'),
(55, 'shipment', 0, '2024-10-01 04:31:14', '2024-10-01 04:31:14'),
(56, 'purchaseReceive', 0, '2024-10-01 04:31:14', '2024-10-01 04:31:14'),
(57, 'purchaseReceiveItem', 0, '2024-10-01 04:31:14', '2024-10-01 04:31:14'),
(58, 'payment', 0, '2024-10-01 04:31:14', '2024-10-01 04:31:14');

-- 
-- Dumping data for table language_terms
--
INSERT INTO language_terms VALUES
(1, 'general.fields.dashboard', 1, '2024-10-01 04:31:14', '2024-10-01 04:31:14', 1),
(2, 'general.fields.configuration', 1, '2024-10-01 04:31:14', '2024-10-01 04:31:14', 1),
(3, 'general.fields.settings', 1, '2024-10-01 04:31:14', '2024-10-01 04:31:14', 1),
(4, 'general.fields.modules', 1, '2024-10-01 04:31:14', '2024-10-01 04:31:14', 1),
(5, 'general.fields.save', 1, '2024-10-01 04:31:14', '2024-10-01 04:31:14', 1),
(6, 'general.fields.cancel', 1, '2024-10-01 04:31:14', '2024-10-01 04:31:14', 1),
(7, 'general.fields.actions', 1, '2024-10-01 04:31:14', '2024-10-01 04:31:14', 1),
(8, 'general.fields.inventory', 1, '2024-10-01 04:31:14', '2024-10-01 04:31:14', 1),
(9, 'general.fields.signIn', 1, '2024-10-01 04:31:14', '2024-10-01 04:31:14', 1),
(10, 'general.fields.signUp', 1, '2024-10-01 04:31:14', '2024-10-01 04:31:14', 1),
(11, 'general.fields.passwordReset', 1, '2024-10-01 04:31:14', '2024-10-01 04:31:14', 1),
(12, 'general.fields.error404', 1, '2024-10-01 04:31:14', '2024-10-01 04:31:14', 1),
(13, 'general.fields.error500', 1, '2024-10-01 04:31:14', '2024-10-01 04:31:14', 1),
(14, 'general.fields.noInitialResults', 1, '2024-10-01 04:31:14', '2024-10-01 04:31:14', 1),
(15, 'general.fields.noTableResults', 1, '2024-10-01 04:31:14', '2024-10-01 04:31:14', 1),
(16, 'general.fields.tableLoading', 1, '2024-10-01 04:31:14', '2024-10-01 04:31:14', 1),
(17, 'general.fields.authLayoutTitle', 1, '2024-10-01 04:31:14', '2024-10-01 04:31:14', 1),
(18, 'general.fields.amount', 1, '2024-10-01 04:31:14', '2024-10-01 04:31:14', 1),
(19, 'general.fields.subTotal', 1, '2024-10-01 04:31:14', '2024-10-01 04:31:14', 1),
(20, 'general.fields.discountTotal', 1, '2024-10-01 04:31:14', '2024-10-01 04:31:14', 1),
(21, 'general.fields.taxTotal', 1, '2024-10-01 04:31:14', '2024-10-01 04:31:14', 1),
(22, 'general.fields.grandTotal', 1, '2024-10-01 04:31:14', '2024-10-01 04:31:14', 1),
(23, 'general.fields.id', 1, '2024-10-01 04:31:14', '2024-10-01 04:31:14', 1),
(24, 'general.fields.title', 1, '2024-10-01 04:31:14', '2024-10-01 04:31:14', 1),
(25, 'general.fields.permission_group', 1, '2024-10-01 04:31:14', '2024-10-01 04:31:14', 1),
(26, 'general.fields.permissions', 1, '2024-10-01 04:31:14', '2024-10-01 04:31:14', 1),
(27, 'general.fields.has_admin_access', 1, '2024-10-01 04:31:14', '2024-10-01 04:31:14', 1),
(28, 'general.fields.name', 1, '2024-10-01 04:31:14', '2024-10-01 04:31:14', 1),
(29, 'general.fields.email', 1, '2024-10-01 04:31:14', '2024-10-01 04:31:14', 1),
(30, 'general.fields.email_verified_at', 1, '2024-10-01 04:31:14', '2024-10-01 04:31:14', 1),
(31, 'general.fields.password', 1, '2024-10-01 04:31:14', '2024-10-01 04:31:14', 1),
(32, 'general.fields.roles', 1, '2024-10-01 04:31:14', '2024-10-01 04:31:14', 1),
(33, 'general.fields.remember_token', 1, '2024-10-01 04:31:14', '2024-10-01 04:31:14', 1),
(34, 'general.fields.active', 1, '2024-10-01 04:31:14', '2024-10-01 04:31:14', 1),
(35, 'general.fields.locale', 1, '2024-10-01 04:31:14', '2024-10-01 04:31:14', 1),
(36, 'general.fields.translations', 1, '2024-10-01 04:31:14', '2024-10-01 04:31:14', 1),
(37, 'general.fields.language_term_group', 1, '2024-10-01 04:31:14', '2024-10-01 04:31:14', 1),
(38, 'general.fields.language', 1, '2024-10-01 04:31:14', '2024-10-01 04:31:14', 1),
(39, 'general.fields.language_term', 1, '2024-10-01 04:31:14', '2024-10-01 04:31:14', 1),
(40, 'general.fields.translation', 1, '2024-10-01 04:31:14', '2024-10-01 04:31:14', 1),
(41, 'general.fields.country', 1, '2024-10-01 04:31:14', '2024-10-01 04:31:14', 1),
(42, 'general.fields.state', 1, '2024-10-01 04:31:14', '2024-10-01 04:31:14', 1),
(43, 'general.fields.created_at', 1, '2024-10-01 04:31:14', '2024-10-01 04:31:14', 1),
(44, 'general.fields.updated_at', 1, '2024-10-01 04:31:14', '2024-10-01 04:31:14', 1),
(45, 'general.fields.code', 1, '2024-10-01 04:31:14', '2024-10-01 04:31:14', 1),
(46, 'general.fields.symbol', 1, '2024-10-01 04:31:14', '2024-10-01 04:31:14', 1),
(47, 'general.fields.rate', 1, '2024-10-01 04:31:14', '2024-10-01 04:31:14', 1),
(48, 'general.fields.days', 1, '2024-10-01 04:31:14', '2024-10-01 04:31:14', 1),
(49, 'general.fields.address_1', 1, '2024-10-01 04:31:14', '2024-10-01 04:31:14', 1),
(50, 'general.fields.address_2', 1, '2024-10-01 04:31:14', '2024-10-01 04:31:14', 1),
(51, 'general.fields.city', 1, '2024-10-01 04:31:14', '2024-10-01 04:31:14', 1),
(52, 'general.fields.postal_code', 1, '2024-10-01 04:31:14', '2024-10-01 04:31:14', 1),
(53, 'general.fields.display_name', 1, '2024-10-01 04:31:14', '2024-10-01 04:31:14', 1),
(54, 'general.fields.payment_term', 1, '2024-10-01 04:31:14', '2024-10-01 04:31:14', 1),
(55, 'general.fields.billing_address', 1, '2024-10-01 04:31:14', '2024-10-01 04:31:14', 1),
(56, 'general.fields.shipping_address', 1, '2024-10-01 04:31:14', '2024-10-01 04:31:14', 1),
(57, 'general.fields.currency', 1, '2024-10-01 04:31:14', '2024-10-01 04:31:14', 1),
(58, 'general.fields.remarks', 1, '2024-10-01 04:31:14', '2024-10-01 04:31:14', 1),
(59, 'general.fields.category', 1, '2024-10-01 04:31:14', '2024-10-01 04:31:14', 1),
(60, 'general.fields.description', 1, '2024-10-01 04:31:14', '2024-10-01 04:31:14', 1),
(61, 'general.fields.supplier', 1, '2024-10-01 04:31:14', '2024-10-01 04:31:14', 1),
(62, 'general.fields.user', 1, '2024-10-01 04:31:14', '2024-10-01 04:31:14', 1),
(63, 'general.fields.sku', 1, '2024-10-01 04:31:14', '2024-10-01 04:31:14', 1),
(64, 'general.fields.manufacturer', 1, '2024-10-01 04:31:14', '2024-10-01 04:31:14', 1),
(65, 'general.fields.unit_01', 1, '2024-10-01 04:31:14', '2024-10-01 04:31:14', 1),
(66, 'general.fields.unit_02', 1, '2024-10-01 04:31:14', '2024-10-01 04:31:14', 1),
(67, 'general.fields.is_returnable', 1, '2024-10-01 04:31:14', '2024-10-01 04:31:14', 1),
(68, 'general.fields.product', 1, '2024-10-01 04:31:14', '2024-10-01 04:31:14', 1),
(69, 'general.fields.feature', 1, '2024-10-01 04:31:14', '2024-10-01 04:31:14', 1),
(70, 'general.fields.deleted_at', 1, '2024-10-01 04:31:14', '2024-10-01 04:31:14', 1),
(71, 'general.fields.unit', 1, '2024-10-01 04:31:14', '2024-10-01 04:31:14', 1),
(72, 'general.fields.purchase_price', 1, '2024-10-01 04:31:14', '2024-10-01 04:31:14', 1),
(73, 'general.fields.sale_price', 1, '2024-10-01 04:31:14', '2024-10-01 04:31:14', 1),
(74, 'general.fields.lowest_sale_price', 1, '2024-10-01 04:31:14', '2024-10-01 04:31:14', 1),
(75, 'general.fields.number', 1, '2024-10-01 04:31:14', '2024-10-01 04:31:14', 1),
(76, 'general.fields.shelf', 1, '2024-10-01 04:31:14', '2024-10-01 04:31:14', 1),
(77, 'general.fields.manufacturer_batch_no', 1, '2024-10-01 04:31:14', '2024-10-01 04:31:14', 1),
(78, 'general.fields.manufacturer_date', 1, '2024-10-01 04:31:14', '2024-10-01 04:31:14', 1),
(79, 'general.fields.expiry_date', 1, '2024-10-01 04:31:14', '2024-10-01 04:31:14', 1),
(80, 'general.fields.order_no', 1, '2024-10-01 04:31:14', '2024-10-01 04:31:14', 1),
(81, 'general.fields.warehouse', 1, '2024-10-01 04:31:14', '2024-10-01 04:31:14', 1),
(82, 'general.fields.batch', 1, '2024-10-01 04:31:14', '2024-10-01 04:31:14', 1),
(83, 'general.fields.reason', 1, '2024-10-01 04:31:14', '2024-10-01 04:31:14', 1),
(84, 'general.fields.date', 1, '2024-10-01 04:31:14', '2024-10-01 04:31:14', 1),
(85, 'general.fields.quantity', 1, '2024-10-01 04:31:14', '2024-10-01 04:31:14', 1),
(86, 'general.fields.po_number', 1, '2024-10-01 04:31:14', '2024-10-01 04:31:14', 1),
(87, 'general.fields.estimated_shipment_date', 1, '2024-10-01 04:31:14', '2024-10-01 04:31:14', 1),
(88, 'general.fields.type', 1, '2024-10-01 04:31:14', '2024-10-01 04:31:14', 1),
(89, 'general.fields.price_term', 1, '2024-10-01 04:31:14', '2024-10-01 04:31:14', 1),
(90, 'general.fields.shipment_mode', 1, '2024-10-01 04:31:14', '2024-10-01 04:31:14', 1),
(91, 'general.fields.freight_total', 1, '2024-10-01 04:31:14', '2024-10-01 04:31:14', 1),
(92, 'general.fields.discount_type', 1, '2024-10-01 04:31:14', '2024-10-01 04:31:14', 1),
(93, 'general.fields.discount_total', 1, '2024-10-01 04:31:14', '2024-10-01 04:31:14', 1),
(94, 'general.fields.discount_rate', 1, '2024-10-01 04:31:14', '2024-10-01 04:31:14', 1),
(95, 'general.fields.sub_total', 1, '2024-10-01 04:31:14', '2024-10-01 04:31:14', 1),
(96, 'general.fields.tax_rate', 1, '2024-10-01 04:31:14', '2024-10-01 04:31:14', 1),
(97, 'general.fields.tax_total', 1, '2024-10-01 04:31:14', '2024-10-01 04:31:14', 1),
(98, 'general.fields.grand_total', 1, '2024-10-01 04:31:14', '2024-10-01 04:31:14', 1),
(99, 'general.fields.purchase_order', 1, '2024-10-01 04:31:14', '2024-10-01 04:31:14', 1),
(100, 'general.fields.so_number', 1, '2024-10-01 04:31:14', '2024-10-01 04:31:14', 1),
(101, 'general.fields.quotation_no', 1, '2024-10-01 04:31:14', '2024-10-01 04:31:14', 1),
(102, 'general.fields.reference_no', 1, '2024-10-01 04:31:14', '2024-10-01 04:31:14', 1),
(103, 'general.fields.buyer', 1, '2024-10-01 04:31:14', '2024-10-01 04:31:14', 1),
(104, 'general.fields.sales_order', 1, '2024-10-01 04:31:14', '2024-10-01 04:31:14', 1),
(105, 'general.fields.original_rate', 1, '2024-10-01 04:31:14', '2024-10-01 04:31:14', 1),
(106, 'general.fields.quo_number', 1, '2024-10-01 04:31:14', '2024-10-01 04:31:14', 1),
(107, 'general.fields.estimate', 1, '2024-10-01 04:31:14', '2024-10-01 04:31:14', 1),
(108, 'general.fields.invoice_number', 1, '2024-10-01 04:31:14', '2024-10-01 04:31:14', 1),
(109, 'general.fields.due_date', 1, '2024-10-01 04:31:14', '2024-10-01 04:31:14', 1),
(110, 'general.fields.remark', 1, '2024-10-01 04:31:14', '2024-10-01 04:31:14', 1),
(111, 'general.fields.sales_invoice', 1, '2024-10-01 04:31:14', '2024-10-01 04:31:14', 1),
(112, 'general.fields.is_active', 1, '2024-10-01 04:31:14', '2024-10-01 04:31:14', 1),
(113, 'general.fields.sale_invoice', 1, '2024-10-01 04:31:14', '2024-10-01 04:31:14', 1),
(114, 'general.fields.purchase', 1, '2024-10-01 04:31:14', '2024-10-01 04:31:14', 1),
(115, 'general.fields.purchase_invoice', 1, '2024-10-01 04:31:14', '2024-10-01 04:31:14', 1),
(116, 'general.fields.package_date', 1, '2024-10-01 04:31:14', '2024-10-01 04:31:14', 1),
(117, 'general.fields.packing_type', 1, '2024-10-01 04:31:14', '2024-10-01 04:31:14', 1),
(118, 'general.fields.package', 1, '2024-10-01 04:31:14', '2024-10-01 04:31:14', 1),
(119, 'general.fields.shipment_date', 1, '2024-10-01 04:31:14', '2024-10-01 04:31:14', 1),
(120, 'general.fields.delivery_date', 1, '2024-10-01 04:31:14', '2024-10-01 04:31:14', 1),
(121, 'general.fields.purchase_receive', 1, '2024-10-01 04:31:14', '2024-10-01 04:31:14', 1),
(122, 'general.fields.payment_mode', 1, '2024-10-01 04:31:14', '2024-10-01 04:31:14', 1),
(123, 'general.fields.payment_date', 1, '2024-10-01 04:31:14', '2024-10-01 04:31:14', 1),
(124, 'general.fields.payment_type', 1, '2024-10-01 04:31:14', '2024-10-01 04:31:14', 1),
(125, 'general.fields.tran_type', 1, '2024-10-01 04:31:14', '2024-10-01 04:31:14', 1),
(126, 'general.fields.document', 1, '2024-10-01 04:31:14', '2024-10-01 04:31:14', 1),
(127, 'general.fields.order_quantity', 1, '2024-10-01 04:31:14', '2024-10-01 04:31:14', 1),
(128, 'general.fields.received_quantity', 1, '2024-10-01 04:31:14', '2024-10-01 04:31:14', 1),
(129, 'general.fields.balance_quantity', 1, '2024-10-01 04:31:14', '2024-10-01 04:31:14', 1),
(130, 'general.fields.packed_quantity', 1, '2024-10-01 04:31:14', '2024-10-01 04:31:14', 1),
(131, 'general.fields.estimated_delivery_date', 1, '2024-10-01 04:31:14', '2024-10-01 04:31:14', 1),
(132, 'userManagement.title', 1, '2024-10-01 04:31:14', '2024-10-01 04:31:14', 2),
(133, 'permission.title', 1, '2024-10-01 04:31:14', '2024-10-01 04:31:14', 3),
(134, 'role.title', 1, '2024-10-01 04:31:14', '2024-10-01 04:31:14', 4),
(135, 'user.title', 1, '2024-10-01 04:31:14', '2024-10-01 04:31:14', 5),
(136, 'permissionGroup.title', 1, '2024-10-01 04:31:14', '2024-10-01 04:31:14', 6),
(137, 'localization.title', 1, '2024-10-01 04:31:14', '2024-10-01 04:31:14', 7),
(138, 'language.title', 1, '2024-10-01 04:31:14', '2024-10-01 04:31:14', 8),
(139, 'languageTerm.title', 1, '2024-10-01 04:31:14', '2024-10-01 04:31:14', 9),
(140, 'translation.title', 1, '2024-10-01 04:31:14', '2024-10-01 04:31:14', 10),
(141, 'languageTermGroup.title', 1, '2024-10-01 04:31:14', '2024-10-01 04:31:14', 11),
(142, 'country.title', 1, '2024-10-01 04:31:14', '2024-10-01 04:31:14', 12),
(143, 'state.title', 1, '2024-10-01 04:31:14', '2024-10-01 04:31:14', 13),
(144, 'city.title', 1, '2024-10-01 04:31:14', '2024-10-01 04:31:14', 14),
(145, 'master.title', 1, '2024-10-01 04:31:14', '2024-10-01 04:31:14', 15),
(146, 'unit.title', 1, '2024-10-01 04:31:14', '2024-10-01 04:31:14', 16),
(147, 'paymentMode.title', 1, '2024-10-01 04:31:14', '2024-10-01 04:31:14', 17),
(148, 'shipmentMode.title', 1, '2024-10-01 04:31:14', '2024-10-01 04:31:14', 18),
(149, 'packingType.title', 1, '2024-10-01 04:31:14', '2024-10-01 04:31:14', 19),
(150, 'currency.title', 1, '2024-10-01 04:31:14', '2024-10-01 04:31:14', 20),
(151, 'paymentTerm.title', 1, '2024-10-01 04:31:14', '2024-10-01 04:31:14', 21),
(152, 'mnuContact.title', 1, '2024-10-01 04:31:14', '2024-10-01 04:31:14', 22),
(153, 'extra.title', 1, '2024-10-01 04:31:14', '2024-10-01 04:31:14', 23),
(154, 'contactAddress.title', 1, '2024-10-01 04:31:14', '2024-10-01 04:31:14', 24),
(155, 'supplier.title', 1, '2024-10-01 04:31:14', '2024-10-01 04:31:14', 25),
(156, 'buyer.title', 1, '2024-10-01 04:31:14', '2024-10-01 04:31:14', 26),
(157, 'inventory.title', 1, '2024-10-01 04:31:14', '2024-10-01 04:31:14', 27),
(158, 'category.title', 1, '2024-10-01 04:31:14', '2024-10-01 04:31:14', 28),
(159, 'product.title', 1, '2024-10-01 04:31:14', '2024-10-01 04:31:14', 29),
(160, 'feature.title', 1, '2024-10-01 04:31:14', '2024-10-01 04:31:14', 30),
(161, 'productFeature.title', 1, '2024-10-01 04:31:14', '2024-10-01 04:31:14', 31),
(162, 'productPrice.title', 1, '2024-10-01 04:31:14', '2024-10-01 04:31:14', 32),
(163, 'warehouse.title', 1, '2024-10-01 04:31:14', '2024-10-01 04:31:14', 33),
(164, 'shelf.title', 1, '2024-10-01 04:31:14', '2024-10-01 04:31:14', 34),
(165, 'productBatch.title', 1, '2024-10-01 04:31:14', '2024-10-01 04:31:14', 35),
(166, 'productInventory.title', 1, '2024-10-01 04:31:14', '2024-10-01 04:31:14', 36),
(167, 'parentCategory.title', 1, '2024-10-01 04:31:14', '2024-10-01 04:31:14', 37),
(168, 'mnuPurchase.title', 1, '2024-10-01 04:31:14', '2024-10-01 04:31:14', 38),
(169, 'purchaseOrder.title', 1, '2024-10-01 04:31:14', '2024-10-01 04:31:14', 39),
(170, 'purchaseOrderItem.title', 1, '2024-10-01 04:31:14', '2024-10-01 04:31:14', 40),
(171, 'mnuSale.title', 1, '2024-10-01 04:31:14', '2024-10-01 04:31:14', 41),
(172, 'salesOrder.title', 1, '2024-10-01 04:31:14', '2024-10-01 04:31:14', 42),
(173, 'salesOrderItem.title', 1, '2024-10-01 04:31:14', '2024-10-01 04:31:14', 43),
(174, 'estimate.title', 1, '2024-10-01 04:31:14', '2024-10-01 04:31:14', 44),
(175, 'estimateItem.title', 1, '2024-10-01 04:31:14', '2024-10-01 04:31:14', 45),
(176, 'salesInvoice.title', 1, '2024-10-01 04:31:14', '2024-10-01 04:31:14', 46),
(177, 'salesInvoiceItem.title', 1, '2024-10-01 04:31:14', '2024-10-01 04:31:14', 47),
(178, 'salesOrderActivity.title', 1, '2024-10-01 04:31:14', '2024-10-01 04:31:14', 48),
(179, 'salesInvoiceActivity.title', 1, '2024-10-01 04:31:14', '2024-10-01 04:31:14', 49),
(180, 'estimateActivity.title', 1, '2024-10-01 04:31:14', '2024-10-01 04:31:14', 50),
(181, 'purchaseInvoice.title', 1, '2024-10-01 04:31:14', '2024-10-01 04:31:14', 51),
(182, 'purchaseInvoiceItem.title', 1, '2024-10-01 04:31:14', '2024-10-01 04:31:14', 52),
(183, 'package.title', 1, '2024-10-01 04:31:14', '2024-10-01 04:31:14', 53),
(184, 'packageItem.title', 1, '2024-10-01 04:31:14', '2024-10-01 04:31:14', 54),
(185, 'shipment.title', 1, '2024-10-01 04:31:14', '2024-10-01 04:31:14', 55),
(186, 'purchaseReceive.title', 1, '2024-10-01 04:31:14', '2024-10-01 04:31:14', 56),
(187, 'purchaseReceiveItem.title', 1, '2024-10-01 04:31:14', '2024-10-01 04:31:14', 57),
(188, 'payment.title', 1, '2024-10-01 04:31:14', '2024-10-01 04:31:14', 58);

-- 
-- Dumping data for table languages
--
INSERT INTO languages VALUES
(1, 'English', 'en', 1, '2024-10-01 04:31:14', '2024-10-01 04:31:14');

-- 
-- Dumping data for table features
--
INSERT INTO features VALUES
(1, 'Abidos Range', 1, '2024-10-01 04:31:15', '2024-10-01 04:31:15'),
(2, 'Adhesive', 1, '2024-10-01 04:31:15', '2024-10-01 04:31:15'),
(3, 'Bulevar Range', 1, '2024-10-01 04:31:15', '2024-10-01 04:31:15'),
(4, 'Dreire Range', 1, '2024-10-01 04:31:15', '2024-10-01 04:31:15'),
(5, 'Luxury Mosaics', 1, '2024-10-01 04:31:15', '2024-10-01 04:31:15'),
(6, 'Job Lot', 1, '2024-10-01 04:31:15', '2024-10-01 04:31:15'),
(7, 'Pireo Range', 1, '2024-10-01 04:31:15', '2024-10-01 04:31:15'),
(8, 'Self Levelling', 1, '2024-10-01 04:31:15', '2024-10-01 04:31:15');

-- Table mega_sign_rental_2024_db.estimate_items does not contain any data (it is empty)

-- Table mega_sign_rental_2024_db.estimate_activities does not contain any data (it is empty)

-- Table mega_sign_rental_2024_db.estimates does not contain any data (it is empty)

-- 
-- Dumping data for table currencies
--
INSERT INTO currencies VALUES
(1, 'USD', 'US Dollar', '$', 1.00000, 1, '2024-10-01 04:31:15', '2024-10-01 04:31:15'),
(2, 'CNY', 'Yuan Renminbi', '¥', 1.00000, 1, '2024-10-01 04:31:15', '2024-10-01 04:31:15');

-- 
-- Dumping data for table countries
--
INSERT INTO countries VALUES
(1, 'Falkland Islands (Malvinas)', 1, '2024-10-01 04:31:15', '2024-10-01 04:31:15'),
(2, 'Grenada', 1, '2024-10-01 04:31:15', '2024-10-01 04:31:15'),
(3, 'Slovakia (Slovak Republic)', 1, '2024-10-01 04:31:15', '2024-10-01 04:31:15'),
(4, 'Sri Lanka', 1, '2024-10-01 04:31:15', '2024-10-01 04:31:15'),
(5, 'Saint Pierre and Miquelon', 1, '2024-10-01 04:31:15', '2024-10-01 04:31:15'),
(6, 'Venezuela', 1, '2024-10-01 04:31:15', '2024-10-01 04:31:15'),
(7, 'Rwanda', 1, '2024-10-01 04:31:15', '2024-10-01 04:31:15'),
(8, 'Haiti', 1, '2024-10-01 04:31:15', '2024-10-01 04:31:15'),
(9, 'Australia', 1, '2024-10-01 04:31:15', '2024-10-01 04:31:15'),
(10, 'Montenegro', 1, '2024-10-01 04:31:15', '2024-10-01 04:31:15');

-- 
-- Dumping data for table contact_addresses
--
INSERT INTO contact_addresses VALUES
(1, 'Petra Wiza III', '965 Stracke Loaf\nSouth Martinaberg, MI 17484-5859', '5455 Schuppe Grove\nEast Coltenshire, HI 32878-6746', '12345', '925-903-8311', '2024-10-01 04:31:15', '2024-10-01 04:31:15', 1, 1, 1),
(2, 'Blaise Vandervort', '57188 Rey Camp Suite 166\nRathberg, PA 71104-0556', '89305 Trantow Fall\nBrayanmouth, TN 49819-7642', '12345', '1-680-936-8621', '2024-10-01 04:31:15', '2024-10-01 04:31:15', 1, 1, 1),
(3, 'Carmela Maggio I', '9544 Deonte Junctions Apt. 183\nTalonmouth, MN 99029', '343 Bernier Meadows\nArelytown, WA 04527-2097', '12345', '520.949.3424', '2024-10-01 04:31:15', '2024-10-01 04:31:15', 1, 1, 1),
(4, 'Mr. Garrick Waelchi', '54565 Howe Neck Apt. 266\nRaquelview, VT 73681-1685', '337 Herman Pike\nSchambergerchester, AL 70868-4254', '12345', '541.547.8405', '2024-10-01 04:31:15', '2024-10-01 04:31:15', 1, 1, 1),
(5, 'Santiago Prohaska', '1652 Yost Heights\nLangoshshire, MT 38577', '70054 Isabelle Mission Apt. 052\nSchneiderhaven, UT 16002-5501', '12345', '1-810-679-6289', '2024-10-01 04:31:15', '2024-10-01 04:31:15', 1, 1, 1),
(6, 'Keeley Wolff', '835 Candelario Tunnel Suite 876\nHudsonport, UT 44515', '449 Juana Plains\nLake Ursula, AR 83656', '12345', '1-209-823-2887', '2024-10-01 04:31:15', '2024-10-01 04:31:15', 1, 1, 1),
(7, 'Ms. Tia Koepp V', '387 Reba Corner\nDanielchester, TN 80617', '3179 Stevie Turnpike\nCrooksland, NH 44754', '12345', '502-303-1067', '2024-10-01 04:31:15', '2024-10-01 04:31:15', 1, 1, 1),
(8, 'Emilia Altenwerth III', '233 Darian Garden\nKeeblerchester, WV 74952-5544', '29866 Kiera Branch Suite 785\nPort Kendraview, CT 30096', '12345', '601-340-0632', '2024-10-01 04:31:15', '2024-10-01 04:31:15', 1, 1, 1),
(9, 'Anissa Torp', '540 Deckow Gateway Suite 567\nSouth Abigail, NH 00102-3131', '4401 Kozey Common\nEast Enolaview, SC 61192-3949', '12345', '662-909-8602', '2024-10-01 04:31:15', '2024-10-01 04:31:15', 1, 1, 1),
(10, 'Mr. Nash Simonis Jr.', '82783 Claudia Centers\nSouth Johathanton, NJ 98462', '53592 Schinner Falls Apt. 056\nJeanneview, CA 32597', '12345', '1-930-391-6195', '2024-10-01 04:31:15', '2024-10-01 04:31:15', 1, 1, 1),
(11, 'Rowland Orn', '67380 Jailyn Courts\nEast Margaritamouth, MA 08592', '32135 Blanda Islands Apt. 621\nErichland, WV 66168', '12345', '+1-617-307-0346', '2024-10-01 04:31:15', '2024-10-01 04:31:15', 1, 1, 1),
(12, 'Melody Jerde Jr.', '27809 Renner Ridge\nEdview, NJ 92015', '7849 Satterfield Hill\nNorth Evie, OR 48807', '12345', '+1-318-483-5319', '2024-10-01 04:31:15', '2024-10-01 04:31:15', 1, 1, 1),
(13, 'Khalid Graham', '118 Jennifer Island Apt. 462\nEast Maybellestad, NE 40664', '5506 Matilda Run\nSouth Ferne, AK 70824', '12345', '(270) 827-7363', '2024-10-01 04:31:15', '2024-10-01 04:31:15', 1, 1, 1),
(14, 'Ludie Lueilwitz', '1926 Trenton Parkways\nWest Kiarraberg, RI 24313-7261', '755 Cole Fords Apt. 683\nEast Kayceehaven, NH 27087', '12345', '+1-281-605-1146', '2024-10-01 04:31:15', '2024-10-01 04:31:15', 1, 1, 1),
(15, 'Hal D''Amore', '2131 Lowe Dale Apt. 741\nRogahnport, MD 62196', '7602 Kautzer Valley\nNorth Santinaville, MN 59988-0357', '12345', '+1-385-382-6648', '2024-10-01 04:31:15', '2024-10-01 04:31:15', 1, 1, 1),
(16, 'Miss Reba Homenick IV', '1080 Vandervort Divide Suite 007\nNew Helenborough, IL 18672', '4677 Geovany Keys\nBednarmouth, WY 05233', '12345', '+1.561.891.5798', '2024-10-01 04:31:15', '2024-10-01 04:31:15', 1, 1, 1),
(17, 'Prof. Juwan Rosenbaum', '60692 Labadie Dale Suite 268\nLarsonland, IN 85809-1539', '1085 Viola Coves Suite 372\nTerrencemouth, NY 63429', '12345', '(308) 306-3389', '2024-10-01 04:31:15', '2024-10-01 04:31:15', 1, 1, 1),
(18, 'Cierra Muller', '709 Gladys Port\nMcLaughlinchester, ID 10537-7233', '501 Layne Coves\nLake Santosside, KY 21385', '12345', '580-251-2958', '2024-10-01 04:31:15', '2024-10-01 04:31:15', 1, 1, 1),
(19, 'Prof. Destiny Beatty', '62927 Conn Well\nNorth Tod, KY 98800-2146', '43904 Lulu Streets\nEast Ashley, DE 23373-2195', '12345', '+1-404-668-9840', '2024-10-01 04:31:15', '2024-10-01 04:31:15', 1, 1, 1),
(20, 'Opal Hills', '5162 Parisian Groves\nRogahnberg, RI 13174-9072', '1836 Araceli Station\nJanmouth, VT 43483', '12345', '+1.507.488.0134', '2024-10-01 04:31:15', '2024-10-01 04:31:15', 1, 1, 1),
(21, 'Markus Bogisich', '7614 Prosacco Valleys Apt. 818\nLake Gardnerfort, PA 01072', '16331 Ettie Road Apt. 356\nAmaliatown, UT 23593-4882', '12345', '956-728-0806', '2024-10-01 04:31:15', '2024-10-01 04:31:15', 1, 1, 1),
(22, 'Ricky Hegmann', '9911 Matt Lights Apt. 420\nBernhardborough, NC 88709-4350', '229 Zora Villages\nUrielview, MS 72564-3763', '12345', '+12693361442', '2024-10-01 04:31:15', '2024-10-01 04:31:15', 1, 1, 1),
(23, 'Prof. Amos Treutel Sr.', '9892 Keshaun Summit\nLanceview, MD 67836', '585 Cicero Plains\nNew Edmondview, NC 53231', '12345', '1-423-518-7485', '2024-10-01 04:31:15', '2024-10-01 04:31:15', 1, 1, 1),
(24, 'Reinhold Ankunding', '812 Cordie Inlet Suite 248\nReingerview, VA 29747', '46965 Nienow Lock\nMargaretfurt, AK 94608-8568', '12345', '405.506.8005', '2024-10-01 04:31:15', '2024-10-01 04:31:15', 1, 1, 1),
(25, 'Prof. Fern Renner', '2705 Larson Alley Apt. 701\nGerardobury, OK 22351', '15677 Karl Station Apt. 679\nPort Ernestineshire, FL 06516', '12345', '661-516-6771', '2024-10-01 04:31:15', '2024-10-01 04:31:15', 1, 1, 1),
(26, 'Jerel Trantow', '1292 Kling Stream\nLake Llewellyn, KY 94901-2390', '9100 Jasen Extensions Suite 608\nMorissetteport, MI 42526', '12345', '+1 (508) 777-1785', '2024-10-01 04:31:15', '2024-10-01 04:31:15', 1, 1, 1),
(27, 'Sheridan Thompson Sr.', '21316 Stokes Pass Suite 102\nMerleville, ND 89728', '5627 Sherman Springs Apt. 214\nPort Mario, CO 34650-4916', '12345', '(216) 755-2111', '2024-10-01 04:31:15', '2024-10-01 04:31:15', 1, 1, 1),
(28, 'Briana DuBuque', '45215 Klocko Rapid Suite 011\nWest Nikolas, GA 47477-0763', '7526 Fahey Well Suite 072\nSouth Tianashire, SC 23626-5073', '12345', '+1-979-362-7624', '2024-10-01 04:31:15', '2024-10-01 04:31:15', 1, 1, 1),
(29, 'Mr. Roscoe O''Connell Sr.', '71118 Candido Bridge Suite 283\nSouth Charlene, AR 82151-2989', '517 Gleason Turnpike\nLake Gladycechester, KS 72342-7320', '12345', '1-321-895-0841', '2024-10-01 04:31:15', '2024-10-01 04:31:15', 1, 1, 1),
(30, 'Jeremy Nicolas', '297 Laury Passage Apt. 196\nLelandview, LA 79887', '581 Sammy Port Apt. 653\nPhoebeborough, KS 39895-1829', '12345', '831-215-2356', '2024-10-01 04:31:15', '2024-10-01 04:31:15', 1, 1, 1),
(31, 'Neoma Jaskolski', '392 Keegan Glens Apt. 597\nSouth Shaniyastad, IN 00041-8112', '63217 Doug Villages Suite 523\nNorvalville, AK 29203', '12345', '+14065075477', '2024-10-01 04:31:15', '2024-10-01 04:31:15', 1, 1, 1),
(32, 'Edythe Senger', '58565 Waters Station\nThompsonberg, GA 16080-2663', '459 Dwight Inlet Apt. 959\nWest Aryannaburgh, KY 75393-9467', '12345', '1-351-220-8083', '2024-10-01 04:31:15', '2024-10-01 04:31:15', 1, 1, 1),
(33, 'Christina Reynolds', '1154 Freida Rue Apt. 681\nFreemanstad, DE 46484-2327', '2125 Schmeler Tunnel Apt. 835\nWest Sasha, KY 05102-2344', '12345', '+1-786-718-5915', '2024-10-01 04:31:15', '2024-10-01 04:31:15', 1, 1, 1),
(34, 'Prof. Maegan Hodkiewicz DVM', '2171 Johnson Canyon Apt. 114\nPort Gersonberg, IA 76866', '3939 Franz Land\nLarkinburgh, WY 25577-1653', '12345', '(920) 775-9401', '2024-10-01 04:31:15', '2024-10-01 04:31:15', 1, 1, 1),
(35, 'Marlee Macejkovic', '25909 Ona Junctions Apt. 886\nSalvadorburgh, IN 90560-4784', '82857 Gorczany Views Suite 471\nKreigerfurt, PA 03914-7619', '12345', '+1 (640) 798-5014', '2024-10-01 04:31:15', '2024-10-01 04:31:15', 1, 1, 1),
(36, 'Kelli Beatty', '73632 Will Ports Apt. 573\nStromanton, VA 76564', '76383 Celine Crest\nSouth Bria, PA 95756-0805', '12345', '765.330.0179', '2024-10-01 04:31:15', '2024-10-01 04:31:15', 1, 1, 1),
(37, 'Leonardo Bogisich', '84981 Dianna Mount\nRauport, MS 19048-6019', '4911 Lindsay Forges Apt. 146\nEllabury, OR 77076', '12345', '1-773-659-7455', '2024-10-01 04:31:15', '2024-10-01 04:31:15', 1, 1, 1),
(38, 'Bryana Block', '5347 Ebba Creek Apt. 650\nLake Austynfort, MD 11521-7566', '749 Rosenbaum Manor\nReynoldsmouth, CA 20319-4362', '12345', '+1-808-342-9875', '2024-10-01 04:31:15', '2024-10-01 04:31:15', 1, 1, 1),
(39, 'Dave Steuber', '30488 Ressie Circles Apt. 052\nEast Delbertstad, LA 35566-3740', '812 Kaitlin Falls Suite 419\nWest Oliverfort, MS 48658-6139', '12345', '903-796-5505', '2024-10-01 04:31:15', '2024-10-01 04:31:15', 1, 1, 1),
(40, 'Mr. Kade Dietrich', '463 Grimes Island Suite 810\nDanielville, ID 95967', '4101 Smith Mills Apt. 376\nPort Elinormouth, MS 48043-4190', '12345', '1-408-693-1878', '2024-10-01 04:31:15', '2024-10-01 04:31:15', 1, 1, 1),
(41, 'Isai Hartmann', '552 Bahringer Spur Apt. 287\nLangoshfurt, ME 38736-1631', '8826 Bruen Vista\nNorth Tia, CT 95975-1784', '12345', '(534) 560-6093', '2024-10-01 04:31:15', '2024-10-01 04:31:15', 1, 1, 1),
(42, 'Clementine Smith', '436 Kiehn Terrace\nSwiftshire, OR 31833', '626 Joannie Inlet Suite 279\nLake Halie, CA 84273-5514', '12345', '860-542-6860', '2024-10-01 04:31:15', '2024-10-01 04:31:15', 1, 1, 1),
(43, 'Devonte Smitham', '2045 Penelope Ridge Apt. 876\nOciefort, SD 58351', '3439 Reggie Throughway\nAltenwerthstad, RI 05666', '12345', '224-479-5350', '2024-10-01 04:31:15', '2024-10-01 04:31:15', 1, 1, 1),
(44, 'Mrs. Dena Sawayn', '3369 Sawayn Flats\nLake Judgeport, PA 86453-5863', '22190 Kobe Track\nPort Patsy, WA 48527-6964', '12345', '(949) 986-6308', '2024-10-01 04:31:15', '2024-10-01 04:31:15', 1, 1, 1),
(45, 'Joelle Heidenreich', '2059 Schowalter Expressway\nHoytport, VA 44392', '8890 Metz Grove\nNorth Chelsea, IN 71963-3621', '12345', '830.291.3389', '2024-10-01 04:31:15', '2024-10-01 04:31:15', 1, 1, 1),
(46, 'Mrs. Tyra Treutel DVM', '46806 Cody Lodge Suite 499\nJanicktown, CT 11943', '55354 Gleichner Greens\nWest Heleneburgh, VT 76519', '12345', '(501) 416-6688', '2024-10-01 04:31:15', '2024-10-01 04:31:15', 1, 1, 1),
(47, 'Charlie Haag', '250 Glover Estates Apt. 328\nWalkershire, RI 39993-8194', '101 Medhurst Trail\nHerthabury, AR 88713-1629', '12345', '951.292.0797', '2024-10-01 04:31:15', '2024-10-01 04:31:15', 1, 1, 1),
(48, 'Dr. Clifford Grady Jr.', '17369 Keeling Prairie Apt. 238\nReichertland, UT 55949-9730', '84129 Abbott Circle\nSuzanneton, IN 90895', '12345', '+1-231-314-6028', '2024-10-01 04:31:15', '2024-10-01 04:31:15', 1, 1, 1),
(49, 'Toney Schowalter MD', '34249 Tess Crossroad\nShanaberg, NH 95627-3029', '993 Hoppe Keys Suite 125\nWest Isac, AZ 28899', '12345', '916-351-6782', '2024-10-01 04:31:15', '2024-10-01 04:31:15', 1, 1, 1),
(50, 'Mayra Gibson', '5913 Blanca Turnpike\nJadonview, NE 01428', '130 Torphy Locks\nEast Joanie, NJ 04539-6307', '12345', '(972) 328-2722', '2024-10-01 04:31:15', '2024-10-01 04:31:15', 1, 1, 1),
(51, 'Wilfred Miller IV', '52332 Gutmann Stream Suite 681\nNorth Favian, MN 30428-3448', '828 Royal Cliff Suite 426\nJonesmouth, MO 23313-9541', '12345', '+1-458-708-2253', '2024-10-01 04:31:15', '2024-10-01 04:31:15', 1, 1, 1),
(52, 'Jonathan Wehner', '4500 Kimberly Path Apt. 661\nTomasmouth, MA 56634-8767', '86924 Skiles Squares Suite 930\nFerryton, DE 35099', '12345', '(712) 871-8616', '2024-10-01 04:31:15', '2024-10-01 04:31:15', 1, 1, 1),
(53, 'Arvid Padberg Jr.', '36966 Runolfsdottir Station\nSouth Skyla, MS 61531', '361 Beverly Mount\nVilmaberg, KY 35484', '12345', '+15517501254', '2024-10-01 04:31:15', '2024-10-01 04:31:15', 1, 1, 1),
(54, 'Crystel Schumm', '2042 Devin Glen\nNorth Marianaton, MA 77932-7185', '350 Austyn Falls Apt. 958\nSchusterside, RI 25266', '12345', '+1.914.383.2473', '2024-10-01 04:31:15', '2024-10-01 04:31:15', 1, 1, 1),
(55, 'Winona Conroy', '9030 Ziemann Points\nPort Jamelmouth, AR 64686', '61822 Dina Orchard\nTreverbury, MI 49124-8528', '12345', '+1-607-531-7915', '2024-10-01 04:31:15', '2024-10-01 04:31:15', 1, 1, 1),
(56, 'Dr. Imani O''Conner', '808 Herbert Plains Suite 229\nNew Donnieborough, NJ 46774-4289', '3467 Considine Groves\nSouth Myrtis, HI 67813-7188', '12345', '906.820.6712', '2024-10-01 04:31:15', '2024-10-01 04:31:15', 1, 1, 1),
(57, 'Ross Jacobi', '4374 Eve Burgs\nNew Deondreland, FL 84793-3233', '235 Eliza Haven\nNienowton, NH 28811-1391', '12345', '1-936-697-0256', '2024-10-01 04:31:15', '2024-10-01 04:31:15', 1, 1, 1),
(58, 'Joelle Gaylord', '44782 Gutmann Brooks\nSouth Darian, MN 41950', '9739 Camryn Valley Apt. 233\nToneyton, ME 12915-7604', '12345', '+1.629.250.2607', '2024-10-01 04:31:15', '2024-10-01 04:31:15', 1, 1, 1),
(59, 'Haskell Koss', '8611 Jayson Summit Suite 996\nNikolausview, FL 73823-9429', '18387 Marks Crescent Apt. 178\nEast Alphonsobury, NY 43003-4291', '12345', '+19043546287', '2024-10-01 04:31:15', '2024-10-01 04:31:15', 1, 1, 1),
(60, 'Lesley Torphy', '8870 Murazik Summit\nMetzbury, NE 09961', '2822 Pollich Creek\nHaneshire, IN 00293-0681', '12345', '+1-425-887-2548', '2024-10-01 04:31:15', '2024-10-01 04:31:15', 1, 1, 1),
(61, 'Mr. Estevan Mayert', '4932 Ferry Port Suite 977\nEast Danial, NC 41068-2651', '6381 Kassulke Greens\nWest Jarrellshire, ME 04820', '12345', '+18137726935', '2024-10-01 04:31:15', '2024-10-01 04:31:15', 1, 1, 1),
(62, 'Milo Harvey I', '231 Eldora Knoll Apt. 500\nNorth Duane, TX 56243-4647', '38361 Little Mountains\nSchuppebury, MN 37521', '12345', '1-323-717-3218', '2024-10-01 04:31:15', '2024-10-01 04:31:15', 1, 1, 1),
(63, 'Trinity Hintz', '925 Flatley Vista Suite 779\nNew Angelitaborough, IA 07059', '198 Hodkiewicz Spurs Suite 592\nHeaneytown, NC 66648-6067', '12345', '989-351-4764', '2024-10-01 04:31:15', '2024-10-01 04:31:15', 1, 1, 1),
(64, 'Gloria Tillman', '31979 Hilpert Drive Apt. 697\nHanefort, KS 75888-9822', '688 Johnston Trail\nJazminview, FL 02944', '12345', '1-765-482-1903', '2024-10-01 04:31:15', '2024-10-01 04:31:15', 1, 1, 1),
(65, 'Albert Considine', '965 Beier Route\nHuelmouth, NY 38255-2618', '36443 White Light Suite 974\nNorth Jonatanmouth, AR 73390', '12345', '1-520-456-8112', '2024-10-01 04:31:15', '2024-10-01 04:31:15', 1, 1, 1),
(66, 'Ms. Malika Hahn', '64022 Ruben Flats Suite 040\nSouth Kraig, KS 16607-9172', '1808 Alberta Loaf Suite 096\nWest Filiberto, FL 81073-3247', '12345', '1-936-959-0059', '2024-10-01 04:31:15', '2024-10-01 04:31:15', 1, 1, 1),
(67, 'Christiana Ferry', '81320 Adrain Mews\nHammesshire, OK 08602', '63183 Alison Flats\nLake Dina, MS 83225', '12345', '737.489.3426', '2024-10-01 04:31:15', '2024-10-01 04:31:15', 1, 1, 1),
(68, 'Dr. Janick Rowe MD', '379 Hane Spring\nLeannonbury, NJ 20674', '59153 Heidenreich Forges Suite 001\nLake Leola, WA 36397-0479', '12345', '+1.754.321.0389', '2024-10-01 04:31:15', '2024-10-01 04:31:15', 1, 1, 1),
(69, 'Mr. Jordon Berge', '862 Brian River Apt. 374\nOsinskiburgh, SD 44194', '1244 Aurelio Valleys\nLouieton, ID 99636', '12345', '+1-218-375-4013', '2024-10-01 04:31:15', '2024-10-01 04:31:15', 1, 1, 1),
(70, 'Newton Simonis', '4513 Kris Bypass\nMcCulloughhaven, VA 85712', '6798 Sporer Rest Suite 468\nSouth Kathryne, DE 24737-7900', '12345', '+1 (231) 209-3753', '2024-10-01 04:31:15', '2024-10-01 04:31:15', 1, 1, 1),
(71, 'Florencio Jacobs MD', '88935 Humberto Streets Suite 100\nWest Anthony, NM 72966', '2638 Koch Curve Apt. 258\nSouth Chrismouth, RI 43422', '12345', '+1.443.361.5290', '2024-10-01 04:31:15', '2024-10-01 04:31:15', 1, 1, 1),
(72, 'Chester Rippin', '2331 Lesch Forges Apt. 255\nStanborough, MN 59030-8338', '1162 Salvatore Ridge Suite 088\nLake Mitchell, NE 96241', '12345', '+1 (626) 877-2824', '2024-10-01 04:31:15', '2024-10-01 04:31:15', 1, 1, 1),
(73, 'Kaylee Dickens', '343 Jazlyn Crossroad Suite 728\nHackettshire, NY 47372', '68314 Faustino Island\nPort Briannemouth, VA 67398', '12345', '(724) 247-2378', '2024-10-01 04:31:15', '2024-10-01 04:31:15', 1, 1, 1),
(74, 'Prof. Desiree Gibson', '94765 Crooks Island Suite 783\nEast Howell, PA 43226', '31288 Luis Freeway\nBreannastad, MD 57453-7469', '12345', '+1.704.244.6574', '2024-10-01 04:31:15', '2024-10-01 04:31:15', 1, 1, 1),
(75, 'Mr. Dorcas Larkin', '5869 Ashleigh Forks\nTurnertown, MS 20986-1769', '97450 Kessler Drive\nWest Cheyannefort, MT 90362', '12345', '(417) 873-2665', '2024-10-01 04:31:15', '2024-10-01 04:31:15', 1, 1, 1),
(76, 'Prof. Emmy Green Sr.', '104 Camden View\nSouth Kraig, FL 75159', '1287 Jamil Crossroad\nLake Eunashire, VA 53869-9750', '12345', '+1-202-758-5714', '2024-10-01 04:31:15', '2024-10-01 04:31:15', 1, 1, 1),
(77, 'Jairo Huels', '3188 Brooke Grove\nEast Nia, KY 27790-6503', '2833 Tressa Fort Apt. 268\nBotsfordmouth, WV 04528', '12345', '1-812-483-4439', '2024-10-01 04:31:15', '2024-10-01 04:31:15', 1, 1, 1),
(78, 'Garfield Schamberger', '2511 Kling Prairie Apt. 527\nHellentown, NJ 59348-0988', '63321 Hammes Road Apt. 037\nNicolaston, VA 61177', '12345', '+19107818062', '2024-10-01 04:31:15', '2024-10-01 04:31:15', 1, 1, 1),
(79, 'Dr. Estelle Marquardt V', '512 Hintz Streets\nPort Bailey, ND 21172-7950', '94940 Felicita Rapids\nPort Courtneyborough, WV 74630-5286', '12345', '1-458-713-2956', '2024-10-01 04:31:15', '2024-10-01 04:31:15', 1, 1, 1),
(80, 'Prof. Robb Borer', '6272 Mayer Field Suite 218\nKielport, ND 68359', '54433 Elsie Loop Apt. 365\nBergnaumburgh, VT 94615', '12345', '+1-857-979-5263', '2024-10-01 04:31:15', '2024-10-01 04:31:15', 1, 1, 1),
(81, 'Sydnee Roberts', '8656 Helene Knoll\nJohnstonhaven, NH 32660', '820 Wolf Square Suite 920\nEast Claudine, AZ 61211', '12345', '1-989-995-0380', '2024-10-01 04:31:15', '2024-10-01 04:31:15', 1, 1, 1),
(82, 'Miss Mercedes Vandervort', '7375 Schumm Prairie\nPort Hymanside, NM 93947-7544', '5412 Erich Cove Apt. 830\nEast Noelville, OH 52621-0441', '12345', '+1-385-308-0838', '2024-10-01 04:31:15', '2024-10-01 04:31:15', 1, 1, 1),
(83, 'Darlene Leuschke', '275 Jerrold View\nGeorgiannaport, WA 06856', '53077 Gutkowski Heights\nMcGlynnstad, NE 33034', '12345', '716.306.8421', '2024-10-01 04:31:15', '2024-10-01 04:31:15', 1, 1, 1),
(84, 'Gabrielle Towne', '551 Braun Spring Apt. 157\nCliftonport, SC 93797', '1791 Mante Springs Apt. 744\nWest Mohamed, FL 80352-6233', '12345', '+1-219-524-4741', '2024-10-01 04:31:15', '2024-10-01 04:31:15', 1, 1, 1),
(85, 'Mr. Delbert Kohler', '92095 Elouise Neck\nGreenfeldermouth, NH 62082', '560 Keshaun Point\nCierraton, DE 56298', '12345', '+15183453564', '2024-10-01 04:31:15', '2024-10-01 04:31:15', 1, 1, 1),
(86, 'Elliott Williamson', '818 Ferry Views\nNorth Kurtisborough, DC 36692', '48987 Fred Tunnel Suite 331\nElenaburgh, OK 96487', '12345', '+1.234.824.2325', '2024-10-01 04:31:15', '2024-10-01 04:31:15', 1, 1, 1),
(87, 'Brody Brakus V', '1642 Roslyn Orchard Apt. 255\nNorth Brennonhaven, AL 19576-4072', '9439 Ondricka Springs Apt. 231\nJonasview, IN 48913', '12345', '+19094891349', '2024-10-01 04:31:15', '2024-10-01 04:31:15', 1, 1, 1),
(88, 'Claudia Murray', '334 Domenico Prairie\nLeannonview, MN 25054', '80160 Glover Springs\nUllrichview, ME 60261', '12345', '+1-731-695-8739', '2024-10-01 04:31:15', '2024-10-01 04:31:15', 1, 1, 1),
(89, 'Orrin Denesik', '7594 Cassie Crossing Apt. 310\nOswaldoside, CA 45436-2167', '1018 Morar Ways\nWest Vanessa, WY 36024-1067', '12345', '205-935-1004', '2024-10-01 04:31:15', '2024-10-01 04:31:15', 1, 1, 1),
(90, 'Modesta Gutmann', '123 Melody Isle Suite 485\nNew Kenyaside, NM 61604-3260', '9441 Keagan Greens\nPort Darrell, TX 98238-5353', '12345', '678.503.8956', '2024-10-01 04:31:15', '2024-10-01 04:31:15', 1, 1, 1),
(91, 'Lavon Deckow', '179 Champlin Tunnel\nSouth Lorenaberg, OK 27968-5532', '7015 Green Fields\nCasperfort, OK 33600-8207', '12345', '681.636.3379', '2024-10-01 04:31:15', '2024-10-01 04:31:15', 1, 1, 1),
(92, 'Chester Weissnat PhD', '412 Toy Forest\nWest Ada, AL 32030', '121 Alvina Light\nTremblayview, CT 62115-7721', '12345', '561-677-7014', '2024-10-01 04:31:15', '2024-10-01 04:31:15', 1, 1, 1),
(93, 'Carlie Bashirian', '93598 Beatty Loaf\nSouth Veronaside, CA 01163-3389', '7832 Blanda Tunnel\nEast Omari, DC 45296', '12345', '+1-559-518-0426', '2024-10-01 04:31:15', '2024-10-01 04:31:15', 1, 1, 1),
(94, 'Rafaela Hansen', '50851 Edward Bridge Suite 756\nNorth Claudieburgh, AL 10083', '1646 Crist Garden\nKaylinshire, ND 93386-2715', '12345', '(747) 374-6390', '2024-10-01 04:31:15', '2024-10-01 04:31:15', 1, 1, 1),
(95, 'Dayne Erdman', '16930 Brakus Glen Apt. 240\nHerzoghaven, AR 30662-6894', '418 Romaguera Rapid Apt. 252\nFramiton, NV 39485-5143', '12345', '(205) 845-8981', '2024-10-01 04:31:15', '2024-10-01 04:31:15', 1, 1, 1),
(96, 'Drew Tremblay', '48114 Kutch Creek\nSouth Dorian, CT 58586', '4739 Quigley Junction Suite 903\nEast Kirstenton, PA 52139-1006', '12345', '820.774.9021', '2024-10-01 04:31:15', '2024-10-01 04:31:15', 1, 1, 1),
(97, 'Dr. Alexander Wilderman', '755 Hand Roads\nSydneefort, CT 75788-4881', '82573 Hermina Extensions Apt. 439\nAracelifort, AL 31292-7729', '12345', '+1-248-492-8444', '2024-10-01 04:31:15', '2024-10-01 04:31:15', 1, 1, 1),
(98, 'Dr. Ashlynn Little', '8818 Stark Walks Suite 958\nLake Zoeburgh, MS 28654-3881', '521 Autumn Estate Apt. 963\nHuelview, MD 29223-5370', '12345', '1-281-714-5158', '2024-10-01 04:31:15', '2024-10-01 04:31:15', 1, 1, 1),
(99, 'Dr. Eino Beier II', '5528 Sierra Summit\nNettieborough, MA 43087', '849 Schoen View Suite 617\nLeopoldbury, WA 41109', '12345', '1-272-979-1902', '2024-10-01 04:31:15', '2024-10-01 04:31:15', 1, 1, 1),
(100, 'Ms. Destiney Hegmann', '283 Bernardo Villages\nWest Abe, TX 02404', '900 Cade Mills Apt. 572\nChamplinfurt, VT 46691-8566', '12345', '+1.248.745.3133', '2024-10-01 04:31:15', '2024-10-01 04:31:15', 1, 1, 1),
(101, 'Brandt Koelpin', '394 Else Branch Apt. 970\nNorth Mireyamouth, WY 60336', '56938 Susana Villages\nBoganbury, ID 12047-7580', '12345', '(352) 980-9329', '2024-10-01 04:31:15', '2024-10-01 04:31:15', 1, 1, 1),
(102, 'Alfredo Miller', '48859 Sawayn Springs\nNorth Gwenbury, AK 60447-0047', '44777 Hintz Plain Apt. 549\nPort Elda, DE 21101', '12345', '(763) 946-7364', '2024-10-01 04:31:15', '2024-10-01 04:31:15', 1, 1, 1),
(103, 'Evelyn Lockman', '4131 Kilback Mountains Apt. 037\nNilsburgh, VA 10898-9862', '341 Treutel Meadows Suite 937\nMcClureland, LA 72996-4490', '12345', '1-539-651-6031', '2024-10-01 04:31:15', '2024-10-01 04:31:15', 1, 1, 1),
(104, 'Raphaelle D''Amore', '3694 Lindgren Roads Apt. 451\nNorth Alba, HI 11798', '48040 Kunde Loop\nWest Rosemaryshire, NC 03043', '12345', '(820) 333-0481', '2024-10-01 04:31:15', '2024-10-01 04:31:15', 1, 1, 1),
(105, 'Aliza Okuneva', '386 Kulas Unions Apt. 718\nNorth Joannieshire, CO 05661-4403', '288 Gerlach Brooks\nNorth Jadyn, NC 15932', '12345', '1-651-863-9876', '2024-10-01 04:31:15', '2024-10-01 04:31:15', 1, 1, 1),
(106, 'Arianna Anderson', '94985 Bruen Wells\nSouth Javonteberg, CA 49904-2225', '442 Candace Islands\nPort Joanny, SC 12410', '12345', '480-509-9696', '2024-10-01 04:31:15', '2024-10-01 04:31:15', 1, 1, 1),
(107, 'Wilburn Zemlak DVM', '985 Sophia Hollow\nWest Leonor, OK 86803', '4255 Fausto Village\nSouth Clarkburgh, AK 15554-3269', '12345', '1-337-232-0725', '2024-10-01 04:31:15', '2024-10-01 04:31:15', 1, 1, 1),
(108, 'Gaetano Bergstrom', '669 Ahmed Villages Apt. 801\nAnabelleshire, WY 42452-2093', '2401 Torphy Fort\nLeopoldostad, IL 53878-9556', '12345', '(689) 700-0254', '2024-10-01 04:31:15', '2024-10-01 04:31:15', 1, 1, 1),
(109, 'Prof. Anderson Hauck', '688 O''Conner Knoll\nDelphiamouth, NH 66005', '6778 Stanton Circles\nWest Karinehaven, MA 79876', '12345', '270-691-6493', '2024-10-01 04:31:15', '2024-10-01 04:31:15', 1, 1, 1),
(110, 'Margarett Stehr', '867 Hill Place Apt. 804\nOswaldoville, CT 24203-3258', '3682 Deon Mills Suite 619\nEast Melissa, IA 15401', '12345', '848.350.0406', '2024-10-01 04:31:15', '2024-10-01 04:31:15', 1, 1, 1),
(111, 'Gianni Moore', '31255 Jan Light Apt. 526\nSouth Jan, CA 20067-9150', '1395 Jana Crescent Apt. 032\nLake Dougside, GA 37911', '12345', '+13605685365', '2024-10-01 04:31:15', '2024-10-01 04:31:15', 1, 1, 1),
(112, 'Roslyn Bruen', '459 Hammes Walks Suite 166\nPort Arden, IN 41076', '4900 Kautzer Inlet\nSouth Alysonview, MI 03722-1691', '12345', '+1 (689) 657-0312', '2024-10-01 04:31:15', '2024-10-01 04:31:15', 1, 1, 1),
(113, 'Bulah Stamm', '858 Lowe Knolls\nBrooketown, NY 97418', '804 Gulgowski Flat Suite 384\nNorth Jaycee, HI 83173-6447', '12345', '463-676-5935', '2024-10-01 04:31:15', '2024-10-01 04:31:15', 1, 1, 1),
(114, 'Gabe Ferry', '83274 Barrows Pass\nWest Astridshire, MN 89839', '5197 Charlotte Harbors\nLake Marlene, MA 32233', '12345', '1-713-835-0970', '2024-10-01 04:31:15', '2024-10-01 04:31:15', 1, 1, 1),
(115, 'Ara Krajcik', '50533 Margarette Pike Suite 290\nNorth Keshawn, DE 19966-4648', '363 Connelly Shore Apt. 384\nBlairport, OR 78370', '12345', '+1-253-596-3689', '2024-10-01 04:31:15', '2024-10-01 04:31:15', 1, 1, 1),
(116, 'Prof. Filiberto Kiehn MD', '985 Kreiger Fords Apt. 741\nNorth Mittieport, AL 10623-9125', '1371 Schimmel Vista Apt. 291\nSouth Genevieve, VT 52231-6583', '12345', '1-628-606-3119', '2024-10-01 04:31:15', '2024-10-01 04:31:15', 1, 1, 1),
(117, 'Mrs. Sharon Schneider', '416 Dino Mill\nLake Lerahaven, LA 40454-4487', '6253 Matteo Lodge\nEast Sheaport, TN 13346-6695', '12345', '480.232.4896', '2024-10-01 04:31:15', '2024-10-01 04:31:15', 1, 1, 1),
(118, 'Dr. Herminia Daniel II', '223 Sporer Loaf\nWest Rocky, RI 11875', '5749 Dietrich Mountains Suite 351\nEast Landen, CO 46337-3475', '12345', '+1.860.960.4536', '2024-10-01 04:31:15', '2024-10-01 04:31:15', 1, 1, 1),
(119, 'Koby McGlynn', '729 Citlalli Lights Apt. 365\nSchuppemouth, NC 95649-5483', '2508 Steuber Parks\nWoodrowfurt, FL 14722', '12345', '(458) 805-6331', '2024-10-01 04:31:15', '2024-10-01 04:31:15', 1, 1, 1),
(120, 'Mr. Osborne Boyle III', '5684 Keshawn Bridge Suite 897\nPort Rory, SD 08344', '46625 Arch Junctions Suite 140\nCarmelburgh, PA 14496', '12345', '+1.413.851.2434', '2024-10-01 04:31:15', '2024-10-01 04:31:15', 1, 1, 1),
(121, 'Rafaela Auer', '38135 Woodrow Orchard\nNew Hughbury, CO 75165-7493', '507 Maybelle Pine Suite 072\nLemuelside, WY 48977', '12345', '1-858-782-7437', '2024-10-01 04:31:15', '2024-10-01 04:31:15', 1, 1, 1),
(122, 'Mr. Sam Stanton PhD', '31112 Pollich Road\nBalistrerifurt, MA 55099', '14902 Gennaro Street\nEast Cary, WA 35056', '12345', '(270) 868-9663', '2024-10-01 04:31:15', '2024-10-01 04:31:15', 1, 1, 1),
(123, 'Hubert Kuhn', '392 Dickinson Place Apt. 205\nWest Mara, LA 20637', '626 Kessler Expressway\nHammesfurt, MT 76281', '12345', '520-353-1935', '2024-10-01 04:31:15', '2024-10-01 04:31:15', 1, 1, 1),
(124, 'Prof. Triston Block', '4281 Alf Avenue\nLeonoraland, TX 03995-0035', '2831 Christina Hollow Apt. 123\nElenorfort, CO 36789-4514', '12345', '325-239-8496', '2024-10-01 04:31:15', '2024-10-01 04:31:15', 1, 1, 1),
(125, 'Magdalena Bins', '1970 Oberbrunner Viaduct\nEast Rettaport, CT 58273-2377', '23920 Curt Village Apt. 445\nKaylahfurt, MA 45126-6418', '12345', '+1-734-881-0992', '2024-10-01 04:31:15', '2024-10-01 04:31:15', 1, 1, 1),
(126, 'Leland Romaguera', '763 Schaefer Locks Suite 980\nCarolineville, NH 03405', '9536 Marjory Valleys\nMatildeside, FL 64321-4639', '12345', '+14694275915', '2024-10-01 04:31:15', '2024-10-01 04:31:15', 1, 1, 1),
(127, 'Prof. Melyna Collier', '97724 Antwan Ridges Suite 079\nNew Francesco, ME 59552-1214', '3329 Javon Gardens\nSouth Vallieport, OK 28023-9087', '12345', '520-466-8845', '2024-10-01 04:31:15', '2024-10-01 04:31:15', 1, 1, 1),
(128, 'Shad Braun', '61877 Heller Course\nKadeville, FL 94066-1248', '6939 Shakira Tunnel Apt. 134\nWest Frankie, CT 56703-4300', '12345', '+1 (206) 283-1117', '2024-10-01 04:31:15', '2024-10-01 04:31:15', 1, 1, 1),
(129, 'Jamir Klein', '26054 Hellen Square Apt. 988\nRempelville, KY 82336-6757', '3976 O''Connell Road Apt. 079\nNiaview, HI 32019-1752', '12345', '281-204-4353', '2024-10-01 04:31:15', '2024-10-01 04:31:15', 1, 1, 1),
(130, 'Dr. Trenton Torphy Jr.', '8055 Dee Knolls\nWalshport, MT 23695', '8905 Davis Courts\nLubowitzborough, ID 60228-6633', '12345', '757.704.8181', '2024-10-01 04:31:15', '2024-10-01 04:31:15', 1, 1, 1),
(131, 'Dr. Jabari Feest III', '897 Roberts Track\nEast Hellen, NY 97022-3622', '3203 Wilkinson Radial Apt. 159\nEast Nicholasbury, MT 35804-4872', '12345', '+1-878-655-9852', '2024-10-01 04:31:15', '2024-10-01 04:31:15', 1, 1, 1),
(132, 'Mrs. Cleta Rutherford DVM', '139 Ziemann Hills\nWest Kaceyland, HI 04194-9522', '890 Ruthie Square Apt. 465\nLowechester, LA 50426', '12345', '+1-520-445-7591', '2024-10-01 04:31:15', '2024-10-01 04:31:15', 1, 1, 1),
(133, 'Prof. Woodrow Fisher', '2373 Satterfield Station Suite 766\nSouth Daveville, SC 62741-1017', '5107 Mohr Branch\nNew Elta, WY 71173-1305', '12345', '+1 (240) 847-6303', '2024-10-01 04:31:15', '2024-10-01 04:31:15', 1, 1, 1),
(134, 'Luella Gleason', '7544 Itzel Springs Apt. 261\nLake Adeliaton, MO 36147', '88700 Thompson Stream Suite 689\nEast Mohamed, DC 15087', '12345', '541.478.4175', '2024-10-01 04:31:15', '2024-10-01 04:31:15', 1, 1, 1),
(135, 'Urban Hill', '2611 Rylee Spur Suite 430\nSchaefertown, KY 41421', '26857 Schowalter Meadow Apt. 111\nOrenmouth, CA 84933', '12345', '+1 (740) 334-1530', '2024-10-01 04:31:15', '2024-10-01 04:31:15', 1, 1, 1),
(136, 'Henderson Emard', '43218 Will Place Suite 476\nSchimmelmouth, NH 28296', '1636 Zachery Highway Apt. 513\nEast Jaylinview, IA 91668-9814', '12345', '+12834194209', '2024-10-01 04:31:15', '2024-10-01 04:31:15', 1, 1, 1),
(137, 'Evalyn Haley', '645 Sauer Rue\nLake Anastasia, AZ 05435', '252 Ashley Falls\nSawaynland, MA 74476-4179', '12345', '+1-610-958-0887', '2024-10-01 04:31:15', '2024-10-01 04:31:15', 1, 1, 1),
(138, 'Cassidy Conroy DDS', '7097 Gaylord Plaza Suite 396\nNew Joannieport, CO 15364-3127', '671 Stamm Burg Apt. 497\nAlfonzomouth, PA 24937', '12345', '989-559-5109', '2024-10-01 04:31:15', '2024-10-01 04:31:15', 1, 1, 1),
(139, 'Roderick Borer', '788 Cristobal River Apt. 927\nEast Shemar, MS 91495-7222', '6897 Haley Lake\nEast Cassidymouth, SC 52644-9838', '12345', '+1.442.419.8763', '2024-10-01 04:31:15', '2024-10-01 04:31:15', 1, 1, 1),
(140, 'Wyatt Prohaska', '9903 Rene Estate Apt. 343\nPort Magdalenaville, NY 98853-0868', '68841 Watsica Centers Apt. 637\nEast Adellborough, NM 55995-7698', '12345', '+1.240.535.8975', '2024-10-01 04:31:15', '2024-10-01 04:31:15', 1, 1, 1),
(141, 'Delmer Kiehn', '927 Alison Street Apt. 557\nElainaberg, MN 65367-6865', '99229 Mozell Fork Suite 930\nHillardberg, TX 99287', '12345', '620.331.1442', '2024-10-01 04:31:15', '2024-10-01 04:31:15', 1, 1, 1),
(142, 'Henriette Renner', '4701 Joan Harbors Apt. 914\nSouth Joseph, MS 70213', '831 Donnelly Hills\nWest Jeremy, OK 35712-6290', '12345', '+1-980-864-1852', '2024-10-01 04:31:15', '2024-10-01 04:31:15', 1, 1, 1),
(143, 'Prof. Jason Wuckert IV', '55383 Murazik Summit Apt. 626\nShirleyland, SC 66837-7798', '80045 Parisian Fords Suite 834\nBogisichton, NY 66835', '12345', '(539) 397-2680', '2024-10-01 04:31:15', '2024-10-01 04:31:15', 1, 1, 1),
(144, 'Raphael Gleason', '8766 Claud Drive Apt. 941\nArnoldoberg, WA 48082-2597', '869 Watsica Keys\nNorth Lavonborough, MN 13151', '12345', '+1 (952) 943-7786', '2024-10-01 04:31:15', '2024-10-01 04:31:15', 1, 1, 1),
(145, 'Dr. Tremaine Sipes', '3854 Bria Stravenue Suite 055\nRaubury, GA 33779-0068', '672 Damon Springs Suite 047\nThielport, ME 25187', '12345', '1-478-754-2662', '2024-10-01 04:31:15', '2024-10-01 04:31:15', 1, 1, 1),
(146, 'Mrs. Mariana Keeling', '570 Roselyn Groves Suite 949\nEast Tiarabury, SC 45986-1303', '56845 Americo Run Apt. 038\nWest Maverick, NC 32015-3448', '12345', '986.608.1023', '2024-10-01 04:31:15', '2024-10-01 04:31:15', 1, 1, 1),
(147, 'Carolanne Johnston', '776 Kaylin Track Apt. 381\nGloverborough, IA 48719-2011', '4230 Bartoletti Rapids Suite 645\nMillershire, OH 62373', '12345', '(308) 362-8191', '2024-10-01 04:31:15', '2024-10-01 04:31:15', 1, 1, 1),
(148, 'Nelle Hermiston', '9288 Adaline Underpass\nWest Frankieville, PA 62073-6995', '446 Krajcik Mountains Suite 116\nBradtkeburgh, IA 25485', '12345', '872-741-3170', '2024-10-01 04:31:15', '2024-10-01 04:31:15', 1, 1, 1),
(149, 'Therese Balistreri DVM', '198 Rutherford Shoals Suite 932\nMargaretefurt, MA 77084-0054', '7096 Wiza Springs Suite 338\nBoyerland, NV 23521-4765', '12345', '+1-610-641-2802', '2024-10-01 04:31:15', '2024-10-01 04:31:15', 1, 1, 1),
(150, 'Abner Ferry', '7110 Marilie Roads Apt. 586\nWest Violetview, TN 69977-6052', '5777 Weber Cliff Suite 299\nJameyland, CA 96355', '12345', '+1.820.779.6380', '2024-10-01 04:31:15', '2024-10-01 04:31:15', 1, 1, 1),
(151, 'Prof. Joshuah Hill', '15008 Emiliano Unions Suite 279\nHamillborough, RI 83434-6425', '9838 Gianni Ridge\nWest Jacklynchester, TX 18525', '12345', '1-517-591-5505', '2024-10-01 04:31:15', '2024-10-01 04:31:15', 1, 1, 1),
(152, 'Graciela Kemmer', '5063 Cleo Cliffs\nSouth Mary, RI 04319-9512', '117 Gilbert Drive\nHahnport, WY 86255-2329', '12345', '614-970-9054', '2024-10-01 04:31:15', '2024-10-01 04:31:15', 1, 1, 1),
(153, 'Kaylah Stracke', '211 Reynolds Ways\nFaeview, MA 73615', '46833 Williamson Tunnel Suite 521\nNorth Erickberg, MT 75394', '12345', '+19294340466', '2024-10-01 04:31:15', '2024-10-01 04:31:15', 1, 1, 1),
(154, 'Pauline Ondricka V', '43209 Schumm Mount\nBernhardview, SC 93716', '986 Turner Crest\nAbernathybury, IN 16950-2409', '12345', '360-881-5047', '2024-10-01 04:31:15', '2024-10-01 04:31:15', 1, 1, 1),
(155, 'Gregorio Fisher', '42939 Jakubowski Turnpike Apt. 003\nEast Lisettemouth, MT 10440-7549', '383 Reggie Flats Apt. 379\nEast Hectorville, MN 04738', '12345', '+1 (689) 918-4311', '2024-10-01 04:31:15', '2024-10-01 04:31:15', 1, 1, 1),
(156, 'Luz Wisozk IV', '9703 Coby Pike Apt. 290\nConstantinshire, OR 93300-2883', '4669 Swaniawski Club Apt. 251\nSouth Danika, WA 52985', '12345', '1-678-648-5480', '2024-10-01 04:31:15', '2024-10-01 04:31:15', 1, 1, 1),
(157, 'Griffin Ankunding', '9724 Hubert Greens Apt. 408\nNew Alville, NY 84665', '3783 Wunsch Drive Suite 569\nPort Cullenstad, LA 43457', '12345', '1-657-889-0456', '2024-10-01 04:31:15', '2024-10-01 04:31:15', 1, 1, 1),
(158, 'Anderson Howe MD', '74724 Bernhard Rapids\nNew Karley, OR 37057-0580', '32753 Domenica Canyon\nLeifville, DE 82008-0426', '12345', '+1-458-237-3718', '2024-10-01 04:31:15', '2024-10-01 04:31:15', 1, 1, 1),
(159, 'Jarrod Gutkowski MD', '7717 Stanton Harbors Apt. 488\nNew Jimmieborough, GA 09345', '366 Welch Fall\nEast Kianmouth, MD 67648', '12345', '+1.240.494.9593', '2024-10-01 04:31:15', '2024-10-01 04:31:15', 1, 1, 1),
(160, 'Prof. Lacy Nikolaus MD', '855 General Mountain\nMarielaville, PA 28964', '924 Dameon Ramp Apt. 881\nWest Pablo, SD 45433', '12345', '440.729.0214', '2024-10-01 04:31:15', '2024-10-01 04:31:15', 1, 1, 1),
(161, 'Johnny Stamm DDS', '250 Lenny Coves Apt. 954\nKunzeborough, TX 17377-7350', '19244 Prudence Ford\nSatterfieldborough, MO 12523', '12345', '+1.337.817.1443', '2024-10-01 04:31:15', '2024-10-01 04:31:15', 1, 1, 1),
(162, 'Ansel Barton', '8428 Ignatius Tunnel Apt. 123\nLake Arnefurt, TN 52662-5304', '1013 Schowalter Mount Apt. 393\nWest Dejon, IA 56274-7744', '12345', '830-496-4432', '2024-10-01 04:31:15', '2024-10-01 04:31:15', 1, 1, 1),
(163, 'Ms. Liza Yost Sr.', '71109 Janie Club Apt. 642\nJohnstown, VA 24650', '701 Janiya Square\nLake Oranchester, MO 67271', '12345', '1-575-851-1427', '2024-10-01 04:31:16', '2024-10-01 04:31:16', 1, 1, 1),
(164, 'Parker Becker DDS', '91564 Breitenberg Greens\nNew Cristinaland, DE 88775', '4575 Zechariah Stravenue Apt. 764\nAbagailfurt, VT 79767-1305', '12345', '+1 (480) 804-4752', '2024-10-01 04:31:16', '2024-10-01 04:31:16', 1, 1, 1),
(165, 'Joannie Runolfsdottir', '5376 Rolando Bridge Suite 352\nNorth Shyanne, WI 87097-5219', '9777 Jose Spring Suite 774\nRhodafurt, MO 26891', '12345', '1-678-979-5675', '2024-10-01 04:31:16', '2024-10-01 04:31:16', 1, 1, 1),
(166, 'Caden Lowe', '874 Rath Center Suite 767\nWest Ottilieshire, OH 12536-4038', '31876 Cartwright Roads\nNew Bertram, CA 58137', '12345', '(570) 863-3076', '2024-10-01 04:31:16', '2024-10-01 04:31:16', 1, 1, 1),
(167, 'Solon Mueller', '2824 Fredrick View\nMelvinaburgh, WI 94863', '67378 Tremblay Trafficway\nWest Dino, OK 79859', '12345', '385-355-6777', '2024-10-01 04:31:16', '2024-10-01 04:31:16', 1, 1, 1),
(168, 'Crystal Rosenbaum', '258 Kassulke Trail\nThompsonstad, HI 72327-8239', '512 Assunta Pines Suite 790\nWest Elva, MT 00692-1035', '12345', '+1-386-966-4588', '2024-10-01 04:31:16', '2024-10-01 04:31:16', 1, 1, 1),
(169, 'Vilma Hessel III', '63017 Dolly Glens Suite 205\nSouth Charlotteburgh, IL 27027-5143', '664 Connor Trafficway\nPort Braden, UT 63088-6908', '12345', '1-848-815-7438', '2024-10-01 04:31:16', '2024-10-01 04:31:16', 1, 1, 1),
(170, 'Mr. Duncan Jacobi PhD', '857 Ahmad Mill\nAlfredoville, FL 23098-4629', '6406 Stiedemann Park\nNorth Rickyville, MN 35891', '12345', '(646) 989-1187', '2024-10-01 04:31:16', '2024-10-01 04:31:16', 1, 1, 1),
(171, 'Ethel Wisozk', '669 Aubree Ferry Suite 909\nEast Jaspermouth, AK 96831-9519', '535 Rippin Mission\nSchowaltermouth, MN 13539', '12345', '+14012576962', '2024-10-01 04:31:16', '2024-10-01 04:31:16', 1, 1, 1),
(172, 'Maud Ondricka', '86572 Olson Keys\nKoeppburgh, KS 79326-6963', '52164 Abigail Well Apt. 520\nLessiemouth, AK 97606-2375', '12345', '+17247979003', '2024-10-01 04:31:16', '2024-10-01 04:31:16', 1, 1, 1),
(173, 'Dr. Danny Yundt V', '37018 Kiel Roads\nRyleystad, VT 09745', '6318 Grady Park\nSouth Holden, IA 76768', '12345', '+1.279.338.3453', '2024-10-01 04:31:16', '2024-10-01 04:31:16', 1, 1, 1),
(174, 'Joany Brown', '70012 Hodkiewicz Crossroad\nPort Rickybury, RI 08242', '599 Hilpert Summit\nNew Odellville, AR 34622', '12345', '(351) 456-6983', '2024-10-01 04:31:16', '2024-10-01 04:31:16', 1, 1, 1),
(175, 'Keon Paucek', '369 Fritsch Dale Apt. 246\nWest Loma, DC 26170-1818', '760 Lebsack Circle Apt. 951\nEast Paula, WI 87797', '12345', '651-505-3468', '2024-10-01 04:31:16', '2024-10-01 04:31:16', 1, 1, 1),
(176, 'Mr. Angel Baumbach', '270 Rodrigo Groves\nPort Austin, OK 44637', '461 Gulgowski Ways\nZboncakton, CT 15055-1600', '12345', '+1-575-700-9111', '2024-10-01 04:31:16', '2024-10-01 04:31:16', 1, 1, 1),
(177, 'Paris Wilderman', '68042 Larry Pass\nWest Aubreeport, NV 33776-8412', '577 Claudie Center Suite 373\nCroninborough, GA 50148-5094', '12345', '408.722.7819', '2024-10-01 04:31:16', '2024-10-01 04:31:16', 1, 1, 1),
(178, 'Rene Beahan', '39276 Hessel Coves\nOsbaldoview, AL 64679', '878 Rylan Manor Suite 281\nBergeshire, IN 83727', '12345', '+1-914-714-6079', '2024-10-01 04:31:16', '2024-10-01 04:31:16', 1, 1, 1),
(179, 'Krystel Goyette', '2090 Deanna Meadow Suite 867\nEast Merlin, KS 48825-4532', '9587 Leone Pass\nEast Uriah, AZ 16511', '12345', '1-445-430-9836', '2024-10-01 04:31:16', '2024-10-01 04:31:16', 1, 1, 1),
(180, 'Mrs. Amalia Purdy', '137 Bradley Street Apt. 037\nKaylahmouth, PA 48712-3853', '840 Dejon Stream Apt. 366\nEast Arnulfo, NC 08086', '12345', '662.941.6641', '2024-10-01 04:31:16', '2024-10-01 04:31:16', 1, 1, 1),
(181, 'Prof. Elton Hansen', '90515 Padberg Islands\nPort Sadyeborough, NV 63654', '4266 Olson Parks Apt. 860\nSouth Tatyanachester, RI 17264', '12345', '+1 (785) 747-2538', '2024-10-01 04:31:16', '2024-10-01 04:31:16', 1, 1, 1),
(182, 'Elmer Bayer', '4348 Blanda Grove\nNorth Rosamondberg, GA 89744-7710', '497 Ledner Mission Apt. 161\nPort Nikkishire, AK 57768-2791', '12345', '312.801.5425', '2024-10-01 04:31:16', '2024-10-01 04:31:16', 1, 1, 1),
(183, 'Granville Veum', '43039 Baumbach Port\nNienowland, AR 74882', '858 Conn Forge\nNew Kitty, VT 31810-6664', '12345', '+1-510-573-6941', '2024-10-01 04:31:16', '2024-10-01 04:31:16', 1, 1, 1),
(184, 'Miss Madaline Schoen V', '928 McCullough Prairie Suite 289\nMarcosland, AL 76353', '988 Colin Harbor Suite 266\nCedrickville, GA 97941', '12345', '+1.513.828.2822', '2024-10-01 04:31:16', '2024-10-01 04:31:16', 1, 1, 1),
(185, 'Teagan Gislason MD', '18199 Veum Loaf Suite 557\nLake Salma, GA 79712-5664', '44778 Harvey Parkway\nBrendaborough, IN 47756', '12345', '830-555-5400', '2024-10-01 04:31:16', '2024-10-01 04:31:16', 1, 1, 1),
(186, 'Jaylen Crist', '1779 George Trafficway Suite 346\nSouth Brennafurt, WY 36613', '311 Greenfelder Isle\nLake Camrynbury, SC 82238', '12345', '517.581.9810', '2024-10-01 04:31:16', '2024-10-01 04:31:16', 1, 1, 1),
(187, 'Boris Kuvalis I', '91649 Berniece Pines\nRomagueraberg, CO 91097-7268', '8656 Braun Rapid Suite 610\nSouth Vincenzatown, AZ 81025', '12345', '+1.254.839.0351', '2024-10-01 04:31:16', '2024-10-01 04:31:16', 1, 1, 1),
(188, 'Blair Fisher', '21801 Labadie Coves\nMatildeton, KY 70495-5331', '86843 Cletus Gardens\nBeierchester, CA 48395-4824', '12345', '754-271-2365', '2024-10-01 04:31:16', '2024-10-01 04:31:16', 1, 1, 1),
(189, 'Reyes Schultz', '422 McClure Plains Apt. 038\nNorth Brendashire, DE 02183', '104 Emil Passage Apt. 159\nSouth Dantefurt, DC 78167-2974', '12345', '+1.781.518.5623', '2024-10-01 04:31:16', '2024-10-01 04:31:16', 1, 1, 1),
(190, 'Nelda Kassulke', '63049 Silas Harbors Suite 335\nLindgrenmouth, NJ 44410', '7527 Heaney Mews\nWaynefurt, OK 10161-3548', '12345', '+1-408-791-7986', '2024-10-01 04:31:16', '2024-10-01 04:31:16', 1, 1, 1),
(191, 'Diamond Orn', '9084 Kling Street Suite 010\nLake Vaughnshire, IL 07744-4937', '2134 Kilback Locks Apt. 774\nLake Trystan, CA 19837', '12345', '+1-832-726-4293', '2024-10-01 04:31:16', '2024-10-01 04:31:16', 1, 1, 1),
(192, 'Cathy Bogisich', '21699 Dare Forks Suite 238\nEast Emmaleeland, WY 61016', '50017 Stuart Well Suite 942\nLake Reaganburgh, NE 90866-1073', '12345', '214.602.6717', '2024-10-01 04:31:16', '2024-10-01 04:31:16', 1, 1, 1),
(193, 'Brannon Sanford', '66679 Luettgen Rapids Apt. 168\nEast Alexzanderburgh, PA 00769', '823 Yundt Streets Apt. 604\nHayesfort, OH 33972', '12345', '+1-863-966-2604', '2024-10-01 04:31:16', '2024-10-01 04:31:16', 1, 1, 1),
(194, 'Mrs. Caterina Tillman IV', '9385 Johns Row Apt. 494\nDachstad, CA 93690', '590 Lehner Island Suite 811\nWillbury, OR 52222-9236', '12345', '+1 (501) 342-7205', '2024-10-01 04:31:16', '2024-10-01 04:31:16', 1, 1, 1),
(195, 'Dr. Laverna Ruecker MD', '28905 Marilou Drive\nThompsonmouth, KS 58814', '733 Beier Fort\nSaraimouth, WI 67454-0380', '12345', '+1-413-265-0316', '2024-10-01 04:31:16', '2024-10-01 04:31:16', 1, 1, 1),
(196, 'Deshawn Grady', '296 Adan Shoals Suite 080\nAbbyfurt, OH 33462-6998', '3728 Alyce Hills\nNorth Karianneburgh, ND 01316', '12345', '820.932.8987', '2024-10-01 04:31:16', '2024-10-01 04:31:16', 1, 1, 1),
(197, 'Chris Ledner', '4415 Margarett Junction Apt. 065\nKristinview, IN 64724-7710', '2715 Rosenbaum Station Apt. 620\nEast Everardo, WA 83471-8134', '12345', '+1.206.981.1917', '2024-10-01 04:31:16', '2024-10-01 04:31:16', 1, 1, 1),
(198, 'Mr. Melvin Dibbert DVM', '9597 Rodrigo Pine\nDerrickville, MT 84053', '1883 Pamela Grove Apt. 455\nHerzogborough, IA 14594-3816', '12345', '(551) 478-9185', '2024-10-01 04:31:16', '2024-10-01 04:31:16', 1, 1, 1),
(199, 'Magdalena Langworth', '958 Odell Ports\nSchaefermouth, NC 12157-1342', '15093 Abraham Prairie Suite 623\nMartaland, KY 84792-1574', '12345', '+1.308.448.4431', '2024-10-01 04:31:16', '2024-10-01 04:31:16', 1, 1, 1),
(200, 'Ashlynn Kassulke MD', '41840 Stark Pines Suite 484\nRatkebury, FL 38644-3717', '880 Hartmann Meadows\nRohantown, SD 66562', '12345', '(458) 233-0865', '2024-10-01 04:31:16', '2024-10-01 04:31:16', 1, 1, 1);

-- 
-- Dumping data for table cities
--
INSERT INTO cities VALUES
(1, 'Eugeniachester', 1, '2024-10-01 04:31:15', '2024-10-01 04:31:15', 1),
(2, 'Hoppeview', 1, '2024-10-01 04:31:15', '2024-10-01 04:31:15', 1),
(3, 'Garettstad', 1, '2024-10-01 04:31:15', '2024-10-01 04:31:15', 1),
(4, 'South Evaville', 1, '2024-10-01 04:31:15', '2024-10-01 04:31:15', 1),
(5, 'Donnaside', 1, '2024-10-01 04:31:15', '2024-10-01 04:31:15', 1),
(6, 'Felicitaville', 1, '2024-10-01 04:31:15', '2024-10-01 04:31:15', 2),
(7, 'Palmashire', 1, '2024-10-01 04:31:15', '2024-10-01 04:31:15', 2),
(8, 'New Cassandre', 1, '2024-10-01 04:31:15', '2024-10-01 04:31:15', 2),
(9, 'Glendaview', 1, '2024-10-01 04:31:15', '2024-10-01 04:31:15', 2),
(10, 'Gregport', 1, '2024-10-01 04:31:15', '2024-10-01 04:31:15', 2),
(11, 'Littleberg', 1, '2024-10-01 04:31:15', '2024-10-01 04:31:15', 3),
(12, 'Justicestad', 1, '2024-10-01 04:31:15', '2024-10-01 04:31:15', 3),
(13, 'Viviannefort', 1, '2024-10-01 04:31:15', '2024-10-01 04:31:15', 3),
(14, 'Deloresburgh', 1, '2024-10-01 04:31:15', '2024-10-01 04:31:15', 3),
(15, 'West Zachary', 1, '2024-10-01 04:31:15', '2024-10-01 04:31:15', 3),
(16, 'Port Ziontown', 1, '2024-10-01 04:31:15', '2024-10-01 04:31:15', 4),
(17, 'West Gloria', 1, '2024-10-01 04:31:15', '2024-10-01 04:31:15', 4),
(18, 'East Hertha', 1, '2024-10-01 04:31:15', '2024-10-01 04:31:15', 4),
(19, 'Koeppland', 1, '2024-10-01 04:31:15', '2024-10-01 04:31:15', 4),
(20, 'Yosthaven', 1, '2024-10-01 04:31:15', '2024-10-01 04:31:15', 4),
(21, 'New London', 1, '2024-10-01 04:31:15', '2024-10-01 04:31:15', 5),
(22, 'Lake Eviemouth', 1, '2024-10-01 04:31:15', '2024-10-01 04:31:15', 5),
(23, 'Johnsonview', 1, '2024-10-01 04:31:15', '2024-10-01 04:31:15', 5),
(24, 'Lake Prince', 1, '2024-10-01 04:31:15', '2024-10-01 04:31:15', 5),
(25, 'Autumnbury', 1, '2024-10-01 04:31:15', '2024-10-01 04:31:15', 5),
(26, 'East Ansley', 1, '2024-10-01 04:31:15', '2024-10-01 04:31:15', 6),
(27, 'Lake Kadinhaven', 1, '2024-10-01 04:31:15', '2024-10-01 04:31:15', 6),
(28, 'Larkinview', 1, '2024-10-01 04:31:15', '2024-10-01 04:31:15', 6),
(29, 'Turcotteberg', 1, '2024-10-01 04:31:15', '2024-10-01 04:31:15', 6),
(30, 'Port Polly', 1, '2024-10-01 04:31:15', '2024-10-01 04:31:15', 6),
(31, 'Smithamport', 1, '2024-10-01 04:31:15', '2024-10-01 04:31:15', 7),
(32, 'East Bernadette', 1, '2024-10-01 04:31:15', '2024-10-01 04:31:15', 7),
(33, 'Lake Albin', 1, '2024-10-01 04:31:15', '2024-10-01 04:31:15', 7),
(34, 'Schowalterview', 1, '2024-10-01 04:31:15', '2024-10-01 04:31:15', 7),
(35, 'Schambergerhaven', 1, '2024-10-01 04:31:15', '2024-10-01 04:31:15', 7),
(36, 'West Jewelberg', 1, '2024-10-01 04:31:15', '2024-10-01 04:31:15', 8),
(37, 'Abernathyberg', 1, '2024-10-01 04:31:15', '2024-10-01 04:31:15', 8),
(38, 'Port Vergiebury', 1, '2024-10-01 04:31:15', '2024-10-01 04:31:15', 8),
(39, 'Elliottport', 1, '2024-10-01 04:31:15', '2024-10-01 04:31:15', 8),
(40, 'New Stefan', 1, '2024-10-01 04:31:15', '2024-10-01 04:31:15', 8),
(41, 'Bauchborough', 1, '2024-10-01 04:31:15', '2024-10-01 04:31:15', 9),
(42, 'Hubertview', 1, '2024-10-01 04:31:15', '2024-10-01 04:31:15', 9),
(43, 'Lake Marilieshire', 1, '2024-10-01 04:31:15', '2024-10-01 04:31:15', 9),
(44, 'New Brendenhaven', 1, '2024-10-01 04:31:15', '2024-10-01 04:31:15', 9),
(45, 'South Caitlyntown', 1, '2024-10-01 04:31:15', '2024-10-01 04:31:15', 9),
(46, 'Isaiahhaven', 1, '2024-10-01 04:31:15', '2024-10-01 04:31:15', 10),
(47, 'Abbigailchester', 1, '2024-10-01 04:31:15', '2024-10-01 04:31:15', 10),
(48, 'Nikolausport', 1, '2024-10-01 04:31:15', '2024-10-01 04:31:15', 10),
(49, 'West Sebastian', 1, '2024-10-01 04:31:15', '2024-10-01 04:31:15', 10),
(50, 'North Arely', 1, '2024-10-01 04:31:15', '2024-10-01 04:31:15', 10),
(51, 'Danteton', 1, '2024-10-01 04:31:15', '2024-10-01 04:31:15', 11),
(52, 'North Annalise', 1, '2024-10-01 04:31:15', '2024-10-01 04:31:15', 11),
(53, 'Tremaineshire', 1, '2024-10-01 04:31:15', '2024-10-01 04:31:15', 11),
(54, 'South Travon', 1, '2024-10-01 04:31:15', '2024-10-01 04:31:15', 11),
(55, 'Jadabury', 1, '2024-10-01 04:31:15', '2024-10-01 04:31:15', 11),
(56, 'West Kenyon', 1, '2024-10-01 04:31:15', '2024-10-01 04:31:15', 12),
(57, 'West Kyleigh', 1, '2024-10-01 04:31:15', '2024-10-01 04:31:15', 12),
(58, 'Carterland', 1, '2024-10-01 04:31:15', '2024-10-01 04:31:15', 12),
(59, 'North Catharine', 1, '2024-10-01 04:31:15', '2024-10-01 04:31:15', 12),
(60, 'West Carolanne', 1, '2024-10-01 04:31:15', '2024-10-01 04:31:15', 12),
(61, 'Port Candido', 1, '2024-10-01 04:31:15', '2024-10-01 04:31:15', 13),
(62, 'Bashirianville', 1, '2024-10-01 04:31:15', '2024-10-01 04:31:15', 13),
(63, 'Leoneberg', 1, '2024-10-01 04:31:15', '2024-10-01 04:31:15', 13),
(64, 'East Madilyn', 1, '2024-10-01 04:31:15', '2024-10-01 04:31:15', 13),
(65, 'South Favianhaven', 1, '2024-10-01 04:31:15', '2024-10-01 04:31:15', 13),
(66, 'Rosalindahaven', 1, '2024-10-01 04:31:15', '2024-10-01 04:31:15', 14),
(67, 'West Chaz', 1, '2024-10-01 04:31:15', '2024-10-01 04:31:15', 14),
(68, 'Johnsonborough', 1, '2024-10-01 04:31:15', '2024-10-01 04:31:15', 14),
(69, 'Thielshire', 1, '2024-10-01 04:31:15', '2024-10-01 04:31:15', 14),
(70, 'Mosciskiport', 1, '2024-10-01 04:31:15', '2024-10-01 04:31:15', 14),
(71, 'Port Osvaldotown', 1, '2024-10-01 04:31:15', '2024-10-01 04:31:15', 15),
(72, 'Steuberside', 1, '2024-10-01 04:31:15', '2024-10-01 04:31:15', 15),
(73, 'Gonzaloton', 1, '2024-10-01 04:31:15', '2024-10-01 04:31:15', 15),
(74, 'Judytown', 1, '2024-10-01 04:31:15', '2024-10-01 04:31:15', 15),
(75, 'North Hopemouth', 1, '2024-10-01 04:31:15', '2024-10-01 04:31:15', 15),
(76, 'Hickleton', 1, '2024-10-01 04:31:15', '2024-10-01 04:31:15', 16),
(77, 'South Shannabury', 1, '2024-10-01 04:31:15', '2024-10-01 04:31:15', 16),
(78, 'Stoltenbergmouth', 1, '2024-10-01 04:31:15', '2024-10-01 04:31:15', 16),
(79, 'South Daxmouth', 1, '2024-10-01 04:31:15', '2024-10-01 04:31:15', 16),
(80, 'Leannonborough', 1, '2024-10-01 04:31:15', '2024-10-01 04:31:15', 16),
(81, 'Rosenbaumport', 1, '2024-10-01 04:31:15', '2024-10-01 04:31:15', 17),
(82, 'Port Jabariborough', 1, '2024-10-01 04:31:15', '2024-10-01 04:31:15', 17),
(83, 'Mosciskimouth', 1, '2024-10-01 04:31:15', '2024-10-01 04:31:15', 17),
(84, 'Walshburgh', 1, '2024-10-01 04:31:15', '2024-10-01 04:31:15', 17),
(85, 'Stevieberg', 1, '2024-10-01 04:31:15', '2024-10-01 04:31:15', 17),
(86, 'New Geoffrey', 1, '2024-10-01 04:31:15', '2024-10-01 04:31:15', 18),
(87, 'Hallieville', 1, '2024-10-01 04:31:15', '2024-10-01 04:31:15', 18),
(88, 'North Jordyn', 1, '2024-10-01 04:31:15', '2024-10-01 04:31:15', 18),
(89, 'West Rolandoton', 1, '2024-10-01 04:31:15', '2024-10-01 04:31:15', 18),
(90, 'West Ebba', 1, '2024-10-01 04:31:15', '2024-10-01 04:31:15', 18),
(91, 'Xzavierfurt', 1, '2024-10-01 04:31:15', '2024-10-01 04:31:15', 19),
(92, 'Elnorastad', 1, '2024-10-01 04:31:15', '2024-10-01 04:31:15', 19),
(93, 'Shanelbury', 1, '2024-10-01 04:31:15', '2024-10-01 04:31:15', 19),
(94, 'Feesttown', 1, '2024-10-01 04:31:15', '2024-10-01 04:31:15', 19),
(95, 'North Osbornetown', 1, '2024-10-01 04:31:15', '2024-10-01 04:31:15', 19),
(96, 'Lake Rickiestad', 1, '2024-10-01 04:31:15', '2024-10-01 04:31:15', 20),
(97, 'Hintzchester', 1, '2024-10-01 04:31:15', '2024-10-01 04:31:15', 20),
(98, 'Lake Roel', 1, '2024-10-01 04:31:15', '2024-10-01 04:31:15', 20),
(99, 'Darechester', 1, '2024-10-01 04:31:15', '2024-10-01 04:31:15', 20),
(100, 'North Maya', 1, '2024-10-01 04:31:15', '2024-10-01 04:31:15', 20),
(101, 'Torpfort', 1, '2024-10-01 04:31:15', '2024-10-01 04:31:15', 21),
(102, 'Billview', 1, '2024-10-01 04:31:15', '2024-10-01 04:31:15', 21),
(103, 'East Sydnee', 1, '2024-10-01 04:31:15', '2024-10-01 04:31:15', 21),
(104, 'Reichelmouth', 1, '2024-10-01 04:31:15', '2024-10-01 04:31:15', 21),
(105, 'Padbergside', 1, '2024-10-01 04:31:15', '2024-10-01 04:31:15', 21),
(106, 'Karsonland', 1, '2024-10-01 04:31:15', '2024-10-01 04:31:15', 22),
(107, 'Lake Margotmouth', 1, '2024-10-01 04:31:15', '2024-10-01 04:31:15', 22),
(108, 'South Magnus', 1, '2024-10-01 04:31:15', '2024-10-01 04:31:15', 22),
(109, 'Faymouth', 1, '2024-10-01 04:31:15', '2024-10-01 04:31:15', 22),
(110, 'New Shane', 1, '2024-10-01 04:31:15', '2024-10-01 04:31:15', 22),
(111, 'New Wilford', 1, '2024-10-01 04:31:15', '2024-10-01 04:31:15', 23),
(112, 'Wiegandville', 1, '2024-10-01 04:31:15', '2024-10-01 04:31:15', 23),
(113, 'Kuvalishaven', 1, '2024-10-01 04:31:15', '2024-10-01 04:31:15', 23),
(114, 'Port Robinmouth', 1, '2024-10-01 04:31:15', '2024-10-01 04:31:15', 23),
(115, 'Benhaven', 1, '2024-10-01 04:31:15', '2024-10-01 04:31:15', 23),
(116, 'Lake Terry', 1, '2024-10-01 04:31:15', '2024-10-01 04:31:15', 24),
(117, 'New Antoninaland', 1, '2024-10-01 04:31:15', '2024-10-01 04:31:15', 24),
(118, 'Port Keyon', 1, '2024-10-01 04:31:15', '2024-10-01 04:31:15', 24),
(119, 'Aronton', 1, '2024-10-01 04:31:15', '2024-10-01 04:31:15', 24),
(120, 'South Wandaton', 1, '2024-10-01 04:31:15', '2024-10-01 04:31:15', 24),
(121, 'Olsonmouth', 1, '2024-10-01 04:31:15', '2024-10-01 04:31:15', 25),
(122, 'Doylechester', 1, '2024-10-01 04:31:15', '2024-10-01 04:31:15', 25),
(123, 'Dougland', 1, '2024-10-01 04:31:15', '2024-10-01 04:31:15', 25),
(124, 'Dorianberg', 1, '2024-10-01 04:31:15', '2024-10-01 04:31:15', 25),
(125, 'Arnulfoshire', 1, '2024-10-01 04:31:15', '2024-10-01 04:31:15', 25),
(126, 'Port Herman', 1, '2024-10-01 04:31:15', '2024-10-01 04:31:15', 26),
(127, 'New Thelma', 1, '2024-10-01 04:31:15', '2024-10-01 04:31:15', 26),
(128, 'Alvinachester', 1, '2024-10-01 04:31:15', '2024-10-01 04:31:15', 26),
(129, 'Lake Cedrickmouth', 1, '2024-10-01 04:31:15', '2024-10-01 04:31:15', 26),
(130, 'South Urielburgh', 1, '2024-10-01 04:31:15', '2024-10-01 04:31:15', 26),
(131, 'Vivienfurt', 1, '2024-10-01 04:31:15', '2024-10-01 04:31:15', 27),
(132, 'Robertsstad', 1, '2024-10-01 04:31:15', '2024-10-01 04:31:15', 27),
(133, 'Amandafort', 1, '2024-10-01 04:31:15', '2024-10-01 04:31:15', 27),
(134, 'Port Rosemarie', 1, '2024-10-01 04:31:15', '2024-10-01 04:31:15', 27),
(135, 'Hayesland', 1, '2024-10-01 04:31:15', '2024-10-01 04:31:15', 27),
(136, 'Isabellafurt', 1, '2024-10-01 04:31:15', '2024-10-01 04:31:15', 28),
(137, 'Lockmanbury', 1, '2024-10-01 04:31:15', '2024-10-01 04:31:15', 28),
(138, 'Mohrberg', 1, '2024-10-01 04:31:15', '2024-10-01 04:31:15', 28),
(139, 'Heathcoteside', 1, '2024-10-01 04:31:15', '2024-10-01 04:31:15', 28),
(140, 'Abnerside', 1, '2024-10-01 04:31:15', '2024-10-01 04:31:15', 28),
(141, 'South Freeman', 1, '2024-10-01 04:31:15', '2024-10-01 04:31:15', 29),
(142, 'East Cali', 1, '2024-10-01 04:31:15', '2024-10-01 04:31:15', 29),
(143, 'North Greenton', 1, '2024-10-01 04:31:15', '2024-10-01 04:31:15', 29),
(144, 'Greenborough', 1, '2024-10-01 04:31:15', '2024-10-01 04:31:15', 29),
(145, 'Luigiland', 1, '2024-10-01 04:31:15', '2024-10-01 04:31:15', 29),
(146, 'Flaviohaven', 1, '2024-10-01 04:31:15', '2024-10-01 04:31:15', 30),
(147, 'O''Konton', 1, '2024-10-01 04:31:15', '2024-10-01 04:31:15', 30),
(148, 'Cobytown', 1, '2024-10-01 04:31:15', '2024-10-01 04:31:15', 30),
(149, 'East Jaydaland', 1, '2024-10-01 04:31:15', '2024-10-01 04:31:15', 30),
(150, 'West Janiyastad', 1, '2024-10-01 04:31:15', '2024-10-01 04:31:15', 30),
(151, 'East Vernon', 1, '2024-10-01 04:31:15', '2024-10-01 04:31:15', 31),
(152, 'Bridgetside', 1, '2024-10-01 04:31:15', '2024-10-01 04:31:15', 31),
(153, 'North Raeganmouth', 1, '2024-10-01 04:31:15', '2024-10-01 04:31:15', 31),
(154, 'Keltonburgh', 1, '2024-10-01 04:31:15', '2024-10-01 04:31:15', 31),
(155, 'Lake Dandre', 1, '2024-10-01 04:31:15', '2024-10-01 04:31:15', 31),
(156, 'Lake Adellashire', 1, '2024-10-01 04:31:15', '2024-10-01 04:31:15', 32),
(157, 'West Zane', 1, '2024-10-01 04:31:15', '2024-10-01 04:31:15', 32),
(158, 'Bayleetown', 1, '2024-10-01 04:31:15', '2024-10-01 04:31:15', 32),
(159, 'Port Dedric', 1, '2024-10-01 04:31:15', '2024-10-01 04:31:15', 32),
(160, 'Celestinemouth', 1, '2024-10-01 04:31:15', '2024-10-01 04:31:15', 32),
(161, 'North Melvina', 1, '2024-10-01 04:31:15', '2024-10-01 04:31:15', 33),
(162, 'Chetberg', 1, '2024-10-01 04:31:15', '2024-10-01 04:31:15', 33),
(163, 'West Bella', 1, '2024-10-01 04:31:15', '2024-10-01 04:31:15', 33),
(164, 'Liaport', 1, '2024-10-01 04:31:15', '2024-10-01 04:31:15', 33),
(165, 'East Ettietown', 1, '2024-10-01 04:31:15', '2024-10-01 04:31:15', 33),
(166, 'Kimburgh', 1, '2024-10-01 04:31:15', '2024-10-01 04:31:15', 34),
(167, 'Malcolmfort', 1, '2024-10-01 04:31:15', '2024-10-01 04:31:15', 34),
(168, 'Damionside', 1, '2024-10-01 04:31:15', '2024-10-01 04:31:15', 34),
(169, 'McLaughlinfort', 1, '2024-10-01 04:31:15', '2024-10-01 04:31:15', 34),
(170, 'Reichertborough', 1, '2024-10-01 04:31:15', '2024-10-01 04:31:15', 34),
(171, 'Krajcikview', 1, '2024-10-01 04:31:15', '2024-10-01 04:31:15', 35),
(172, 'Joanychester', 1, '2024-10-01 04:31:15', '2024-10-01 04:31:15', 35),
(173, 'Lake Russell', 1, '2024-10-01 04:31:15', '2024-10-01 04:31:15', 35),
(174, 'Bertrandmouth', 1, '2024-10-01 04:31:15', '2024-10-01 04:31:15', 35),
(175, 'Schuppechester', 1, '2024-10-01 04:31:15', '2024-10-01 04:31:15', 35),
(176, 'Boganmouth', 1, '2024-10-01 04:31:15', '2024-10-01 04:31:15', 36),
(177, 'Port Edaview', 1, '2024-10-01 04:31:15', '2024-10-01 04:31:15', 36),
(178, 'Hermannshire', 1, '2024-10-01 04:31:15', '2024-10-01 04:31:15', 36),
(179, 'O''Reillybury', 1, '2024-10-01 04:31:15', '2024-10-01 04:31:15', 36),
(180, 'Lake Oniehaven', 1, '2024-10-01 04:31:15', '2024-10-01 04:31:15', 36),
(181, 'Letitiahaven', 1, '2024-10-01 04:31:15', '2024-10-01 04:31:15', 37),
(182, 'Melbaville', 1, '2024-10-01 04:31:15', '2024-10-01 04:31:15', 37),
(183, 'Kolbyborough', 1, '2024-10-01 04:31:15', '2024-10-01 04:31:15', 37),
(184, 'Rennerport', 1, '2024-10-01 04:31:15', '2024-10-01 04:31:15', 37),
(185, 'East Lelamouth', 1, '2024-10-01 04:31:15', '2024-10-01 04:31:15', 37),
(186, 'East Margueritefurt', 1, '2024-10-01 04:31:15', '2024-10-01 04:31:15', 38),
(187, 'Kerlukeview', 1, '2024-10-01 04:31:15', '2024-10-01 04:31:15', 38),
(188, 'Zboncakfort', 1, '2024-10-01 04:31:15', '2024-10-01 04:31:15', 38),
(189, 'Port Meghan', 1, '2024-10-01 04:31:15', '2024-10-01 04:31:15', 38),
(190, 'Port Modesto', 1, '2024-10-01 04:31:15', '2024-10-01 04:31:15', 38),
(191, 'South Savanahside', 1, '2024-10-01 04:31:15', '2024-10-01 04:31:15', 39),
(192, 'North Brando', 1, '2024-10-01 04:31:15', '2024-10-01 04:31:15', 39),
(193, 'Leuschkeview', 1, '2024-10-01 04:31:15', '2024-10-01 04:31:15', 39),
(194, 'New Fatima', 1, '2024-10-01 04:31:15', '2024-10-01 04:31:15', 39),
(195, 'Parisianberg', 1, '2024-10-01 04:31:15', '2024-10-01 04:31:15', 39),
(196, 'West Lenoreport', 1, '2024-10-01 04:31:15', '2024-10-01 04:31:15', 40),
(197, 'Annabelleton', 1, '2024-10-01 04:31:15', '2024-10-01 04:31:15', 40),
(198, 'New Shanon', 1, '2024-10-01 04:31:15', '2024-10-01 04:31:15', 40),
(199, 'Bergnaumton', 1, '2024-10-01 04:31:15', '2024-10-01 04:31:15', 40),
(200, 'New Demarcus', 1, '2024-10-01 04:31:15', '2024-10-01 04:31:15', 40),
(201, 'North Jasperstad', 1, '2024-10-01 04:31:15', '2024-10-01 04:31:15', 41),
(202, 'North Teresafort', 1, '2024-10-01 04:31:15', '2024-10-01 04:31:15', 41),
(203, 'Legrosshire', 1, '2024-10-01 04:31:15', '2024-10-01 04:31:15', 41),
(204, 'South Glennie', 1, '2024-10-01 04:31:15', '2024-10-01 04:31:15', 41),
(205, 'Shakiraberg', 1, '2024-10-01 04:31:15', '2024-10-01 04:31:15', 41),
(206, 'Dashawnhaven', 1, '2024-10-01 04:31:15', '2024-10-01 04:31:15', 42),
(207, 'Franeckiview', 1, '2024-10-01 04:31:15', '2024-10-01 04:31:15', 42),
(208, 'East Mozell', 1, '2024-10-01 04:31:15', '2024-10-01 04:31:15', 42),
(209, 'Kundebury', 1, '2024-10-01 04:31:15', '2024-10-01 04:31:15', 42),
(210, 'Joannieview', 1, '2024-10-01 04:31:15', '2024-10-01 04:31:15', 42),
(211, 'New Alexandreaville', 1, '2024-10-01 04:31:15', '2024-10-01 04:31:15', 43),
(212, 'North Lillianmouth', 1, '2024-10-01 04:31:15', '2024-10-01 04:31:15', 43),
(213, 'Jacobsonbury', 1, '2024-10-01 04:31:15', '2024-10-01 04:31:15', 43),
(214, 'Lisandroburgh', 1, '2024-10-01 04:31:15', '2024-10-01 04:31:15', 43),
(215, 'Friesenberg', 1, '2024-10-01 04:31:15', '2024-10-01 04:31:15', 43),
(216, 'South Kimland', 1, '2024-10-01 04:31:15', '2024-10-01 04:31:15', 44),
(217, 'Lake Ladariusview', 1, '2024-10-01 04:31:15', '2024-10-01 04:31:15', 44),
(218, 'Langworthtown', 1, '2024-10-01 04:31:15', '2024-10-01 04:31:15', 44),
(219, 'New Kadefurt', 1, '2024-10-01 04:31:15', '2024-10-01 04:31:15', 44),
(220, 'West Lilianchester', 1, '2024-10-01 04:31:15', '2024-10-01 04:31:15', 44),
(221, 'South Koby', 1, '2024-10-01 04:31:15', '2024-10-01 04:31:15', 45),
(222, 'East Nikolasstad', 1, '2024-10-01 04:31:15', '2024-10-01 04:31:15', 45),
(223, 'Lake Reese', 1, '2024-10-01 04:31:15', '2024-10-01 04:31:15', 45),
(224, 'Cloydfort', 1, '2024-10-01 04:31:15', '2024-10-01 04:31:15', 45),
(225, 'Brakusberg', 1, '2024-10-01 04:31:15', '2024-10-01 04:31:15', 45),
(226, 'Raphaelhaven', 1, '2024-10-01 04:31:15', '2024-10-01 04:31:15', 46),
(227, 'Homenickfort', 1, '2024-10-01 04:31:15', '2024-10-01 04:31:15', 46),
(228, 'Melliemouth', 1, '2024-10-01 04:31:15', '2024-10-01 04:31:15', 46),
(229, 'Carolanneton', 1, '2024-10-01 04:31:15', '2024-10-01 04:31:15', 46),
(230, 'Lake Augustus', 1, '2024-10-01 04:31:15', '2024-10-01 04:31:15', 46),
(231, 'Lake Lonniechester', 1, '2024-10-01 04:31:15', '2024-10-01 04:31:15', 47),
(232, 'New Kiel', 1, '2024-10-01 04:31:15', '2024-10-01 04:31:15', 47),
(233, 'Othafurt', 1, '2024-10-01 04:31:15', '2024-10-01 04:31:15', 47),
(234, 'Cartwrightburgh', 1, '2024-10-01 04:31:15', '2024-10-01 04:31:15', 47),
(235, 'Lake Mariomouth', 1, '2024-10-01 04:31:15', '2024-10-01 04:31:15', 47),
(236, 'North Bertramborough', 1, '2024-10-01 04:31:15', '2024-10-01 04:31:15', 48),
(237, 'Jeanstad', 1, '2024-10-01 04:31:15', '2024-10-01 04:31:15', 48),
(238, 'Cassiefort', 1, '2024-10-01 04:31:15', '2024-10-01 04:31:15', 48),
(239, 'Alyssonview', 1, '2024-10-01 04:31:15', '2024-10-01 04:31:15', 48),
(240, 'Clotildechester', 1, '2024-10-01 04:31:15', '2024-10-01 04:31:15', 48),
(241, 'West Juniuschester', 1, '2024-10-01 04:31:15', '2024-10-01 04:31:15', 49),
(242, 'Augustuschester', 1, '2024-10-01 04:31:15', '2024-10-01 04:31:15', 49),
(243, 'Hicklestad', 1, '2024-10-01 04:31:15', '2024-10-01 04:31:15', 49),
(244, 'East Darrelburgh', 1, '2024-10-01 04:31:15', '2024-10-01 04:31:15', 49),
(245, 'Bodeborough', 1, '2024-10-01 04:31:15', '2024-10-01 04:31:15', 49),
(246, 'Sporershire', 1, '2024-10-01 04:31:15', '2024-10-01 04:31:15', 50),
(247, 'South Maribelbury', 1, '2024-10-01 04:31:15', '2024-10-01 04:31:15', 50),
(248, 'Port Jammietown', 1, '2024-10-01 04:31:15', '2024-10-01 04:31:15', 50),
(249, 'East Einarbury', 1, '2024-10-01 04:31:15', '2024-10-01 04:31:15', 50),
(250, 'Elinorbury', 1, '2024-10-01 04:31:15', '2024-10-01 04:31:15', 50);

-- 
-- Dumping data for table categories
--
INSERT INTO categories VALUES
(1, 'Abidos Range', 1, '2024-10-01 04:31:15', '2024-10-01 04:31:15', NULL),
(2, 'Adhesive', 1, '2024-10-01 04:31:15', '2024-10-01 04:31:15', NULL),
(3, 'Bulevar Range', 1, '2024-10-01 04:31:15', '2024-10-01 04:31:15', NULL),
(4, 'Dreire Range', 1, '2024-10-01 04:31:15', '2024-10-01 04:31:15', NULL),
(5, 'Luxury Mosaics', 1, '2024-10-01 04:31:15', '2024-10-01 04:31:15', NULL),
(6, 'Job Lot', 1, '2024-10-01 04:31:15', '2024-10-01 04:31:15', NULL),
(7, 'Pireo Range', 1, '2024-10-01 04:31:15', '2024-10-01 04:31:15', NULL),
(8, 'Self Levelling', 1, '2024-10-01 04:31:15', '2024-10-01 04:31:15', NULL);

-- 
-- Dumping data for table buyers
--
INSERT INTO buyers VALUES
(1, 'BUY-000001', 'Bruen Group', 'Bruen Group', 1, 'Quae qui ut rerum.', '580.528.4776', 'ashleigh24@example.org', '2024-10-01 04:31:15', '2024-10-01 04:31:15', NULL, 1, 1, 1, 2),
(2, 'BUY-000001', 'Lockman-Ferry', 'Lockman-Ferry', 1, 'Quis quo qui et enim provident voluptas.', '1-361-245-9424', 'jefferey.zieme@example.net', '2024-10-01 04:31:15', '2024-10-01 04:31:15', NULL, 1, 1, 3, 4),
(3, 'BUY-000001', 'Kemmer, Lindgren and Nitzsche', 'Kemmer, Lindgren and Nitzsche', 1, 'Minima dolore quidem similique necessitatibus nihil error.', '+1.458.560.0986', 'ines98@example.net', '2024-10-01 04:31:15', '2024-10-01 04:31:15', NULL, 1, 1, 5, 6),
(4, 'BUY-000001', 'Morissette, Grady and Bosco', 'Morissette, Grady and Bosco', 1, 'Vel nesciunt nulla animi sequi.', '+1-469-493-3237', 'gregory.jerde@example.net', '2024-10-01 04:31:15', '2024-10-01 04:31:15', NULL, 1, 1, 7, 8),
(5, 'BUY-000001', 'Nicolas Ltd', 'Nicolas Ltd', 1, 'Ut eum molestias voluptatem nobis.', '+1-352-757-8132', 'xmaggio@example.net', '2024-10-01 04:31:15', '2024-10-01 04:31:15', NULL, 1, 1, 9, 10),
(6, 'BUY-000001', 'Shields-Cassin', 'Shields-Cassin', 1, 'Quibusdam non voluptate provident occaecati.', '+1 (704) 546-8475', 'ekuvalis@example.net', '2024-10-01 04:31:15', '2024-10-01 04:31:15', NULL, 2, 1, 11, 12),
(7, 'BUY-000001', 'Wiegand-Berge', 'Wiegand-Berge', 1, 'Quae vel ea nulla dolor ipsam officia qui ducimus.', '607.335.4341', 'forest.batz@example.net', '2024-10-01 04:31:15', '2024-10-01 04:31:15', NULL, 1, 1, 13, 14),
(8, 'BUY-000001', 'Rogahn-Aufderhar', 'Rogahn-Aufderhar', 1, 'Facilis eum molestiae odit ipsa.', '(951) 220-6785', 'oheidenreich@example.com', '2024-10-01 04:31:15', '2024-10-01 04:31:15', NULL, 1, 1, 15, 16),
(9, 'BUY-000001', 'Shanahan Group', 'Shanahan Group', 1, 'Nostrum quia sequi aperiam nihil voluptatibus architecto reprehenderit.', '+1-614-681-3064', 'favian.crona@example.org', '2024-10-01 04:31:15', '2024-10-01 04:31:15', NULL, 2, 1, 17, 18),
(10, 'BUY-000001', 'Nikolaus Group', 'Nikolaus Group', 1, 'Quia non fugiat expedita omnis sequi dolor pariatur.', '+1-785-960-3575', 'wendell.becker@example.org', '2024-10-01 04:31:15', '2024-10-01 04:31:15', NULL, 1, 1, 19, 20),
(11, 'BUY-000001', 'Doyle Ltd', 'Doyle Ltd', 1, 'Dignissimos eius voluptatem voluptas.', '+1 (623) 738-8385', 'garret.barrows@example.net', '2024-10-01 04:31:15', '2024-10-01 04:31:15', NULL, 2, 1, 21, 22),
(12, 'BUY-000001', 'Bednar Inc', 'Bednar Inc', 1, 'Occaecati ea esse quia consequatur iste voluptatibus autem.', '(234) 504-9534', 'kari32@example.org', '2024-10-01 04:31:15', '2024-10-01 04:31:15', NULL, 2, 1, 23, 24),
(13, 'BUY-000001', 'Kutch-Cormier', 'Kutch-Cormier', 1, 'Recusandae ut harum aut quo voluptate ut officiis.', '1-212-542-4199', 'burley.swift@example.com', '2024-10-01 04:31:15', '2024-10-01 04:31:15', NULL, 1, 1, 25, 26),
(14, 'BUY-000001', 'Carter LLC', 'Carter LLC', 1, 'Molestiae accusantium voluptatem adipisci eius.', '+19206045227', 'pfeffer.rosalia@example.org', '2024-10-01 04:31:15', '2024-10-01 04:31:15', NULL, 2, 1, 27, 28),
(15, 'BUY-000001', 'Turner-Daniel', 'Turner-Daniel', 1, 'Aliquam repellendus doloremque libero libero autem.', '(520) 663-6306', 'iherzog@example.org', '2024-10-01 04:31:15', '2024-10-01 04:31:15', NULL, 2, 1, 29, 30),
(16, 'BUY-000001', 'Spencer LLC', 'Spencer LLC', 1, 'Similique rerum aperiam a a sed amet mollitia.', '+1 (341) 471-0380', 'lowell.dickinson@example.com', '2024-10-01 04:31:15', '2024-10-01 04:31:15', NULL, 1, 1, 31, 32),
(17, 'BUY-000001', 'Abernathy LLC', 'Abernathy LLC', 1, 'Dignissimos alias laudantium error quia inventore ullam dolorum sint.', '+16606524399', 'henri18@example.org', '2024-10-01 04:31:15', '2024-10-01 04:31:15', NULL, 1, 1, 33, 34),
(18, 'BUY-000001', 'Prosacco, Orn and Aufderhar', 'Prosacco, Orn and Aufderhar', 1, 'Ut eum ratione qui optio laboriosam labore esse.', '(463) 382-5799', 'junior13@example.com', '2024-10-01 04:31:15', '2024-10-01 04:31:15', NULL, 1, 1, 35, 36),
(19, 'BUY-000001', 'Prosacco-Macejkovic', 'Prosacco-Macejkovic', 1, 'Maiores soluta rem corporis a vitae veniam qui.', '1-323-415-7357', 'jwehner@example.com', '2024-10-01 04:31:15', '2024-10-01 04:31:15', NULL, 1, 1, 37, 38),
(20, 'BUY-000001', 'Lang Ltd', 'Lang Ltd', 1, 'Odio laudantium sunt ipsum tempora est.', '1-757-460-4404', 'bergnaum.neil@example.com', '2024-10-01 04:31:15', '2024-10-01 04:31:15', NULL, 1, 1, 39, 40),
(21, 'BUY-000001', 'Stokes-Ryan', 'Stokes-Ryan', 1, 'Explicabo ut et et magnam sit.', '+1 (347) 226-8978', 'elody.jones@example.net', '2024-10-01 04:31:15', '2024-10-01 04:31:15', NULL, 1, 1, 41, 42),
(22, 'BUY-000001', 'Bauch Inc', 'Bauch Inc', 1, 'Voluptas vitae sint velit corporis.', '+14843934661', 'pierce01@example.net', '2024-10-01 04:31:15', '2024-10-01 04:31:15', NULL, 1, 1, 43, 44),
(23, 'BUY-000001', 'Collins PLC', 'Collins PLC', 1, 'Et eum voluptatem nam a veritatis.', '+14588465410', 'zola.huel@example.com', '2024-10-01 04:31:15', '2024-10-01 04:31:15', NULL, 2, 1, 45, 46),
(24, 'BUY-000001', 'Runolfsdottir-Maggio', 'Runolfsdottir-Maggio', 1, 'Esse nesciunt sint facere.', '978-965-2967', 'frida79@example.org', '2024-10-01 04:31:15', '2024-10-01 04:31:15', NULL, 1, 1, 47, 48),
(25, 'BUY-000001', 'Batz, Turner and VonRueden', 'Batz, Turner and VonRueden', 1, 'Error quae similique officia nobis nisi.', '+1-517-546-0218', 'xdicki@example.org', '2024-10-01 04:31:15', '2024-10-01 04:31:15', NULL, 2, 1, 49, 50),
(26, 'BUY-000001', 'Kunde-Treutel', 'Kunde-Treutel', 1, 'Sunt omnis in natus ab officia ab.', '+1-947-313-0289', 'schumm.bridgette@example.com', '2024-10-01 04:31:15', '2024-10-01 04:31:15', NULL, 1, 1, 51, 52),
(27, 'BUY-000001', 'Zieme, Christiansen and Upton', 'Zieme, Christiansen and Upton', 1, 'Voluptatum cum dolorem nam nisi quam eum sed.', '(309) 775-0486', 'becker.ed@example.org', '2024-10-01 04:31:15', '2024-10-01 04:31:15', NULL, 2, 1, 53, 54),
(28, 'BUY-000001', 'Batz Inc', 'Batz Inc', 1, 'Quidem qui nihil impedit quidem facere accusamus.', '+1 (218) 946-2911', 'kreynolds@example.com', '2024-10-01 04:31:15', '2024-10-01 04:31:15', NULL, 2, 1, 55, 56),
(29, 'BUY-000001', 'Cummings LLC', 'Cummings LLC', 1, 'Omnis adipisci iste fugit est quas.', '949.561.4983', 'alf.luettgen@example.com', '2024-10-01 04:31:15', '2024-10-01 04:31:15', NULL, 2, 1, 57, 58),
(30, 'BUY-000001', 'Bernhard LLC', 'Bernhard LLC', 1, 'Ut aut numquam voluptatem officia debitis.', '862-866-1096', 'dylan01@example.com', '2024-10-01 04:31:15', '2024-10-01 04:31:15', NULL, 2, 1, 59, 60),
(31, 'BUY-000001', 'Parker-Funk', 'Parker-Funk', 1, 'Dolore aut officia distinctio autem eveniet.', '+1-831-368-5669', 'owaelchi@example.net', '2024-10-01 04:31:15', '2024-10-01 04:31:15', NULL, 1, 1, 61, 62),
(32, 'BUY-000001', 'Cartwright, Stokes and Ward', 'Cartwright, Stokes and Ward', 1, 'Eum eos dolore a architecto sapiente aut suscipit.', '+1.508.833.1536', 'gunner54@example.org', '2024-10-01 04:31:15', '2024-10-01 04:31:15', NULL, 2, 1, 63, 64),
(33, 'BUY-000001', 'Rohan Ltd', 'Rohan Ltd', 1, 'Laborum quo eos quasi voluptatum in vero quaerat.', '858.748.2650', 'ferne16@example.org', '2024-10-01 04:31:15', '2024-10-01 04:31:15', NULL, 1, 1, 65, 66),
(34, 'BUY-000001', 'Kessler-Conn', 'Kessler-Conn', 1, 'Ipsam quis nemo at.', '(872) 725-6047', 'amaya38@example.net', '2024-10-01 04:31:15', '2024-10-01 04:31:15', NULL, 2, 1, 67, 68),
(35, 'BUY-000001', 'Rath PLC', 'Rath PLC', 1, 'Aperiam quod vero ut sit cumque.', '1-240-824-7547', 'conor65@example.com', '2024-10-01 04:31:15', '2024-10-01 04:31:15', NULL, 1, 1, 69, 70),
(36, 'BUY-000001', 'Larkin-Dibbert', 'Larkin-Dibbert', 1, 'Eum qui eveniet nihil quis saepe.', '479-975-7479', 'ernestina.jacobs@example.net', '2024-10-01 04:31:15', '2024-10-01 04:31:15', NULL, 1, 1, 71, 72),
(37, 'BUY-000001', 'Ondricka Inc', 'Ondricka Inc', 1, 'Quam doloribus est aspernatur porro saepe sint cum.', '+1 (562) 232-6555', 'savion81@example.net', '2024-10-01 04:31:15', '2024-10-01 04:31:15', NULL, 1, 1, 73, 74),
(38, 'BUY-000001', 'Beatty Group', 'Beatty Group', 1, 'Eligendi dolor et magnam vel qui.', '463.797.4906', 'lance41@example.net', '2024-10-01 04:31:15', '2024-10-01 04:31:15', NULL, 2, 1, 75, 76),
(39, 'BUY-000001', 'Russel-Lind', 'Russel-Lind', 1, 'Officia nihil ullam et nisi consequuntur.', '(941) 757-0668', 'jenifer.gusikowski@example.com', '2024-10-01 04:31:15', '2024-10-01 04:31:15', NULL, 1, 1, 77, 78),
(40, 'BUY-000001', 'Krajcik-Kuphal', 'Krajcik-Kuphal', 1, 'Perspiciatis aut porro molestiae eligendi libero.', '+1-231-962-8545', 'barbara02@example.net', '2024-10-01 04:31:15', '2024-10-01 04:31:15', NULL, 2, 1, 79, 80),
(41, 'BUY-000001', 'Corwin-Crona', 'Corwin-Crona', 1, 'Facilis laudantium voluptates repellat voluptatem nesciunt quisquam.', '(818) 450-3741', 'gschumm@example.com', '2024-10-01 04:31:15', '2024-10-01 04:31:15', NULL, 2, 1, 81, 82),
(42, 'BUY-000001', 'Strosin-Lueilwitz', 'Strosin-Lueilwitz', 1, 'Nesciunt praesentium totam quo laudantium molestiae itaque optio.', '+1 (567) 951-7607', 'egraham@example.org', '2024-10-01 04:31:15', '2024-10-01 04:31:15', NULL, 1, 1, 83, 84),
(43, 'BUY-000001', 'Collins-Lowe', 'Collins-Lowe', 1, 'Quos placeat tempore deleniti aut.', '+1.903.302.3975', 'renner.adaline@example.net', '2024-10-01 04:31:15', '2024-10-01 04:31:15', NULL, 2, 1, 85, 86),
(44, 'BUY-000001', 'Schimmel-Gleichner', 'Schimmel-Gleichner', 1, 'Cumque distinctio iure autem error qui.', '(941) 238-7010', 'enrico.grady@example.net', '2024-10-01 04:31:15', '2024-10-01 04:31:15', NULL, 1, 1, 87, 88),
(45, 'BUY-000001', 'McDermott-Ebert', 'McDermott-Ebert', 1, 'Ut quibusdam est cumque sit.', '346-558-7792', 'fbuckridge@example.net', '2024-10-01 04:31:15', '2024-10-01 04:31:15', NULL, 2, 1, 89, 90),
(46, 'BUY-000001', 'Zboncak and Sons', 'Zboncak and Sons', 1, 'Quos voluptas eos nostrum hic iusto molestiae.', '331.692.0705', 'beahan.ofelia@example.org', '2024-10-01 04:31:15', '2024-10-01 04:31:15', NULL, 1, 1, 91, 92),
(47, 'BUY-000001', 'Schneider Inc', 'Schneider Inc', 1, 'Accusantium ad dolorum dolores aperiam vel.', '1-831-946-4365', 'lblick@example.org', '2024-10-01 04:31:15', '2024-10-01 04:31:15', NULL, 2, 1, 93, 94),
(48, 'BUY-000001', 'Bartell Inc', 'Bartell Inc', 1, 'Officia nemo earum voluptatibus est aut voluptas mollitia.', '+12766196335', 'xcarroll@example.org', '2024-10-01 04:31:15', '2024-10-01 04:31:15', NULL, 2, 1, 95, 96),
(49, 'BUY-000001', 'Flatley LLC', 'Flatley LLC', 1, 'Nisi temporibus error unde non.', '828.908.8839', 'wyman17@example.org', '2024-10-01 04:31:15', '2024-10-01 04:31:15', NULL, 2, 1, 97, 98),
(50, 'BUY-000001', 'Kulas, Bernier and McDermott', 'Kulas, Bernier and McDermott', 1, 'Qui accusamus aut deleniti expedita doloremque inventore qui.', '+1 (725) 972-3638', 'kohler.deondre@example.net', '2024-10-01 04:31:15', '2024-10-01 04:31:15', NULL, 1, 1, 99, 100);

--
-- Restore previous SQL mode
--
/*!40101 SET SQL_MODE=@OLD_SQL_MODE */;

--
-- Enable foreign keys
--
/*!40014 SET FOREIGN_KEY_CHECKS = @OLD_FOREIGN_KEY_CHECKS */;